sample_id,gse,gpl,ajhg_group,ajhg_abbrev,ajhg_gene,case_control,raw_label_text,metadata_sources_used,dataset_downloaded_qcdpb,dataset_downloaded_metadata,dataset_downloaded_gse_betas,dataset_source,dataset_timestamp,dataset_qcdpb_path,dataset_qcdpb_sha256,dataset_n_samples,dataset_n_features,dataset_metadata_path,dataset_metadata_sha256,meta_GSM_ID,meta_title,meta_geo_accession,meta_status,meta_submission_date,meta_last_update_date,meta_type,meta_channel_count,meta_source_name_ch1,meta_organism_ch1,meta_characteristics_ch1,meta_characteristics_ch1.1,meta_treatment_protocol_ch1,meta_growth_protocol_ch1,meta_molecule_ch1,meta_extract_protocol_ch1,meta_label_ch1,meta_label_protocol_ch1,meta_taxid_ch1,meta_hyb_protocol,meta_scan_protocol,meta_description,meta_data_processing,meta_platform_id,meta_contact_name,meta_contact_email,meta_contact_department,meta_contact_institute,meta_contact_address,meta_contact_city,meta_contact_state,meta_contact_zip/postal_code,meta_contact_country,meta_supplementary_file,meta_supplementary_file.1,meta_data_row_count,meta_disease state:ch1,meta_tissue:ch1,meta__metadata_source,meta_gse,meta_gpl,meta_ajhg_group,meta_ajhg_abbrev,meta_ajhg_gene,meta_case_control,meta_raw_label_text,meta_metadata_sources_used,meta_dataset_downloaded_qcdpb,meta_dataset_downloaded_metadata,meta_dataset_downloaded_gse_betas,meta_dataset_source,meta_dataset_timestamp,meta_dataset_qcdpb_path,meta_dataset_qcdpb_sha256,meta_dataset_n_samples,meta_dataset_n_features,meta_dataset_metadata_path,meta_dataset_metadata_sha256,meta_meta_GSM_ID,meta_meta_title,meta_meta_geo_accession,meta_meta_status,meta_meta_submission_date,meta_meta_last_update_date,meta_meta_type,meta_meta_channel_count,meta_meta_source_name_ch1,meta_meta_organism_ch1,meta_meta_characteristics_ch1,meta_meta_characteristics_ch1.1,meta_meta_treatment_protocol_ch1,meta_meta_growth_protocol_ch1,meta_meta_molecule_ch1,meta_meta_extract_protocol_ch1,meta_meta_label_ch1,meta_meta_label_protocol_ch1,meta_meta_taxid_ch1,meta_meta_hyb_protocol,meta_meta_scan_protocol,meta_meta_description,meta_meta_data_processing,meta_meta_platform_id,meta_meta_contact_name,meta_meta_contact_email,meta_meta_contact_department,meta_meta_contact_institute,meta_meta_contact_address,meta_meta_contact_city,meta_meta_contact_state,meta_meta_contact_zip/postal_code,meta_meta_contact_country,meta_meta_supplementary_file,meta_meta_supplementary_file.1,meta_meta_data_row_count,meta_meta_disease state:ch1,meta_meta_tissue:ch1,meta_meta__metadata_source,meta_meta_gse,meta_meta_gpl,meta_meta_ajhg_group,meta_meta_ajhg_abbrev,meta_meta_ajhg_gene,meta_meta_case_control,meta_meta_raw_label_text,meta_meta_metadata_sources_used,meta_meta_dataset_downloaded_qcdpb,meta_meta_dataset_downloaded_metadata,meta_meta_dataset_downloaded_gse_betas,meta_meta_dataset_source,meta_meta_dataset_timestamp,meta_meta_dataset_qcdpb_path,meta_meta_dataset_qcdpb_sha256,meta_meta_dataset_n_samples,meta_meta_dataset_n_features,meta_meta_dataset_metadata_path,meta_meta_dataset_metadata_sha256,meta_meta_meta_GSM_ID,meta_meta_meta_title,meta_meta_meta_geo_accession,meta_meta_meta_status,meta_meta_meta_submission_date,meta_meta_meta_last_update_date,meta_meta_meta_type,meta_meta_meta_channel_count,meta_meta_meta_source_name_ch1,meta_meta_meta_organism_ch1,meta_meta_meta_characteristics_ch1,meta_meta_meta_characteristics_ch1.1,meta_meta_meta_treatment_protocol_ch1,meta_meta_meta_growth_protocol_ch1,meta_meta_meta_molecule_ch1,meta_meta_meta_extract_protocol_ch1,meta_meta_meta_label_ch1,meta_meta_meta_label_protocol_ch1,meta_meta_meta_taxid_ch1,meta_meta_meta_hyb_protocol,meta_meta_meta_scan_protocol,meta_meta_meta_description,meta_meta_meta_data_processing,meta_meta_meta_platform_id,meta_meta_meta_contact_name,meta_meta_meta_contact_email,meta_meta_meta_contact_department,meta_meta_meta_contact_institute,meta_meta_meta_contact_address,meta_meta_meta_contact_city,meta_meta_meta_contact_state,meta_meta_meta_contact_zip/postal_code,meta_meta_meta_contact_country,meta_meta_meta_supplementary_file,meta_meta_meta_supplementary_file.1,meta_meta_meta_data_row_count,meta_meta_meta_disease state:ch1,meta_meta_meta_tissue:ch1,meta_meta_meta__metadata_source,meta_meta_meta_contact_laboratory,meta_meta_meta_age (years):ch1,meta_meta_meta_Sex:ch1,meta_meta_meta_gender:ch1,meta_meta_meta_tissue/cell type:ch1,meta_meta_paper_abbrev,meta_meta_paper_underlying_genes,meta_meta_paper_mim_numbers,meta_meta_paper_training_n,meta_meta_paper_testing_n,meta_meta_paper_episignature_detected,meta_meta_baf_subtype,meta_meta_baf_gene_inferred,meta_meta_contact_laboratory,meta_meta_age (years):ch1,meta_meta_Sex:ch1,meta_meta_gender:ch1,meta_meta_tissue/cell type:ch1,meta_paper_abbrev,meta_paper_underlying_genes,meta_paper_mim_numbers,meta_paper_training_n,meta_paper_testing_n,meta_paper_episignature_detected,meta_baf_subtype,meta_baf_gene_inferred,meta_contact_laboratory,meta_age (years):ch1,meta_Sex:ch1,meta_gender:ch1,meta_tissue/cell type:ch1,paper_abbrev,paper_underlying_genes,paper_mim_numbers,paper_training_n,paper_testing_n,paper_episignature_detected,baf_subtype,baf_gene_inferred
GSE116992_GPL13534_sample_0,GSE116992,GPL13534,BAFopathy,BAFopathy,"ARID1A,ARID1B,SMARCB1,SMARCA4,SMARCA2",case,ms0674_coffin-siris syndrome 1 ms0674 disease state: coffin-siris syndrome sample 1,"CpGCorpus,existing",True,True,False,cpgcorpus,2026-02-18T12:08:16.114837,data/ajhg2020/GSE116992/GPL13534/betas/QCDPB.arrow,fe0f76ef5a2ad4cd5fc014fb2292df31fa0c6aa32294a7a6b25cdbde88a44e99,7.0,485579.0,data/ajhg2020/GSE116992/GPL13534/metadata/metadata.arrow,370d204121de92891c6c4c644210b07df9b2517453e8d811b3fe2788d196e712,GSM3267080,MS0674_Coffin-Siris Syndrome 1,GSM3267080,Public on Nov 07 2018,Jul 12 2018,Nov 07 2018,genomic,1,MS0674,Homo sapiens,disease state: Coffin-Siris syndrome,tissue: Whole Blood,N/A,N/A,genomic DNA,Standard DNA extraction from blood,Cy5 and Cy3,According to the manufacturer's protocol,9606,According to the manufacturer's protocol,iScan,SAMPLE 1,"Illumina Normalization method with background correction, using minfi package in R 3.4.2",GPL13534,"Bekim,,Sadikovic",bekim.sadikovic@lhsc.on.ca,Pathology and Laboratory Medicine,University of Western Ontario,800 Commissioners Rd E,London,Ontario,N6A 5W9,Canada,ftp://ftp.ncbi.nlm.nih.gov/geo/samples/GSM3267nnn/GSM3267080/suppl/GSM3267080_101032560039_R02C01_Grn.idat.gz,ftp://ftp.ncbi.nlm.nih.gov/geo/samples/GSM3267nnn/GSM3267080/suppl/GSM3267080_101032560039_R02C01_Red.idat.gz,485512,Coffin-Siris syndrome,Whole Blood,cpgcorpus,,,,,,,,,,,,,,,,,,,,,,,,,,,,,,,,,,,,,,,,,,,,,,,,,,,,,,,,,,,,,,,,,,,,,,,,,,,,,,,,,,,,,,,,,,,,,,,,,,,,,,,,,,,,,,,,,,,,,,,,,,,,,,,,,,,,,,,,,,,,,,,,,,,,BAFopathy,"ARID1A,ARID1B,SMARCB1,SMARCA4,SMARCA2",614607; 135900; 614609; 614608; 601358,50.0,19.0,yes,CSS1,ARID1B
GSE116992_GPL13534_sample_1,GSE116992,GPL13534,BAFopathy,BAFopathy,"ARID1A,ARID1B,SMARCB1,SMARCA4,SMARCA2",case,ms0676_coffin-siris syndrome 1 ms0676 disease state: coffin-siris syndrome sample 2,"CpGCorpus,existing",True,True,False,cpgcorpus,2026-02-18T12:08:16.114837,data/ajhg2020/GSE116992/GPL13534/betas/QCDPB.arrow,fe0f76ef5a2ad4cd5fc014fb2292df31fa0c6aa32294a7a6b25cdbde88a44e99,7.0,485579.0,data/ajhg2020/GSE116992/GPL13534/metadata/metadata.arrow,370d204121de92891c6c4c644210b07df9b2517453e8d811b3fe2788d196e712,GSM3267081,MS0676_Coffin-Siris Syndrome 1,GSM3267081,Public on Nov 07 2018,Jul 12 2018,Nov 07 2018,genomic,1,MS0676,Homo sapiens,disease state: Coffin-Siris syndrome,tissue: Whole Blood,N/A,N/A,genomic DNA,Standard DNA extraction from blood,Cy5 and Cy3,According to the manufacturer's protocol,9606,According to the manufacturer's protocol,iScan,SAMPLE 2,"Illumina Normalization method with background correction, using minfi package in R 3.4.2",GPL13534,"Bekim,,Sadikovic",bekim.sadikovic@lhsc.on.ca,Pathology and Laboratory Medicine,University of Western Ontario,800 Commissioners Rd E,London,Ontario,N6A 5W9,Canada,ftp://ftp.ncbi.nlm.nih.gov/geo/samples/GSM3267nnn/GSM3267081/suppl/GSM3267081_101032560039_R03C01_Grn.idat.gz,ftp://ftp.ncbi.nlm.nih.gov/geo/samples/GSM3267nnn/GSM3267081/suppl/GSM3267081_101032560039_R03C01_Red.idat.gz,485512,Coffin-Siris syndrome,Whole Blood,cpgcorpus,,,,,,,,,,,,,,,,,,,,,,,,,,,,,,,,,,,,,,,,,,,,,,,,,,,,,,,,,,,,,,,,,,,,,,,,,,,,,,,,,,,,,,,,,,,,,,,,,,,,,,,,,,,,,,,,,,,,,,,,,,,,,,,,,,,,,,,,,,,,,,,,,,,,BAFopathy,"ARID1A,ARID1B,SMARCB1,SMARCA4,SMARCA2",614607; 135900; 614609; 614608; 601358,50.0,19.0,yes,CSS1,ARID1B
GSE116992_GPL13534_sample_2,GSE116992,GPL13534,BAFopathy,BAFopathy,"ARID1A,ARID1B,SMARCB1,SMARCA4,SMARCA2",case,ms0678_coffin-siris syndrome 1 ms0678 disease state: coffin-siris syndrome sample 3,"CpGCorpus,existing",True,True,False,cpgcorpus,2026-02-18T12:08:16.114837,data/ajhg2020/GSE116992/GPL13534/betas/QCDPB.arrow,fe0f76ef5a2ad4cd5fc014fb2292df31fa0c6aa32294a7a6b25cdbde88a44e99,7.0,485579.0,data/ajhg2020/GSE116992/GPL13534/metadata/metadata.arrow,370d204121de92891c6c4c644210b07df9b2517453e8d811b3fe2788d196e712,GSM3267082,MS0678_Coffin-Siris Syndrome 1,GSM3267082,Public on Nov 07 2018,Jul 12 2018,Nov 07 2018,genomic,1,MS0678,Homo sapiens,disease state: Coffin-Siris syndrome,tissue: Whole Blood,N/A,N/A,genomic DNA,Standard DNA extraction from blood,Cy5 and Cy3,According to the manufacturer's protocol,9606,According to the manufacturer's protocol,iScan,SAMPLE 3,"Illumina Normalization method with background correction, using minfi package in R 3.4.2",GPL13534,"Bekim,,Sadikovic",bekim.sadikovic@lhsc.on.ca,Pathology and Laboratory Medicine,University of Western Ontario,800 Commissioners Rd E,London,Ontario,N6A 5W9,Canada,ftp://ftp.ncbi.nlm.nih.gov/geo/samples/GSM3267nnn/GSM3267082/suppl/GSM3267082_101032560039_R04C01_Grn.idat.gz,ftp://ftp.ncbi.nlm.nih.gov/geo/samples/GSM3267nnn/GSM3267082/suppl/GSM3267082_101032560039_R04C01_Red.idat.gz,485512,Coffin-Siris syndrome,Whole Blood,cpgcorpus,,,,,,,,,,,,,,,,,,,,,,,,,,,,,,,,,,,,,,,,,,,,,,,,,,,,,,,,,,,,,,,,,,,,,,,,,,,,,,,,,,,,,,,,,,,,,,,,,,,,,,,,,,,,,,,,,,,,,,,,,,,,,,,,,,,,,,,,,,,,,,,,,,,,BAFopathy,"ARID1A,ARID1B,SMARCB1,SMARCA4,SMARCA2",614607; 135900; 614609; 614608; 601358,50.0,19.0,yes,CSS1,ARID1B
GSE116992_GPL13534_sample_3,GSE116992,GPL13534,BAFopathy,BAFopathy,"ARID1A,ARID1B,SMARCB1,SMARCA4,SMARCA2",case,ms0679_coffin-siris syndrome 3 ms0679 disease state: coffin-siris syndrome sample 4,"CpGCorpus,existing",True,True,False,cpgcorpus,2026-02-18T12:08:16.114837,data/ajhg2020/GSE116992/GPL13534/betas/QCDPB.arrow,fe0f76ef5a2ad4cd5fc014fb2292df31fa0c6aa32294a7a6b25cdbde88a44e99,7.0,485579.0,data/ajhg2020/GSE116992/GPL13534/metadata/metadata.arrow,370d204121de92891c6c4c644210b07df9b2517453e8d811b3fe2788d196e712,GSM3267083,MS0679_Coffin-Siris Syndrome 3,GSM3267083,Public on Nov 07 2018,Jul 12 2018,Nov 07 2018,genomic,1,MS0679,Homo sapiens,disease state: Coffin-Siris syndrome,tissue: Whole Blood,N/A,N/A,genomic DNA,Standard DNA extraction from blood,Cy5 and Cy3,According to the manufacturer's protocol,9606,According to the manufacturer's protocol,iScan,SAMPLE 4,"Illumina Normalization method with background correction, using minfi package in R 3.4.2",GPL13534,"Bekim,,Sadikovic",bekim.sadikovic@lhsc.on.ca,Pathology and Laboratory Medicine,University of Western Ontario,800 Commissioners Rd E,London,Ontario,N6A 5W9,Canada,ftp://ftp.ncbi.nlm.nih.gov/geo/samples/GSM3267nnn/GSM3267083/suppl/GSM3267083_101032560039_R04C02_Grn.idat.gz,ftp://ftp.ncbi.nlm.nih.gov/geo/samples/GSM3267nnn/GSM3267083/suppl/GSM3267083_101032560039_R04C02_Red.idat.gz,485512,Coffin-Siris syndrome,Whole Blood,cpgcorpus,,,,,,,,,,,,,,,,,,,,,,,,,,,,,,,,,,,,,,,,,,,,,,,,,,,,,,,,,,,,,,,,,,,,,,,,,,,,,,,,,,,,,,,,,,,,,,,,,,,,,,,,,,,,,,,,,,,,,,,,,,,,,,,,,,,,,,,,,,,,,,,,,,,,BAFopathy,"ARID1A,ARID1B,SMARCB1,SMARCA4,SMARCA2",614607; 135900; 614609; 614608; 601358,50.0,19.0,yes,CSS3,SMARCB1
GSE116992_GPL13534_sample_4,GSE116992,GPL13534,BAFopathy,BAFopathy,"ARID1A,ARID1B,SMARCB1,SMARCA4,SMARCA2",case,ms0680_coffin-siris syndrome 1 ms0680 disease state: coffin-siris syndrome sample 5,"CpGCorpus,existing",True,True,False,cpgcorpus,2026-02-18T12:08:16.114837,data/ajhg2020/GSE116992/GPL13534/betas/QCDPB.arrow,fe0f76ef5a2ad4cd5fc014fb2292df31fa0c6aa32294a7a6b25cdbde88a44e99,7.0,485579.0,data/ajhg2020/GSE116992/GPL13534/metadata/metadata.arrow,370d204121de92891c6c4c644210b07df9b2517453e8d811b3fe2788d196e712,GSM3267084,MS0680_Coffin-Siris Syndrome 1,GSM3267084,Public on Nov 07 2018,Jul 12 2018,Nov 07 2018,genomic,1,MS0680,Homo sapiens,disease state: Coffin-Siris syndrome,tissue: Whole Blood,N/A,N/A,genomic DNA,Standard DNA extraction from blood,Cy5 and Cy3,According to the manufacturer's protocol,9606,According to the manufacturer's protocol,iScan,SAMPLE 5,"Illumina Normalization method with background correction, using minfi package in R 3.4.2",GPL13534,"Bekim,,Sadikovic",bekim.sadikovic@lhsc.on.ca,Pathology and Laboratory Medicine,University of Western Ontario,800 Commissioners Rd E,London,Ontario,N6A 5W9,Canada,ftp://ftp.ncbi.nlm.nih.gov/geo/samples/GSM3267nnn/GSM3267084/suppl/GSM3267084_101032560039_R05C01_Grn.idat.gz,ftp://ftp.ncbi.nlm.nih.gov/geo/samples/GSM3267nnn/GSM3267084/suppl/GSM3267084_101032560039_R05C01_Red.idat.gz,485512,Coffin-Siris syndrome,Whole Blood,cpgcorpus,,,,,,,,,,,,,,,,,,,,,,,,,,,,,,,,,,,,,,,,,,,,,,,,,,,,,,,,,,,,,,,,,,,,,,,,,,,,,,,,,,,,,,,,,,,,,,,,,,,,,,,,,,,,,,,,,,,,,,,,,,,,,,,,,,,,,,,,,,,,,,,,,,,,BAFopathy,"ARID1A,ARID1B,SMARCB1,SMARCA4,SMARCA2",614607; 135900; 614609; 614608; 601358,50.0,19.0,yes,CSS1,ARID1B
GSE116992_GPL13534_sample_5,GSE116992,GPL13534,BAFopathy,BAFopathy,"ARID1A,ARID1B,SMARCB1,SMARCA4,SMARCA2",case,ms0681_coffin-siris syndrome 3 ms0681 disease state: coffin-siris syndrome sample 6,"CpGCorpus,existing",True,True,False,cpgcorpus,2026-02-18T12:08:16.114837,data/ajhg2020/GSE116992/GPL13534/betas/QCDPB.arrow,fe0f76ef5a2ad4cd5fc014fb2292df31fa0c6aa32294a7a6b25cdbde88a44e99,7.0,485579.0,data/ajhg2020/GSE116992/GPL13534/metadata/metadata.arrow,370d204121de92891c6c4c644210b07df9b2517453e8d811b3fe2788d196e712,GSM3267085,MS0681_Coffin-Siris Syndrome 3,GSM3267085,Public on Nov 07 2018,Jul 12 2018,Nov 07 2018,genomic,1,MS0681,Homo sapiens,disease state: Coffin-Siris syndrome,tissue: Whole Blood,N/A,N/A,genomic DNA,Standard DNA extraction from blood,Cy5 and Cy3,According to the manufacturer's protocol,9606,According to the manufacturer's protocol,iScan,SAMPLE 6,"Illumina Normalization method with background correction, using minfi package in R 3.4.2",GPL13534,"Bekim,,Sadikovic",bekim.sadikovic@lhsc.on.ca,Pathology and Laboratory Medicine,University of Western Ontario,800 Commissioners Rd E,London,Ontario,N6A 5W9,Canada,ftp://ftp.ncbi.nlm.nih.gov/geo/samples/GSM3267nnn/GSM3267085/suppl/GSM3267085_101032560039_R05C02_Grn.idat.gz,ftp://ftp.ncbi.nlm.nih.gov/geo/samples/GSM3267nnn/GSM3267085/suppl/GSM3267085_101032560039_R05C02_Red.idat.gz,485512,Coffin-Siris syndrome,Whole Blood,cpgcorpus,,,,,,,,,,,,,,,,,,,,,,,,,,,,,,,,,,,,,,,,,,,,,,,,,,,,,,,,,,,,,,,,,,,,,,,,,,,,,,,,,,,,,,,,,,,,,,,,,,,,,,,,,,,,,,,,,,,,,,,,,,,,,,,,,,,,,,,,,,,,,,,,,,,,BAFopathy,"ARID1A,ARID1B,SMARCB1,SMARCA4,SMARCA2",614607; 135900; 614609; 614608; 601358,50.0,19.0,yes,CSS1,ARID1B
GSE116992_GPL13534_sample_6,GSE116992,GPL13534,BAFopathy,BAFopathy,"ARID1A,ARID1B,SMARCB1,SMARCA4,SMARCA2",case,ms0683_coffin-siris syndrome 3 ms0683 disease state: coffin-siris syndrome sample 7,"CpGCorpus,existing",True,True,False,cpgcorpus,2026-02-18T12:08:16.114837,data/ajhg2020/GSE116992/GPL13534/betas/QCDPB.arrow,fe0f76ef5a2ad4cd5fc014fb2292df31fa0c6aa32294a7a6b25cdbde88a44e99,7.0,485579.0,data/ajhg2020/GSE116992/GPL13534/metadata/metadata.arrow,370d204121de92891c6c4c644210b07df9b2517453e8d811b3fe2788d196e712,GSM3267086,MS0683_Coffin-Siris Syndrome 3,GSM3267086,Public on Nov 07 2018,Jul 12 2018,Nov 07 2018,genomic,1,MS0683,Homo sapiens,disease state: Coffin-Siris syndrome,tissue: Whole Blood,N/A,N/A,genomic DNA,Standard DNA extraction from blood,Cy5 and Cy3,According to the manufacturer's protocol,9606,According to the manufacturer's protocol,iScan,SAMPLE 7,"Illumina Normalization method with background correction, using minfi package in R 3.4.2",GPL13534,"Bekim,,Sadikovic",bekim.sadikovic@lhsc.on.ca,Pathology and Laboratory Medicine,University of Western Ontario,800 Commissioners Rd E,London,Ontario,N6A 5W9,Canada,ftp://ftp.ncbi.nlm.nih.gov/geo/samples/GSM3267nnn/GSM3267086/suppl/GSM3267086_101032560039_R06C02_Grn.idat.gz,ftp://ftp.ncbi.nlm.nih.gov/geo/samples/GSM3267nnn/GSM3267086/suppl/GSM3267086_101032560039_R06C02_Red.idat.gz,485512,Coffin-Siris syndrome,Whole Blood,cpgcorpus,,,,,,,,,,,,,,,,,,,,,,,,,,,,,,,,,,,,,,,,,,,,,,,,,,,,,,,,,,,,,,,,,,,,,,,,,,,,,,,,,,,,,,,,,,,,,,,,,,,,,,,,,,,,,,,,,,,,,,,,,,,,,,,,,,,,,,,,,,,,,,,,,,,,BAFopathy,"ARID1A,ARID1B,SMARCB1,SMARCA4,SMARCA2",614607; 135900; 614609; 614608; 601358,50.0,19.0,yes,CSS3,SMARCB1
GSE116992_GPL13534_sample_7,GSE116992,GPL13534,BAFopathy,BAFopathy,"ARID1A,ARID1B,SMARCB1,SMARCA4,SMARCA2",case,none none none none,"CpGCorpus,existing",True,True,False,cpgcorpus,2026-02-18T12:08:16.114837,data/ajhg2020/GSE116992/GPL13534/betas/QCDPB.arrow,fe0f76ef5a2ad4cd5fc014fb2292df31fa0c6aa32294a7a6b25cdbde88a44e99,7.0,485579.0,data/ajhg2020/GSE116992/GPL13534/metadata/metadata.arrow,370d204121de92891c6c4c644210b07df9b2517453e8d811b3fe2788d196e712,,,,,,,,,,,,,,,,,,,,,,,,,,,,,,,,,,,,,,,existing,GSE116992,GPL13534,BAFopathy,BAFopathy,"ARID1A,ARID1B,SMARCB1,SMARCA4,SMARCA2",case,ms0674_coffin-siris syndrome 1 ms0674 disease state: coffin-siris syndrome sample 1,"CpGCorpus,existing",True,True,False,cpgcorpus,2026-02-18T12:08:16.114837,data/ajhg2020/GSE116992/GPL13534/betas/QCDPB.arrow,fe0f76ef5a2ad4cd5fc014fb2292df31fa0c6aa32294a7a6b25cdbde88a44e99,7.0,485579.0,data/ajhg2020/GSE116992/GPL13534/metadata/metadata.arrow,370d204121de92891c6c4c644210b07df9b2517453e8d811b3fe2788d196e712,GSM3267080,MS0674_Coffin-Siris Syndrome 1,GSM3267080,Public on Nov 07 2018,Jul 12 2018,Nov 07 2018,genomic,1,MS0674,Homo sapiens,disease state: Coffin-Siris syndrome,tissue: Whole Blood,N/A,N/A,genomic DNA,Standard DNA extraction from blood,Cy5 and Cy3,According to the manufacturer's protocol,9606,According to the manufacturer's protocol,iScan,SAMPLE 1,"Illumina Normalization method with background correction, using minfi package in R 3.4.2",GPL13534,"Bekim,,Sadikovic",bekim.sadikovic@lhsc.on.ca,Pathology and Laboratory Medicine,University of Western Ontario,800 Commissioners Rd E,London,Ontario,N6A 5W9,Canada,ftp://ftp.ncbi.nlm.nih.gov/geo/samples/GSM3267nnn/GSM3267080/suppl/GSM3267080_101032560039_R02C01_Grn.idat.gz,ftp://ftp.ncbi.nlm.nih.gov/geo/samples/GSM3267nnn/GSM3267080/suppl/GSM3267080_101032560039_R02C01_Red.idat.gz,485512,Coffin-Siris syndrome,Whole Blood,cpgcorpus,,,,,,,,,,,,,,,,,,,,,,,,,,,,,,,,,,,,,,,,,,,,,,,,,,,,,,,,,,,,,,,,,,,,,,,,,,,,,BAFopathy,"ARID1A,ARID1B,SMARCB1,SMARCA4,SMARCA2",614607; 135900; 614609; 614608; 601358,50.0,19.0,yes,CSS1,ARID1B,,,,,,BAFopathy,"ARID1A,ARID1B,SMARCB1,SMARCA4,SMARCA2",614607; 135900; 614609; 614608; 601358,50.0,19.0,yes,CSS1,ARID1B
GSE116992_GPL13534_sample_8,GSE116992,GPL13534,BAFopathy,BAFopathy,"ARID1A,ARID1B,SMARCB1,SMARCA4,SMARCA2",case,none none none none,"CpGCorpus,existing",True,True,False,cpgcorpus,2026-02-18T12:08:16.114837,data/ajhg2020/GSE116992/GPL13534/betas/QCDPB.arrow,fe0f76ef5a2ad4cd5fc014fb2292df31fa0c6aa32294a7a6b25cdbde88a44e99,7.0,485579.0,data/ajhg2020/GSE116992/GPL13534/metadata/metadata.arrow,370d204121de92891c6c4c644210b07df9b2517453e8d811b3fe2788d196e712,,,,,,,,,,,,,,,,,,,,,,,,,,,,,,,,,,,,,,,existing,GSE116992,GPL13534,BAFopathy,BAFopathy,"ARID1A,ARID1B,SMARCB1,SMARCA4,SMARCA2",case,ms0676_coffin-siris syndrome 1 ms0676 disease state: coffin-siris syndrome sample 2,"CpGCorpus,existing",True,True,False,cpgcorpus,2026-02-18T12:08:16.114837,data/ajhg2020/GSE116992/GPL13534/betas/QCDPB.arrow,fe0f76ef5a2ad4cd5fc014fb2292df31fa0c6aa32294a7a6b25cdbde88a44e99,7.0,485579.0,data/ajhg2020/GSE116992/GPL13534/metadata/metadata.arrow,370d204121de92891c6c4c644210b07df9b2517453e8d811b3fe2788d196e712,GSM3267081,MS0676_Coffin-Siris Syndrome 1,GSM3267081,Public on Nov 07 2018,Jul 12 2018,Nov 07 2018,genomic,1,MS0676,Homo sapiens,disease state: Coffin-Siris syndrome,tissue: Whole Blood,N/A,N/A,genomic DNA,Standard DNA extraction from blood,Cy5 and Cy3,According to the manufacturer's protocol,9606,According to the manufacturer's protocol,iScan,SAMPLE 2,"Illumina Normalization method with background correction, using minfi package in R 3.4.2",GPL13534,"Bekim,,Sadikovic",bekim.sadikovic@lhsc.on.ca,Pathology and Laboratory Medicine,University of Western Ontario,800 Commissioners Rd E,London,Ontario,N6A 5W9,Canada,ftp://ftp.ncbi.nlm.nih.gov/geo/samples/GSM3267nnn/GSM3267081/suppl/GSM3267081_101032560039_R03C01_Grn.idat.gz,ftp://ftp.ncbi.nlm.nih.gov/geo/samples/GSM3267nnn/GSM3267081/suppl/GSM3267081_101032560039_R03C01_Red.idat.gz,485512,Coffin-Siris syndrome,Whole Blood,cpgcorpus,,,,,,,,,,,,,,,,,,,,,,,,,,,,,,,,,,,,,,,,,,,,,,,,,,,,,,,,,,,,,,,,,,,,,,,,,,,,,BAFopathy,"ARID1A,ARID1B,SMARCB1,SMARCA4,SMARCA2",614607; 135900; 614609; 614608; 601358,50.0,19.0,yes,CSS1,ARID1B,,,,,,BAFopathy,"ARID1A,ARID1B,SMARCB1,SMARCA4,SMARCA2",614607; 135900; 614609; 614608; 601358,50.0,19.0,yes,CSS1,ARID1B
GSE116992_GPL13534_sample_9,GSE116992,GPL13534,BAFopathy,BAFopathy,"ARID1A,ARID1B,SMARCB1,SMARCA4,SMARCA2",case,none none none none,"CpGCorpus,existing",True,True,False,cpgcorpus,2026-02-18T12:08:16.114837,data/ajhg2020/GSE116992/GPL13534/betas/QCDPB.arrow,fe0f76ef5a2ad4cd5fc014fb2292df31fa0c6aa32294a7a6b25cdbde88a44e99,7.0,485579.0,data/ajhg2020/GSE116992/GPL13534/metadata/metadata.arrow,370d204121de92891c6c4c644210b07df9b2517453e8d811b3fe2788d196e712,,,,,,,,,,,,,,,,,,,,,,,,,,,,,,,,,,,,,,,existing,GSE116992,GPL13534,BAFopathy,BAFopathy,"ARID1A,ARID1B,SMARCB1,SMARCA4,SMARCA2",case,ms0678_coffin-siris syndrome 1 ms0678 disease state: coffin-siris syndrome sample 3,"CpGCorpus,existing",True,True,False,cpgcorpus,2026-02-18T12:08:16.114837,data/ajhg2020/GSE116992/GPL13534/betas/QCDPB.arrow,fe0f76ef5a2ad4cd5fc014fb2292df31fa0c6aa32294a7a6b25cdbde88a44e99,7.0,485579.0,data/ajhg2020/GSE116992/GPL13534/metadata/metadata.arrow,370d204121de92891c6c4c644210b07df9b2517453e8d811b3fe2788d196e712,GSM3267082,MS0678_Coffin-Siris Syndrome 1,GSM3267082,Public on Nov 07 2018,Jul 12 2018,Nov 07 2018,genomic,1,MS0678,Homo sapiens,disease state: Coffin-Siris syndrome,tissue: Whole Blood,N/A,N/A,genomic DNA,Standard DNA extraction from blood,Cy5 and Cy3,According to the manufacturer's protocol,9606,According to the manufacturer's protocol,iScan,SAMPLE 3,"Illumina Normalization method with background correction, using minfi package in R 3.4.2",GPL13534,"Bekim,,Sadikovic",bekim.sadikovic@lhsc.on.ca,Pathology and Laboratory Medicine,University of Western Ontario,800 Commissioners Rd E,London,Ontario,N6A 5W9,Canada,ftp://ftp.ncbi.nlm.nih.gov/geo/samples/GSM3267nnn/GSM3267082/suppl/GSM3267082_101032560039_R04C01_Grn.idat.gz,ftp://ftp.ncbi.nlm.nih.gov/geo/samples/GSM3267nnn/GSM3267082/suppl/GSM3267082_101032560039_R04C01_Red.idat.gz,485512,Coffin-Siris syndrome,Whole Blood,cpgcorpus,,,,,,,,,,,,,,,,,,,,,,,,,,,,,,,,,,,,,,,,,,,,,,,,,,,,,,,,,,,,,,,,,,,,,,,,,,,,,BAFopathy,"ARID1A,ARID1B,SMARCB1,SMARCA4,SMARCA2",614607; 135900; 614609; 614608; 601358,50.0,19.0,yes,CSS1,ARID1B,,,,,,BAFopathy,"ARID1A,ARID1B,SMARCB1,SMARCA4,SMARCA2",614607; 135900; 614609; 614608; 601358,50.0,19.0,yes,CSS1,ARID1B
GSE116992_GPL13534_sample_10,GSE116992,GPL13534,BAFopathy,BAFopathy,"ARID1A,ARID1B,SMARCB1,SMARCA4,SMARCA2",case,none none none none,"CpGCorpus,existing",True,True,False,cpgcorpus,2026-02-18T12:08:16.114837,data/ajhg2020/GSE116992/GPL13534/betas/QCDPB.arrow,fe0f76ef5a2ad4cd5fc014fb2292df31fa0c6aa32294a7a6b25cdbde88a44e99,7.0,485579.0,data/ajhg2020/GSE116992/GPL13534/metadata/metadata.arrow,370d204121de92891c6c4c644210b07df9b2517453e8d811b3fe2788d196e712,,,,,,,,,,,,,,,,,,,,,,,,,,,,,,,,,,,,,,,existing,GSE116992,GPL13534,BAFopathy,BAFopathy,"ARID1A,ARID1B,SMARCB1,SMARCA4,SMARCA2",case,ms0679_coffin-siris syndrome 3 ms0679 disease state: coffin-siris syndrome sample 4,"CpGCorpus,existing",True,True,False,cpgcorpus,2026-02-18T12:08:16.114837,data/ajhg2020/GSE116992/GPL13534/betas/QCDPB.arrow,fe0f76ef5a2ad4cd5fc014fb2292df31fa0c6aa32294a7a6b25cdbde88a44e99,7.0,485579.0,data/ajhg2020/GSE116992/GPL13534/metadata/metadata.arrow,370d204121de92891c6c4c644210b07df9b2517453e8d811b3fe2788d196e712,GSM3267083,MS0679_Coffin-Siris Syndrome 3,GSM3267083,Public on Nov 07 2018,Jul 12 2018,Nov 07 2018,genomic,1,MS0679,Homo sapiens,disease state: Coffin-Siris syndrome,tissue: Whole Blood,N/A,N/A,genomic DNA,Standard DNA extraction from blood,Cy5 and Cy3,According to the manufacturer's protocol,9606,According to the manufacturer's protocol,iScan,SAMPLE 4,"Illumina Normalization method with background correction, using minfi package in R 3.4.2",GPL13534,"Bekim,,Sadikovic",bekim.sadikovic@lhsc.on.ca,Pathology and Laboratory Medicine,University of Western Ontario,800 Commissioners Rd E,London,Ontario,N6A 5W9,Canada,ftp://ftp.ncbi.nlm.nih.gov/geo/samples/GSM3267nnn/GSM3267083/suppl/GSM3267083_101032560039_R04C02_Grn.idat.gz,ftp://ftp.ncbi.nlm.nih.gov/geo/samples/GSM3267nnn/GSM3267083/suppl/GSM3267083_101032560039_R04C02_Red.idat.gz,485512,Coffin-Siris syndrome,Whole Blood,cpgcorpus,,,,,,,,,,,,,,,,,,,,,,,,,,,,,,,,,,,,,,,,,,,,,,,,,,,,,,,,,,,,,,,,,,,,,,,,,,,,,BAFopathy,"ARID1A,ARID1B,SMARCB1,SMARCA4,SMARCA2",614607; 135900; 614609; 614608; 601358,50.0,19.0,yes,CSS3,SMARCB1,,,,,,BAFopathy,"ARID1A,ARID1B,SMARCB1,SMARCA4,SMARCA2",614607; 135900; 614609; 614608; 601358,50.0,19.0,yes,CSS3,SMARCB1
GSE116992_GPL13534_sample_11,GSE116992,GPL13534,BAFopathy,BAFopathy,"ARID1A,ARID1B,SMARCB1,SMARCA4,SMARCA2",case,none none none none,"CpGCorpus,existing",True,True,False,cpgcorpus,2026-02-18T12:08:16.114837,data/ajhg2020/GSE116992/GPL13534/betas/QCDPB.arrow,fe0f76ef5a2ad4cd5fc014fb2292df31fa0c6aa32294a7a6b25cdbde88a44e99,7.0,485579.0,data/ajhg2020/GSE116992/GPL13534/metadata/metadata.arrow,370d204121de92891c6c4c644210b07df9b2517453e8d811b3fe2788d196e712,,,,,,,,,,,,,,,,,,,,,,,,,,,,,,,,,,,,,,,existing,GSE116992,GPL13534,BAFopathy,BAFopathy,"ARID1A,ARID1B,SMARCB1,SMARCA4,SMARCA2",case,ms0680_coffin-siris syndrome 1 ms0680 disease state: coffin-siris syndrome sample 5,"CpGCorpus,existing",True,True,False,cpgcorpus,2026-02-18T12:08:16.114837,data/ajhg2020/GSE116992/GPL13534/betas/QCDPB.arrow,fe0f76ef5a2ad4cd5fc014fb2292df31fa0c6aa32294a7a6b25cdbde88a44e99,7.0,485579.0,data/ajhg2020/GSE116992/GPL13534/metadata/metadata.arrow,370d204121de92891c6c4c644210b07df9b2517453e8d811b3fe2788d196e712,GSM3267084,MS0680_Coffin-Siris Syndrome 1,GSM3267084,Public on Nov 07 2018,Jul 12 2018,Nov 07 2018,genomic,1,MS0680,Homo sapiens,disease state: Coffin-Siris syndrome,tissue: Whole Blood,N/A,N/A,genomic DNA,Standard DNA extraction from blood,Cy5 and Cy3,According to the manufacturer's protocol,9606,According to the manufacturer's protocol,iScan,SAMPLE 5,"Illumina Normalization method with background correction, using minfi package in R 3.4.2",GPL13534,"Bekim,,Sadikovic",bekim.sadikovic@lhsc.on.ca,Pathology and Laboratory Medicine,University of Western Ontario,800 Commissioners Rd E,London,Ontario,N6A 5W9,Canada,ftp://ftp.ncbi.nlm.nih.gov/geo/samples/GSM3267nnn/GSM3267084/suppl/GSM3267084_101032560039_R05C01_Grn.idat.gz,ftp://ftp.ncbi.nlm.nih.gov/geo/samples/GSM3267nnn/GSM3267084/suppl/GSM3267084_101032560039_R05C01_Red.idat.gz,485512,Coffin-Siris syndrome,Whole Blood,cpgcorpus,,,,,,,,,,,,,,,,,,,,,,,,,,,,,,,,,,,,,,,,,,,,,,,,,,,,,,,,,,,,,,,,,,,,,,,,,,,,,BAFopathy,"ARID1A,ARID1B,SMARCB1,SMARCA4,SMARCA2",614607; 135900; 614609; 614608; 601358,50.0,19.0,yes,CSS1,ARID1B,,,,,,BAFopathy,"ARID1A,ARID1B,SMARCB1,SMARCA4,SMARCA2",614607; 135900; 614609; 614608; 601358,50.0,19.0,yes,CSS1,ARID1B
GSE116992_GPL13534_sample_12,GSE116992,GPL13534,BAFopathy,BAFopathy,"ARID1A,ARID1B,SMARCB1,SMARCA4,SMARCA2",case,none none none none,"CpGCorpus,existing",True,True,False,cpgcorpus,2026-02-18T12:08:16.114837,data/ajhg2020/GSE116992/GPL13534/betas/QCDPB.arrow,fe0f76ef5a2ad4cd5fc014fb2292df31fa0c6aa32294a7a6b25cdbde88a44e99,7.0,485579.0,data/ajhg2020/GSE116992/GPL13534/metadata/metadata.arrow,370d204121de92891c6c4c644210b07df9b2517453e8d811b3fe2788d196e712,,,,,,,,,,,,,,,,,,,,,,,,,,,,,,,,,,,,,,,existing,GSE116992,GPL13534,BAFopathy,BAFopathy,"ARID1A,ARID1B,SMARCB1,SMARCA4,SMARCA2",case,ms0681_coffin-siris syndrome 3 ms0681 disease state: coffin-siris syndrome sample 6,"CpGCorpus,existing",True,True,False,cpgcorpus,2026-02-18T12:08:16.114837,data/ajhg2020/GSE116992/GPL13534/betas/QCDPB.arrow,fe0f76ef5a2ad4cd5fc014fb2292df31fa0c6aa32294a7a6b25cdbde88a44e99,7.0,485579.0,data/ajhg2020/GSE116992/GPL13534/metadata/metadata.arrow,370d204121de92891c6c4c644210b07df9b2517453e8d811b3fe2788d196e712,GSM3267085,MS0681_Coffin-Siris Syndrome 3,GSM3267085,Public on Nov 07 2018,Jul 12 2018,Nov 07 2018,genomic,1,MS0681,Homo sapiens,disease state: Coffin-Siris syndrome,tissue: Whole Blood,N/A,N/A,genomic DNA,Standard DNA extraction from blood,Cy5 and Cy3,According to the manufacturer's protocol,9606,According to the manufacturer's protocol,iScan,SAMPLE 6,"Illumina Normalization method with background correction, using minfi package in R 3.4.2",GPL13534,"Bekim,,Sadikovic",bekim.sadikovic@lhsc.on.ca,Pathology and Laboratory Medicine,University of Western Ontario,800 Commissioners Rd E,London,Ontario,N6A 5W9,Canada,ftp://ftp.ncbi.nlm.nih.gov/geo/samples/GSM3267nnn/GSM3267085/suppl/GSM3267085_101032560039_R05C02_Grn.idat.gz,ftp://ftp.ncbi.nlm.nih.gov/geo/samples/GSM3267nnn/GSM3267085/suppl/GSM3267085_101032560039_R05C02_Red.idat.gz,485512,Coffin-Siris syndrome,Whole Blood,cpgcorpus,,,,,,,,,,,,,,,,,,,,,,,,,,,,,,,,,,,,,,,,,,,,,,,,,,,,,,,,,,,,,,,,,,,,,,,,,,,,,BAFopathy,"ARID1A,ARID1B,SMARCB1,SMARCA4,SMARCA2",614607; 135900; 614609; 614608; 601358,50.0,19.0,yes,CSS1,ARID1B,,,,,,BAFopathy,"ARID1A,ARID1B,SMARCB1,SMARCA4,SMARCA2",614607; 135900; 614609; 614608; 601358,50.0,19.0,yes,CSS3,SMARCB1
GSE116992_GPL13534_sample_13,GSE116992,GPL13534,BAFopathy,BAFopathy,"ARID1A,ARID1B,SMARCB1,SMARCA4,SMARCA2",case,none none none none,"CpGCorpus,existing",True,True,False,cpgcorpus,2026-02-18T12:08:16.114837,data/ajhg2020/GSE116992/GPL13534/betas/QCDPB.arrow,fe0f76ef5a2ad4cd5fc014fb2292df31fa0c6aa32294a7a6b25cdbde88a44e99,7.0,485579.0,data/ajhg2020/GSE116992/GPL13534/metadata/metadata.arrow,370d204121de92891c6c4c644210b07df9b2517453e8d811b3fe2788d196e712,,,,,,,,,,,,,,,,,,,,,,,,,,,,,,,,,,,,,,,existing,GSE116992,GPL13534,BAFopathy,BAFopathy,"ARID1A,ARID1B,SMARCB1,SMARCA4,SMARCA2",case,ms0683_coffin-siris syndrome 3 ms0683 disease state: coffin-siris syndrome sample 7,"CpGCorpus,existing",True,True,False,cpgcorpus,2026-02-18T12:08:16.114837,data/ajhg2020/GSE116992/GPL13534/betas/QCDPB.arrow,fe0f76ef5a2ad4cd5fc014fb2292df31fa0c6aa32294a7a6b25cdbde88a44e99,7.0,485579.0,data/ajhg2020/GSE116992/GPL13534/metadata/metadata.arrow,370d204121de92891c6c4c644210b07df9b2517453e8d811b3fe2788d196e712,GSM3267086,MS0683_Coffin-Siris Syndrome 3,GSM3267086,Public on Nov 07 2018,Jul 12 2018,Nov 07 2018,genomic,1,MS0683,Homo sapiens,disease state: Coffin-Siris syndrome,tissue: Whole Blood,N/A,N/A,genomic DNA,Standard DNA extraction from blood,Cy5 and Cy3,According to the manufacturer's protocol,9606,According to the manufacturer's protocol,iScan,SAMPLE 7,"Illumina Normalization method with background correction, using minfi package in R 3.4.2",GPL13534,"Bekim,,Sadikovic",bekim.sadikovic@lhsc.on.ca,Pathology and Laboratory Medicine,University of Western Ontario,800 Commissioners Rd E,London,Ontario,N6A 5W9,Canada,ftp://ftp.ncbi.nlm.nih.gov/geo/samples/GSM3267nnn/GSM3267086/suppl/GSM3267086_101032560039_R06C02_Grn.idat.gz,ftp://ftp.ncbi.nlm.nih.gov/geo/samples/GSM3267nnn/GSM3267086/suppl/GSM3267086_101032560039_R06C02_Red.idat.gz,485512,Coffin-Siris syndrome,Whole Blood,cpgcorpus,,,,,,,,,,,,,,,,,,,,,,,,,,,,,,,,,,,,,,,,,,,,,,,,,,,,,,,,,,,,,,,,,,,,,,,,,,,,,BAFopathy,"ARID1A,ARID1B,SMARCB1,SMARCA4,SMARCA2",614607; 135900; 614609; 614608; 601358,50.0,19.0,yes,CSS3,SMARCB1,,,,,,BAFopathy,"ARID1A,ARID1B,SMARCB1,SMARCA4,SMARCA2",614607; 135900; 614609; 614608; 601358,50.0,19.0,yes,CSS3,SMARCB1
GSE116992_GPL13534_sample_14,GSE116992,GPL13534,BAFopathy,BAFopathy,"ARID1A,ARID1B,SMARCB1,SMARCA4,SMARCA2",case,ms0674_coffin-siris syndrome 1 ms0674 disease state: coffin-siris syndrome sample 1,"CpGCorpus,existing",True,True,False,cpgcorpus,2026-02-18T12:08:16.114837,data/ajhg2020/GSE116992/GPL13534/betas/QCDPB.arrow,fe0f76ef5a2ad4cd5fc014fb2292df31fa0c6aa32294a7a6b25cdbde88a44e99,7.0,485579.0,data/ajhg2020/GSE116992/GPL13534/metadata/metadata.arrow,370d204121de92891c6c4c644210b07df9b2517453e8d811b3fe2788d196e712,,,,,,,,,,,,,,,,,,,,,,,,,,,,,,,,,,,,,,,existing,GSE116992,GPL13534,BAFopathy,BAFopathy,"ARID1A,ARID1B,SMARCB1,SMARCA4,SMARCA2",case,none none none none,"CpGCorpus,existing",True,True,False,cpgcorpus,2026-02-18T12:08:16.114837,data/ajhg2020/GSE116992/GPL13534/betas/QCDPB.arrow,fe0f76ef5a2ad4cd5fc014fb2292df31fa0c6aa32294a7a6b25cdbde88a44e99,7.0,485579.0,data/ajhg2020/GSE116992/GPL13534/metadata/metadata.arrow,370d204121de92891c6c4c644210b07df9b2517453e8d811b3fe2788d196e712,,,,,,,,,,,,,,,,,,,,,,,,,,,,,,,,,,,,,,,existing,GSE116992,GPL13534,BAFopathy,BAFopathy,"ARID1A,ARID1B,SMARCB1,SMARCA4,SMARCA2",case,ms0674_coffin-siris syndrome 1 ms0674 disease state: coffin-siris syndrome sample 1,CpGCorpus,True,True,False,cpgcorpus,2026-02-18T12:08:16.114837,data/ajhg2020/GSE116992/GPL13534/betas/QCDPB.arrow,fe0f76ef5a2ad4cd5fc014fb2292df31fa0c6aa32294a7a6b25cdbde88a44e99,7.0,485579.0,data/ajhg2020/GSE116992/GPL13534/metadata/metadata.arrow,370d204121de92891c6c4c644210b07df9b2517453e8d811b3fe2788d196e712,GSM3267080,MS0674_Coffin-Siris Syndrome 1,GSM3267080,Public on Nov 07 2018,Jul 12 2018,Nov 07 2018,genomic,1,MS0674,Homo sapiens,disease state: Coffin-Siris syndrome,tissue: Whole Blood,N/A,N/A,genomic DNA,Standard DNA extraction from blood,Cy5 and Cy3,According to the manufacturer's protocol,9606,According to the manufacturer's protocol,iScan,SAMPLE 1,"Illumina Normalization method with background correction, using minfi package in R 3.4.2",GPL13534,"Bekim,,Sadikovic",bekim.sadikovic@lhsc.on.ca,Pathology and Laboratory Medicine,University of Western Ontario,800 Commissioners Rd E,London,Ontario,N6A 5W9,Canada,ftp://ftp.ncbi.nlm.nih.gov/geo/samples/GSM3267nnn/GSM3267080/suppl/GSM3267080_101032560039_R02C01_Grn.idat.gz,ftp://ftp.ncbi.nlm.nih.gov/geo/samples/GSM3267nnn/GSM3267080/suppl/GSM3267080_101032560039_R02C01_Red.idat.gz,485512,Coffin-Siris syndrome,Whole Blood,cpgcorpus,,,,,,BAFopathy,"ARID1A,ARID1B,SMARCB1,SMARCA4,SMARCA2",614607; 135900; 614609; 614608; 601358,50.0,19.0,yes,CSS1,ARID1B,,,,,,BAFopathy,"ARID1A,ARID1B,SMARCB1,SMARCA4,SMARCA2",614607; 135900; 614609; 614608; 601358,50.0,19.0,yes,CSS1,ARID1B,,,,,,BAFopathy,"ARID1A,ARID1B,SMARCB1,SMARCA4,SMARCA2",614607; 135900; 614609; 614608; 601358,50.0,19.0,yes,CSS1,ARID1B
GSE116992_GPL13534_sample_15,GSE116992,GPL13534,BAFopathy,BAFopathy,"ARID1A,ARID1B,SMARCB1,SMARCA4,SMARCA2",case,ms0676_coffin-siris syndrome 1 ms0676 disease state: coffin-siris syndrome sample 2,"CpGCorpus,existing",True,True,False,cpgcorpus,2026-02-18T12:08:16.114837,data/ajhg2020/GSE116992/GPL13534/betas/QCDPB.arrow,fe0f76ef5a2ad4cd5fc014fb2292df31fa0c6aa32294a7a6b25cdbde88a44e99,7.0,485579.0,data/ajhg2020/GSE116992/GPL13534/metadata/metadata.arrow,370d204121de92891c6c4c644210b07df9b2517453e8d811b3fe2788d196e712,,,,,,,,,,,,,,,,,,,,,,,,,,,,,,,,,,,,,,,existing,GSE116992,GPL13534,BAFopathy,BAFopathy,"ARID1A,ARID1B,SMARCB1,SMARCA4,SMARCA2",case,none none none none,"CpGCorpus,existing",True,True,False,cpgcorpus,2026-02-18T12:08:16.114837,data/ajhg2020/GSE116992/GPL13534/betas/QCDPB.arrow,fe0f76ef5a2ad4cd5fc014fb2292df31fa0c6aa32294a7a6b25cdbde88a44e99,7.0,485579.0,data/ajhg2020/GSE116992/GPL13534/metadata/metadata.arrow,370d204121de92891c6c4c644210b07df9b2517453e8d811b3fe2788d196e712,,,,,,,,,,,,,,,,,,,,,,,,,,,,,,,,,,,,,,,existing,GSE116992,GPL13534,BAFopathy,BAFopathy,"ARID1A,ARID1B,SMARCB1,SMARCA4,SMARCA2",case,ms0676_coffin-siris syndrome 1 ms0676 disease state: coffin-siris syndrome sample 2,CpGCorpus,True,True,False,cpgcorpus,2026-02-18T12:08:16.114837,data/ajhg2020/GSE116992/GPL13534/betas/QCDPB.arrow,fe0f76ef5a2ad4cd5fc014fb2292df31fa0c6aa32294a7a6b25cdbde88a44e99,7.0,485579.0,data/ajhg2020/GSE116992/GPL13534/metadata/metadata.arrow,370d204121de92891c6c4c644210b07df9b2517453e8d811b3fe2788d196e712,GSM3267081,MS0676_Coffin-Siris Syndrome 1,GSM3267081,Public on Nov 07 2018,Jul 12 2018,Nov 07 2018,genomic,1,MS0676,Homo sapiens,disease state: Coffin-Siris syndrome,tissue: Whole Blood,N/A,N/A,genomic DNA,Standard DNA extraction from blood,Cy5 and Cy3,According to the manufacturer's protocol,9606,According to the manufacturer's protocol,iScan,SAMPLE 2,"Illumina Normalization method with background correction, using minfi package in R 3.4.2",GPL13534,"Bekim,,Sadikovic",bekim.sadikovic@lhsc.on.ca,Pathology and Laboratory Medicine,University of Western Ontario,800 Commissioners Rd E,London,Ontario,N6A 5W9,Canada,ftp://ftp.ncbi.nlm.nih.gov/geo/samples/GSM3267nnn/GSM3267081/suppl/GSM3267081_101032560039_R03C01_Grn.idat.gz,ftp://ftp.ncbi.nlm.nih.gov/geo/samples/GSM3267nnn/GSM3267081/suppl/GSM3267081_101032560039_R03C01_Red.idat.gz,485512,Coffin-Siris syndrome,Whole Blood,cpgcorpus,,,,,,BAFopathy,"ARID1A,ARID1B,SMARCB1,SMARCA4,SMARCA2",614607; 135900; 614609; 614608; 601358,50.0,19.0,yes,CSS1,ARID1B,,,,,,BAFopathy,"ARID1A,ARID1B,SMARCB1,SMARCA4,SMARCA2",614607; 135900; 614609; 614608; 601358,50.0,19.0,yes,CSS1,ARID1B,,,,,,BAFopathy,"ARID1A,ARID1B,SMARCB1,SMARCA4,SMARCA2",614607; 135900; 614609; 614608; 601358,50.0,19.0,yes,CSS1,ARID1B
GSE116992_GPL13534_sample_16,GSE116992,GPL13534,BAFopathy,BAFopathy,"ARID1A,ARID1B,SMARCB1,SMARCA4,SMARCA2",case,ms0678_coffin-siris syndrome 1 ms0678 disease state: coffin-siris syndrome sample 3,"CpGCorpus,existing",True,True,False,cpgcorpus,2026-02-18T12:08:16.114837,data/ajhg2020/GSE116992/GPL13534/betas/QCDPB.arrow,fe0f76ef5a2ad4cd5fc014fb2292df31fa0c6aa32294a7a6b25cdbde88a44e99,7.0,485579.0,data/ajhg2020/GSE116992/GPL13534/metadata/metadata.arrow,370d204121de92891c6c4c644210b07df9b2517453e8d811b3fe2788d196e712,,,,,,,,,,,,,,,,,,,,,,,,,,,,,,,,,,,,,,,existing,GSE116992,GPL13534,BAFopathy,BAFopathy,"ARID1A,ARID1B,SMARCB1,SMARCA4,SMARCA2",case,none none none none,"CpGCorpus,existing",True,True,False,cpgcorpus,2026-02-18T12:08:16.114837,data/ajhg2020/GSE116992/GPL13534/betas/QCDPB.arrow,fe0f76ef5a2ad4cd5fc014fb2292df31fa0c6aa32294a7a6b25cdbde88a44e99,7.0,485579.0,data/ajhg2020/GSE116992/GPL13534/metadata/metadata.arrow,370d204121de92891c6c4c644210b07df9b2517453e8d811b3fe2788d196e712,,,,,,,,,,,,,,,,,,,,,,,,,,,,,,,,,,,,,,,existing,GSE116992,GPL13534,BAFopathy,BAFopathy,"ARID1A,ARID1B,SMARCB1,SMARCA4,SMARCA2",case,ms0678_coffin-siris syndrome 1 ms0678 disease state: coffin-siris syndrome sample 3,CpGCorpus,True,True,False,cpgcorpus,2026-02-18T12:08:16.114837,data/ajhg2020/GSE116992/GPL13534/betas/QCDPB.arrow,fe0f76ef5a2ad4cd5fc014fb2292df31fa0c6aa32294a7a6b25cdbde88a44e99,7.0,485579.0,data/ajhg2020/GSE116992/GPL13534/metadata/metadata.arrow,370d204121de92891c6c4c644210b07df9b2517453e8d811b3fe2788d196e712,GSM3267082,MS0678_Coffin-Siris Syndrome 1,GSM3267082,Public on Nov 07 2018,Jul 12 2018,Nov 07 2018,genomic,1,MS0678,Homo sapiens,disease state: Coffin-Siris syndrome,tissue: Whole Blood,N/A,N/A,genomic DNA,Standard DNA extraction from blood,Cy5 and Cy3,According to the manufacturer's protocol,9606,According to the manufacturer's protocol,iScan,SAMPLE 3,"Illumina Normalization method with background correction, using minfi package in R 3.4.2",GPL13534,"Bekim,,Sadikovic",bekim.sadikovic@lhsc.on.ca,Pathology and Laboratory Medicine,University of Western Ontario,800 Commissioners Rd E,London,Ontario,N6A 5W9,Canada,ftp://ftp.ncbi.nlm.nih.gov/geo/samples/GSM3267nnn/GSM3267082/suppl/GSM3267082_101032560039_R04C01_Grn.idat.gz,ftp://ftp.ncbi.nlm.nih.gov/geo/samples/GSM3267nnn/GSM3267082/suppl/GSM3267082_101032560039_R04C01_Red.idat.gz,485512,Coffin-Siris syndrome,Whole Blood,cpgcorpus,,,,,,BAFopathy,"ARID1A,ARID1B,SMARCB1,SMARCA4,SMARCA2",614607; 135900; 614609; 614608; 601358,50.0,19.0,yes,CSS1,ARID1B,,,,,,BAFopathy,"ARID1A,ARID1B,SMARCB1,SMARCA4,SMARCA2",614607; 135900; 614609; 614608; 601358,50.0,19.0,yes,CSS1,ARID1B,,,,,,BAFopathy,"ARID1A,ARID1B,SMARCB1,SMARCA4,SMARCA2",614607; 135900; 614609; 614608; 601358,50.0,19.0,yes,CSS1,ARID1B
GSE116992_GPL13534_sample_17,GSE116992,GPL13534,BAFopathy,BAFopathy,"ARID1A,ARID1B,SMARCB1,SMARCA4,SMARCA2",case,ms0679_coffin-siris syndrome 3 ms0679 disease state: coffin-siris syndrome sample 4,"CpGCorpus,existing",True,True,False,cpgcorpus,2026-02-18T12:08:16.114837,data/ajhg2020/GSE116992/GPL13534/betas/QCDPB.arrow,fe0f76ef5a2ad4cd5fc014fb2292df31fa0c6aa32294a7a6b25cdbde88a44e99,7.0,485579.0,data/ajhg2020/GSE116992/GPL13534/metadata/metadata.arrow,370d204121de92891c6c4c644210b07df9b2517453e8d811b3fe2788d196e712,,,,,,,,,,,,,,,,,,,,,,,,,,,,,,,,,,,,,,,existing,GSE116992,GPL13534,BAFopathy,BAFopathy,"ARID1A,ARID1B,SMARCB1,SMARCA4,SMARCA2",case,none none none none,"CpGCorpus,existing",True,True,False,cpgcorpus,2026-02-18T12:08:16.114837,data/ajhg2020/GSE116992/GPL13534/betas/QCDPB.arrow,fe0f76ef5a2ad4cd5fc014fb2292df31fa0c6aa32294a7a6b25cdbde88a44e99,7.0,485579.0,data/ajhg2020/GSE116992/GPL13534/metadata/metadata.arrow,370d204121de92891c6c4c644210b07df9b2517453e8d811b3fe2788d196e712,,,,,,,,,,,,,,,,,,,,,,,,,,,,,,,,,,,,,,,existing,GSE116992,GPL13534,BAFopathy,BAFopathy,"ARID1A,ARID1B,SMARCB1,SMARCA4,SMARCA2",case,ms0679_coffin-siris syndrome 3 ms0679 disease state: coffin-siris syndrome sample 4,CpGCorpus,True,True,False,cpgcorpus,2026-02-18T12:08:16.114837,data/ajhg2020/GSE116992/GPL13534/betas/QCDPB.arrow,fe0f76ef5a2ad4cd5fc014fb2292df31fa0c6aa32294a7a6b25cdbde88a44e99,7.0,485579.0,data/ajhg2020/GSE116992/GPL13534/metadata/metadata.arrow,370d204121de92891c6c4c644210b07df9b2517453e8d811b3fe2788d196e712,GSM3267083,MS0679_Coffin-Siris Syndrome 3,GSM3267083,Public on Nov 07 2018,Jul 12 2018,Nov 07 2018,genomic,1,MS0679,Homo sapiens,disease state: Coffin-Siris syndrome,tissue: Whole Blood,N/A,N/A,genomic DNA,Standard DNA extraction from blood,Cy5 and Cy3,According to the manufacturer's protocol,9606,According to the manufacturer's protocol,iScan,SAMPLE 4,"Illumina Normalization method with background correction, using minfi package in R 3.4.2",GPL13534,"Bekim,,Sadikovic",bekim.sadikovic@lhsc.on.ca,Pathology and Laboratory Medicine,University of Western Ontario,800 Commissioners Rd E,London,Ontario,N6A 5W9,Canada,ftp://ftp.ncbi.nlm.nih.gov/geo/samples/GSM3267nnn/GSM3267083/suppl/GSM3267083_101032560039_R04C02_Grn.idat.gz,ftp://ftp.ncbi.nlm.nih.gov/geo/samples/GSM3267nnn/GSM3267083/suppl/GSM3267083_101032560039_R04C02_Red.idat.gz,485512,Coffin-Siris syndrome,Whole Blood,cpgcorpus,,,,,,BAFopathy,"ARID1A,ARID1B,SMARCB1,SMARCA4,SMARCA2",614607; 135900; 614609; 614608; 601358,50.0,19.0,yes,CSS3,SMARCB1,,,,,,BAFopathy,"ARID1A,ARID1B,SMARCB1,SMARCA4,SMARCA2",614607; 135900; 614609; 614608; 601358,50.0,19.0,yes,CSS3,SMARCB1,,,,,,BAFopathy,"ARID1A,ARID1B,SMARCB1,SMARCA4,SMARCA2",614607; 135900; 614609; 614608; 601358,50.0,19.0,yes,CSS3,SMARCB1
GSE116992_GPL13534_sample_18,GSE116992,GPL13534,BAFopathy,BAFopathy,"ARID1A,ARID1B,SMARCB1,SMARCA4,SMARCA2",case,ms0680_coffin-siris syndrome 1 ms0680 disease state: coffin-siris syndrome sample 5,"CpGCorpus,existing",True,True,False,cpgcorpus,2026-02-18T12:08:16.114837,data/ajhg2020/GSE116992/GPL13534/betas/QCDPB.arrow,fe0f76ef5a2ad4cd5fc014fb2292df31fa0c6aa32294a7a6b25cdbde88a44e99,7.0,485579.0,data/ajhg2020/GSE116992/GPL13534/metadata/metadata.arrow,370d204121de92891c6c4c644210b07df9b2517453e8d811b3fe2788d196e712,,,,,,,,,,,,,,,,,,,,,,,,,,,,,,,,,,,,,,,existing,GSE116992,GPL13534,BAFopathy,BAFopathy,"ARID1A,ARID1B,SMARCB1,SMARCA4,SMARCA2",case,none none none none,"CpGCorpus,existing",True,True,False,cpgcorpus,2026-02-18T12:08:16.114837,data/ajhg2020/GSE116992/GPL13534/betas/QCDPB.arrow,fe0f76ef5a2ad4cd5fc014fb2292df31fa0c6aa32294a7a6b25cdbde88a44e99,7.0,485579.0,data/ajhg2020/GSE116992/GPL13534/metadata/metadata.arrow,370d204121de92891c6c4c644210b07df9b2517453e8d811b3fe2788d196e712,,,,,,,,,,,,,,,,,,,,,,,,,,,,,,,,,,,,,,,existing,GSE116992,GPL13534,BAFopathy,BAFopathy,"ARID1A,ARID1B,SMARCB1,SMARCA4,SMARCA2",case,ms0680_coffin-siris syndrome 1 ms0680 disease state: coffin-siris syndrome sample 5,CpGCorpus,True,True,False,cpgcorpus,2026-02-18T12:08:16.114837,data/ajhg2020/GSE116992/GPL13534/betas/QCDPB.arrow,fe0f76ef5a2ad4cd5fc014fb2292df31fa0c6aa32294a7a6b25cdbde88a44e99,7.0,485579.0,data/ajhg2020/GSE116992/GPL13534/metadata/metadata.arrow,370d204121de92891c6c4c644210b07df9b2517453e8d811b3fe2788d196e712,GSM3267084,MS0680_Coffin-Siris Syndrome 1,GSM3267084,Public on Nov 07 2018,Jul 12 2018,Nov 07 2018,genomic,1,MS0680,Homo sapiens,disease state: Coffin-Siris syndrome,tissue: Whole Blood,N/A,N/A,genomic DNA,Standard DNA extraction from blood,Cy5 and Cy3,According to the manufacturer's protocol,9606,According to the manufacturer's protocol,iScan,SAMPLE 5,"Illumina Normalization method with background correction, using minfi package in R 3.4.2",GPL13534,"Bekim,,Sadikovic",bekim.sadikovic@lhsc.on.ca,Pathology and Laboratory Medicine,University of Western Ontario,800 Commissioners Rd E,London,Ontario,N6A 5W9,Canada,ftp://ftp.ncbi.nlm.nih.gov/geo/samples/GSM3267nnn/GSM3267084/suppl/GSM3267084_101032560039_R05C01_Grn.idat.gz,ftp://ftp.ncbi.nlm.nih.gov/geo/samples/GSM3267nnn/GSM3267084/suppl/GSM3267084_101032560039_R05C01_Red.idat.gz,485512,Coffin-Siris syndrome,Whole Blood,cpgcorpus,,,,,,BAFopathy,"ARID1A,ARID1B,SMARCB1,SMARCA4,SMARCA2",614607; 135900; 614609; 614608; 601358,50.0,19.0,yes,CSS1,ARID1B,,,,,,BAFopathy,"ARID1A,ARID1B,SMARCB1,SMARCA4,SMARCA2",614607; 135900; 614609; 614608; 601358,50.0,19.0,yes,CSS1,ARID1B,,,,,,BAFopathy,"ARID1A,ARID1B,SMARCB1,SMARCA4,SMARCA2",614607; 135900; 614609; 614608; 601358,50.0,19.0,yes,CSS1,ARID1B
GSE116992_GPL13534_sample_19,GSE116992,GPL13534,BAFopathy,BAFopathy,"ARID1A,ARID1B,SMARCB1,SMARCA4,SMARCA2",case,ms0681_coffin-siris syndrome 3 ms0681 disease state: coffin-siris syndrome sample 6,"CpGCorpus,existing",True,True,False,cpgcorpus,2026-02-18T12:08:16.114837,data/ajhg2020/GSE116992/GPL13534/betas/QCDPB.arrow,fe0f76ef5a2ad4cd5fc014fb2292df31fa0c6aa32294a7a6b25cdbde88a44e99,7.0,485579.0,data/ajhg2020/GSE116992/GPL13534/metadata/metadata.arrow,370d204121de92891c6c4c644210b07df9b2517453e8d811b3fe2788d196e712,,,,,,,,,,,,,,,,,,,,,,,,,,,,,,,,,,,,,,,existing,GSE116992,GPL13534,BAFopathy,BAFopathy,"ARID1A,ARID1B,SMARCB1,SMARCA4,SMARCA2",case,none none none none,"CpGCorpus,existing",True,True,False,cpgcorpus,2026-02-18T12:08:16.114837,data/ajhg2020/GSE116992/GPL13534/betas/QCDPB.arrow,fe0f76ef5a2ad4cd5fc014fb2292df31fa0c6aa32294a7a6b25cdbde88a44e99,7.0,485579.0,data/ajhg2020/GSE116992/GPL13534/metadata/metadata.arrow,370d204121de92891c6c4c644210b07df9b2517453e8d811b3fe2788d196e712,,,,,,,,,,,,,,,,,,,,,,,,,,,,,,,,,,,,,,,existing,GSE116992,GPL13534,BAFopathy,BAFopathy,"ARID1A,ARID1B,SMARCB1,SMARCA4,SMARCA2",case,ms0681_coffin-siris syndrome 3 ms0681 disease state: coffin-siris syndrome sample 6,CpGCorpus,True,True,False,cpgcorpus,2026-02-18T12:08:16.114837,data/ajhg2020/GSE116992/GPL13534/betas/QCDPB.arrow,fe0f76ef5a2ad4cd5fc014fb2292df31fa0c6aa32294a7a6b25cdbde88a44e99,7.0,485579.0,data/ajhg2020/GSE116992/GPL13534/metadata/metadata.arrow,370d204121de92891c6c4c644210b07df9b2517453e8d811b3fe2788d196e712,GSM3267085,MS0681_Coffin-Siris Syndrome 3,GSM3267085,Public on Nov 07 2018,Jul 12 2018,Nov 07 2018,genomic,1,MS0681,Homo sapiens,disease state: Coffin-Siris syndrome,tissue: Whole Blood,N/A,N/A,genomic DNA,Standard DNA extraction from blood,Cy5 and Cy3,According to the manufacturer's protocol,9606,According to the manufacturer's protocol,iScan,SAMPLE 6,"Illumina Normalization method with background correction, using minfi package in R 3.4.2",GPL13534,"Bekim,,Sadikovic",bekim.sadikovic@lhsc.on.ca,Pathology and Laboratory Medicine,University of Western Ontario,800 Commissioners Rd E,London,Ontario,N6A 5W9,Canada,ftp://ftp.ncbi.nlm.nih.gov/geo/samples/GSM3267nnn/GSM3267085/suppl/GSM3267085_101032560039_R05C02_Grn.idat.gz,ftp://ftp.ncbi.nlm.nih.gov/geo/samples/GSM3267nnn/GSM3267085/suppl/GSM3267085_101032560039_R05C02_Red.idat.gz,485512,Coffin-Siris syndrome,Whole Blood,cpgcorpus,,,,,,BAFopathy,"ARID1A,ARID1B,SMARCB1,SMARCA4,SMARCA2",614607; 135900; 614609; 614608; 601358,50.0,19.0,yes,CSS1,ARID1B,,,,,,BAFopathy,"ARID1A,ARID1B,SMARCB1,SMARCA4,SMARCA2",614607; 135900; 614609; 614608; 601358,50.0,19.0,yes,CSS3,SMARCB1,,,,,,BAFopathy,"ARID1A,ARID1B,SMARCB1,SMARCA4,SMARCA2",614607; 135900; 614609; 614608; 601358,50.0,19.0,yes,CSS1,ARID1B
GSE116992_GPL13534_sample_20,GSE116992,GPL13534,BAFopathy,BAFopathy,"ARID1A,ARID1B,SMARCB1,SMARCA4,SMARCA2",case,ms0683_coffin-siris syndrome 3 ms0683 disease state: coffin-siris syndrome sample 7,"CpGCorpus,existing",True,True,False,cpgcorpus,2026-02-18T12:08:16.114837,data/ajhg2020/GSE116992/GPL13534/betas/QCDPB.arrow,fe0f76ef5a2ad4cd5fc014fb2292df31fa0c6aa32294a7a6b25cdbde88a44e99,7.0,485579.0,data/ajhg2020/GSE116992/GPL13534/metadata/metadata.arrow,370d204121de92891c6c4c644210b07df9b2517453e8d811b3fe2788d196e712,,,,,,,,,,,,,,,,,,,,,,,,,,,,,,,,,,,,,,,existing,GSE116992,GPL13534,BAFopathy,BAFopathy,"ARID1A,ARID1B,SMARCB1,SMARCA4,SMARCA2",case,none none none none,"CpGCorpus,existing",True,True,False,cpgcorpus,2026-02-18T12:08:16.114837,data/ajhg2020/GSE116992/GPL13534/betas/QCDPB.arrow,fe0f76ef5a2ad4cd5fc014fb2292df31fa0c6aa32294a7a6b25cdbde88a44e99,7.0,485579.0,data/ajhg2020/GSE116992/GPL13534/metadata/metadata.arrow,370d204121de92891c6c4c644210b07df9b2517453e8d811b3fe2788d196e712,,,,,,,,,,,,,,,,,,,,,,,,,,,,,,,,,,,,,,,existing,GSE116992,GPL13534,BAFopathy,BAFopathy,"ARID1A,ARID1B,SMARCB1,SMARCA4,SMARCA2",case,ms0683_coffin-siris syndrome 3 ms0683 disease state: coffin-siris syndrome sample 7,CpGCorpus,True,True,False,cpgcorpus,2026-02-18T12:08:16.114837,data/ajhg2020/GSE116992/GPL13534/betas/QCDPB.arrow,fe0f76ef5a2ad4cd5fc014fb2292df31fa0c6aa32294a7a6b25cdbde88a44e99,7.0,485579.0,data/ajhg2020/GSE116992/GPL13534/metadata/metadata.arrow,370d204121de92891c6c4c644210b07df9b2517453e8d811b3fe2788d196e712,GSM3267086,MS0683_Coffin-Siris Syndrome 3,GSM3267086,Public on Nov 07 2018,Jul 12 2018,Nov 07 2018,genomic,1,MS0683,Homo sapiens,disease state: Coffin-Siris syndrome,tissue: Whole Blood,N/A,N/A,genomic DNA,Standard DNA extraction from blood,Cy5 and Cy3,According to the manufacturer's protocol,9606,According to the manufacturer's protocol,iScan,SAMPLE 7,"Illumina Normalization method with background correction, using minfi package in R 3.4.2",GPL13534,"Bekim,,Sadikovic",bekim.sadikovic@lhsc.on.ca,Pathology and Laboratory Medicine,University of Western Ontario,800 Commissioners Rd E,London,Ontario,N6A 5W9,Canada,ftp://ftp.ncbi.nlm.nih.gov/geo/samples/GSM3267nnn/GSM3267086/suppl/GSM3267086_101032560039_R06C02_Grn.idat.gz,ftp://ftp.ncbi.nlm.nih.gov/geo/samples/GSM3267nnn/GSM3267086/suppl/GSM3267086_101032560039_R06C02_Red.idat.gz,485512,Coffin-Siris syndrome,Whole Blood,cpgcorpus,,,,,,BAFopathy,"ARID1A,ARID1B,SMARCB1,SMARCA4,SMARCA2",614607; 135900; 614609; 614608; 601358,50.0,19.0,yes,CSS3,SMARCB1,,,,,,BAFopathy,"ARID1A,ARID1B,SMARCB1,SMARCA4,SMARCA2",614607; 135900; 614609; 614608; 601358,50.0,19.0,yes,CSS3,SMARCB1,,,,,,BAFopathy,"ARID1A,ARID1B,SMARCB1,SMARCA4,SMARCA2",614607; 135900; 614609; 614608; 601358,50.0,19.0,yes,CSS3,SMARCB1
GSE116992_GPL13534_sample_21,GSE116992,GPL13534,BAFopathy,BAFopathy,"ARID1A,ARID1B,SMARCB1,SMARCA4,SMARCA2",case,ms1160_nicolaides-baraitser syndrome ms1160 disease state: nicolaides-baraitser syndrome sample 1,"CpGCorpus,existing",True,True,False,cpgcorpus,2026-02-18T12:08:16.114837,data/ajhg2020/GSE116992/GPL13534/betas/QCDPB.arrow,fe0f76ef5a2ad4cd5fc014fb2292df31fa0c6aa32294a7a6b25cdbde88a44e99,7.0,485579.0,data/ajhg2020/GSE116992/GPL13534/metadata/metadata.arrow,370d204121de92891c6c4c644210b07df9b2517453e8d811b3fe2788d196e712,,,,,,,,,,,,,,,,,,,,,,,,,,,,,,,,,,,,,,,existing,GSE116992,GPL13534,BAFopathy,BAFopathy,"ARID1A,ARID1B,SMARCB1,SMARCA4,SMARCA2",case,none none none none,"CpGCorpus,existing",True,True,False,cpgcorpus,2026-02-18T12:08:16.114837,data/ajhg2020/GSE116992/GPL13534/betas/QCDPB.arrow,fe0f76ef5a2ad4cd5fc014fb2292df31fa0c6aa32294a7a6b25cdbde88a44e99,7.0,485579.0,data/ajhg2020/GSE116992/GPL13534/metadata/metadata.arrow,370d204121de92891c6c4c644210b07df9b2517453e8d811b3fe2788d196e712,,,,,,,,,,,,,,,,,,,,,,,,,,,,,,,,,,,,,,,existing,GSE116992,GPL21145,BAFopathy,BAFopathy,"ARID1A,ARID1B,SMARCB1,SMARCA4,SMARCA2",case,ms1160_nicolaides-baraitser syndrome ms1160 disease state: nicolaides-baraitser syndrome sample 1,CpGCorpus,True,True,False,cpgcorpus,2026-02-18T12:08:40.543840,data/ajhg2020/GSE116992/GPL21145/betas/QCDPB.arrow,ae8c0245f746bf774b0636a41b24d00e8db8bf680733ea49d277223958098d2b,22.0,865920.0,data/ajhg2020/GSE116992/GPL21145/metadata/metadata.arrow,44643b37822dd38dd82a4e2ff431aba9941f46f8558b3918a3dd505293ce1c74,GSM3267111,MS1160_Nicolaides-Baraitser syndrome,GSM3267111,Public on Nov 07 2018,Jul 12 2018,Nov 07 2018,genomic,1,MS1160,Homo sapiens,disease state: Nicolaides-Baraitser syndrome,tissue: Whole Blood,N/A,N/A,genomic DNA,Standard DNA extraction from blood,Cy5 and Cy3,According to the manufacturer's protocol,9606,According to the manufacturer's protocol,iScan,SAMPLE 1,"Illumina Normalization method with background correction, using minfi package in R 3.4.2",GPL21145,"Bekim,,Sadikovic",bekim.sadikovic@lhsc.on.ca,Pathology and Laboratory Medicine,University of Western Ontario,800 Commissioners Rd E,London,Ontario,N6A 5W9,Canada,ftp://ftp.ncbi.nlm.nih.gov/geo/samples/GSM3267nnn/GSM3267111/suppl/GSM3267111_200969820172_R05C01_Grn.idat.gz,ftp://ftp.ncbi.nlm.nih.gov/geo/samples/GSM3267nnn/GSM3267111/suppl/GSM3267111_200969820172_R05C01_Red.idat.gz,866091,Nicolaides-Baraitser syndrome,Whole Blood,cpgcorpus,,,,,,BAFopathy,"ARID1A,ARID1B,SMARCB1,SMARCA4,SMARCA2",614607; 135900; 614609; 614608; 601358,50.0,19.0,yes,NCBRS,SMARCA2,,,,,,BAFopathy,"ARID1A,ARID1B,SMARCB1,SMARCA4,SMARCA2",614607; 135900; 614609; 614608; 601358,50.0,19.0,yes,NCBRS,SMARCA2,,,,,,BAFopathy,"ARID1A,ARID1B,SMARCB1,SMARCA4,SMARCA2",614607; 135900; 614609; 614608; 601358,50.0,19.0,yes,NCBRS,SMARCA2
GSE116992_GPL13534_sample_22,GSE116992,GPL13534,BAFopathy,BAFopathy,"ARID1A,ARID1B,SMARCB1,SMARCA4,SMARCA2",case,ms1162_coffin-siris syndrome 3 ms1162 disease state: coffin-siris syndrome sample 2,"CpGCorpus,existing",True,True,False,cpgcorpus,2026-02-18T12:08:16.114837,data/ajhg2020/GSE116992/GPL13534/betas/QCDPB.arrow,fe0f76ef5a2ad4cd5fc014fb2292df31fa0c6aa32294a7a6b25cdbde88a44e99,7.0,485579.0,data/ajhg2020/GSE116992/GPL13534/metadata/metadata.arrow,370d204121de92891c6c4c644210b07df9b2517453e8d811b3fe2788d196e712,,,,,,,,,,,,,,,,,,,,,,,,,,,,,,,,,,,,,,,existing,GSE116992,GPL13534,BAFopathy,BAFopathy,"ARID1A,ARID1B,SMARCB1,SMARCA4,SMARCA2",case,none none none none,"CpGCorpus,existing",True,True,False,cpgcorpus,2026-02-18T12:08:16.114837,data/ajhg2020/GSE116992/GPL13534/betas/QCDPB.arrow,fe0f76ef5a2ad4cd5fc014fb2292df31fa0c6aa32294a7a6b25cdbde88a44e99,7.0,485579.0,data/ajhg2020/GSE116992/GPL13534/metadata/metadata.arrow,370d204121de92891c6c4c644210b07df9b2517453e8d811b3fe2788d196e712,,,,,,,,,,,,,,,,,,,,,,,,,,,,,,,,,,,,,,,existing,GSE116992,GPL21145,BAFopathy,BAFopathy,"ARID1A,ARID1B,SMARCB1,SMARCA4,SMARCA2",case,ms1162_coffin-siris syndrome 3 ms1162 disease state: coffin-siris syndrome sample 2,CpGCorpus,True,True,False,cpgcorpus,2026-02-18T12:08:40.543840,data/ajhg2020/GSE116992/GPL21145/betas/QCDPB.arrow,ae8c0245f746bf774b0636a41b24d00e8db8bf680733ea49d277223958098d2b,22.0,865920.0,data/ajhg2020/GSE116992/GPL21145/metadata/metadata.arrow,44643b37822dd38dd82a4e2ff431aba9941f46f8558b3918a3dd505293ce1c74,GSM3267112,MS1162_Coffin-Siris Syndrome 3,GSM3267112,Public on Nov 07 2018,Jul 12 2018,Nov 07 2018,genomic,1,MS1162,Homo sapiens,disease state: Coffin-Siris syndrome,tissue: Whole Blood,N/A,N/A,genomic DNA,Standard DNA extraction from blood,Cy5 and Cy3,According to the manufacturer's protocol,9606,According to the manufacturer's protocol,iScan,SAMPLE 2,"Illumina Normalization method with background correction, using minfi package in R 3.4.2",GPL21145,"Bekim,,Sadikovic",bekim.sadikovic@lhsc.on.ca,Pathology and Laboratory Medicine,University of Western Ontario,800 Commissioners Rd E,London,Ontario,N6A 5W9,Canada,ftp://ftp.ncbi.nlm.nih.gov/geo/samples/GSM3267nnn/GSM3267112/suppl/GSM3267112_200969820172_R07C01_Grn.idat.gz,ftp://ftp.ncbi.nlm.nih.gov/geo/samples/GSM3267nnn/GSM3267112/suppl/GSM3267112_200969820172_R07C01_Red.idat.gz,866091,Coffin-Siris syndrome,Whole Blood,cpgcorpus,,,,,,BAFopathy,"ARID1A,ARID1B,SMARCB1,SMARCA4,SMARCA2",614607; 135900; 614609; 614608; 601358,50.0,19.0,yes,CSS1,ARID1B,,,,,,BAFopathy,"ARID1A,ARID1B,SMARCB1,SMARCA4,SMARCA2",614607; 135900; 614609; 614608; 601358,50.0,19.0,yes,CSS3,SMARCB1,,,,,,BAFopathy,"ARID1A,ARID1B,SMARCB1,SMARCA4,SMARCA2",614607; 135900; 614609; 614608; 601358,50.0,19.0,yes,CSS1,ARID1B
GSE116992_GPL13534_sample_23,GSE116992,GPL13534,BAFopathy,BAFopathy,"ARID1A,ARID1B,SMARCB1,SMARCA4,SMARCA2",case,ms1163_coffin-siris syndrome 3 ms1163 disease state: coffin-siris syndrome sample 3,"CpGCorpus,existing",True,True,False,cpgcorpus,2026-02-18T12:08:16.114837,data/ajhg2020/GSE116992/GPL13534/betas/QCDPB.arrow,fe0f76ef5a2ad4cd5fc014fb2292df31fa0c6aa32294a7a6b25cdbde88a44e99,7.0,485579.0,data/ajhg2020/GSE116992/GPL13534/metadata/metadata.arrow,370d204121de92891c6c4c644210b07df9b2517453e8d811b3fe2788d196e712,,,,,,,,,,,,,,,,,,,,,,,,,,,,,,,,,,,,,,,existing,GSE116992,GPL13534,BAFopathy,BAFopathy,"ARID1A,ARID1B,SMARCB1,SMARCA4,SMARCA2",case,none none none none,"CpGCorpus,existing",True,True,False,cpgcorpus,2026-02-18T12:08:16.114837,data/ajhg2020/GSE116992/GPL13534/betas/QCDPB.arrow,fe0f76ef5a2ad4cd5fc014fb2292df31fa0c6aa32294a7a6b25cdbde88a44e99,7.0,485579.0,data/ajhg2020/GSE116992/GPL13534/metadata/metadata.arrow,370d204121de92891c6c4c644210b07df9b2517453e8d811b3fe2788d196e712,,,,,,,,,,,,,,,,,,,,,,,,,,,,,,,,,,,,,,,existing,GSE116992,GPL21145,BAFopathy,BAFopathy,"ARID1A,ARID1B,SMARCB1,SMARCA4,SMARCA2",case,ms1163_coffin-siris syndrome 3 ms1163 disease state: coffin-siris syndrome sample 3,CpGCorpus,True,True,False,cpgcorpus,2026-02-18T12:08:40.543840,data/ajhg2020/GSE116992/GPL21145/betas/QCDPB.arrow,ae8c0245f746bf774b0636a41b24d00e8db8bf680733ea49d277223958098d2b,22.0,865920.0,data/ajhg2020/GSE116992/GPL21145/metadata/metadata.arrow,44643b37822dd38dd82a4e2ff431aba9941f46f8558b3918a3dd505293ce1c74,GSM3267113,MS1163_Coffin-Siris Syndrome 3,GSM3267113,Public on Nov 07 2018,Jul 12 2018,Nov 07 2018,genomic,1,MS1163,Homo sapiens,disease state: Coffin-Siris syndrome,tissue: Whole Blood,N/A,N/A,genomic DNA,Standard DNA extraction from blood,Cy5 and Cy3,According to the manufacturer's protocol,9606,According to the manufacturer's protocol,iScan,SAMPLE 3,"Illumina Normalization method with background correction, using minfi package in R 3.4.2",GPL21145,"Bekim,,Sadikovic",bekim.sadikovic@lhsc.on.ca,Pathology and Laboratory Medicine,University of Western Ontario,800 Commissioners Rd E,London,Ontario,N6A 5W9,Canada,ftp://ftp.ncbi.nlm.nih.gov/geo/samples/GSM3267nnn/GSM3267113/suppl/GSM3267113_200969820172_R08C01_Grn.idat.gz,ftp://ftp.ncbi.nlm.nih.gov/geo/samples/GSM3267nnn/GSM3267113/suppl/GSM3267113_200969820172_R08C01_Red.idat.gz,866091,Coffin-Siris syndrome,Whole Blood,cpgcorpus,,,,,,BAFopathy,"ARID1A,ARID1B,SMARCB1,SMARCA4,SMARCA2",614607; 135900; 614609; 614608; 601358,50.0,19.0,yes,CSS1,ARID1B,,,,,,BAFopathy,"ARID1A,ARID1B,SMARCB1,SMARCA4,SMARCA2",614607; 135900; 614609; 614608; 601358,50.0,19.0,yes,CSS3,SMARCB1,,,,,,BAFopathy,"ARID1A,ARID1B,SMARCB1,SMARCA4,SMARCA2",614607; 135900; 614609; 614608; 601358,50.0,19.0,yes,CSS1,ARID1B
GSE116992_GPL13534_sample_24,GSE116992,GPL13534,BAFopathy,BAFopathy,"ARID1A,ARID1B,SMARCB1,SMARCA4,SMARCA2",case,ms1168_coffin-siris syndrome 4 ms1168 disease state: coffin-siris syndrome sample 4,"CpGCorpus,existing",True,True,False,cpgcorpus,2026-02-18T12:08:16.114837,data/ajhg2020/GSE116992/GPL13534/betas/QCDPB.arrow,fe0f76ef5a2ad4cd5fc014fb2292df31fa0c6aa32294a7a6b25cdbde88a44e99,7.0,485579.0,data/ajhg2020/GSE116992/GPL13534/metadata/metadata.arrow,370d204121de92891c6c4c644210b07df9b2517453e8d811b3fe2788d196e712,,,,,,,,,,,,,,,,,,,,,,,,,,,,,,,,,,,,,,,existing,GSE116992,GPL13534,BAFopathy,BAFopathy,"ARID1A,ARID1B,SMARCB1,SMARCA4,SMARCA2",case,none none none none,"CpGCorpus,existing",True,True,False,cpgcorpus,2026-02-18T12:08:16.114837,data/ajhg2020/GSE116992/GPL13534/betas/QCDPB.arrow,fe0f76ef5a2ad4cd5fc014fb2292df31fa0c6aa32294a7a6b25cdbde88a44e99,7.0,485579.0,data/ajhg2020/GSE116992/GPL13534/metadata/metadata.arrow,370d204121de92891c6c4c644210b07df9b2517453e8d811b3fe2788d196e712,,,,,,,,,,,,,,,,,,,,,,,,,,,,,,,,,,,,,,,existing,GSE116992,GPL21145,BAFopathy,BAFopathy,"ARID1A,ARID1B,SMARCB1,SMARCA4,SMARCA2",case,ms1168_coffin-siris syndrome 4 ms1168 disease state: coffin-siris syndrome sample 4,CpGCorpus,True,True,False,cpgcorpus,2026-02-18T12:08:40.543840,data/ajhg2020/GSE116992/GPL21145/betas/QCDPB.arrow,ae8c0245f746bf774b0636a41b24d00e8db8bf680733ea49d277223958098d2b,22.0,865920.0,data/ajhg2020/GSE116992/GPL21145/metadata/metadata.arrow,44643b37822dd38dd82a4e2ff431aba9941f46f8558b3918a3dd505293ce1c74,GSM3267114,MS1168_Coffin-Siris Syndrome 4,GSM3267114,Public on Nov 07 2018,Jul 12 2018,Nov 07 2018,genomic,1,MS1168,Homo sapiens,disease state: Coffin-Siris syndrome,tissue: Whole Blood,N/A,N/A,genomic DNA,Standard DNA extraction from blood,Cy5 and Cy3,According to the manufacturer's protocol,9606,According to the manufacturer's protocol,iScan,SAMPLE 4,"Illumina Normalization method with background correction, using minfi package in R 3.4.2",GPL21145,"Bekim,,Sadikovic",bekim.sadikovic@lhsc.on.ca,Pathology and Laboratory Medicine,University of Western Ontario,800 Commissioners Rd E,London,Ontario,N6A 5W9,Canada,ftp://ftp.ncbi.nlm.nih.gov/geo/samples/GSM3267nnn/GSM3267114/suppl/GSM3267114_202081120218_R05C01_Grn.idat.gz,ftp://ftp.ncbi.nlm.nih.gov/geo/samples/GSM3267nnn/GSM3267114/suppl/GSM3267114_202081120218_R05C01_Red.idat.gz,866091,Coffin-Siris syndrome,Whole Blood,cpgcorpus,,,,,,BAFopathy,"ARID1A,ARID1B,SMARCB1,SMARCA4,SMARCA2",614607; 135900; 614609; 614608; 601358,50.0,19.0,yes,CSS1,ARID1B,,,,,,BAFopathy,"ARID1A,ARID1B,SMARCB1,SMARCA4,SMARCA2",614607; 135900; 614609; 614608; 601358,50.0,19.0,yes,CSS4,SMARCA4,,,,,,BAFopathy,"ARID1A,ARID1B,SMARCB1,SMARCA4,SMARCA2",614607; 135900; 614609; 614608; 601358,50.0,19.0,yes,CSS1,ARID1B
GSE116992_GPL13534_sample_25,GSE116992,GPL13534,BAFopathy,BAFopathy,"ARID1A,ARID1B,SMARCB1,SMARCA4,SMARCA2",case,ms1169_coffin-siris syndrome 1 ms1169 disease state: coffin-siris syndrome sample 5,"CpGCorpus,existing",True,True,False,cpgcorpus,2026-02-18T12:08:16.114837,data/ajhg2020/GSE116992/GPL13534/betas/QCDPB.arrow,fe0f76ef5a2ad4cd5fc014fb2292df31fa0c6aa32294a7a6b25cdbde88a44e99,7.0,485579.0,data/ajhg2020/GSE116992/GPL13534/metadata/metadata.arrow,370d204121de92891c6c4c644210b07df9b2517453e8d811b3fe2788d196e712,,,,,,,,,,,,,,,,,,,,,,,,,,,,,,,,,,,,,,,existing,GSE116992,GPL13534,BAFopathy,BAFopathy,"ARID1A,ARID1B,SMARCB1,SMARCA4,SMARCA2",case,none none none none,"CpGCorpus,existing",True,True,False,cpgcorpus,2026-02-18T12:08:16.114837,data/ajhg2020/GSE116992/GPL13534/betas/QCDPB.arrow,fe0f76ef5a2ad4cd5fc014fb2292df31fa0c6aa32294a7a6b25cdbde88a44e99,7.0,485579.0,data/ajhg2020/GSE116992/GPL13534/metadata/metadata.arrow,370d204121de92891c6c4c644210b07df9b2517453e8d811b3fe2788d196e712,,,,,,,,,,,,,,,,,,,,,,,,,,,,,,,,,,,,,,,existing,GSE116992,GPL21145,BAFopathy,BAFopathy,"ARID1A,ARID1B,SMARCB1,SMARCA4,SMARCA2",case,ms1169_coffin-siris syndrome 1 ms1169 disease state: coffin-siris syndrome sample 5,CpGCorpus,True,True,False,cpgcorpus,2026-02-18T12:08:40.543840,data/ajhg2020/GSE116992/GPL21145/betas/QCDPB.arrow,ae8c0245f746bf774b0636a41b24d00e8db8bf680733ea49d277223958098d2b,22.0,865920.0,data/ajhg2020/GSE116992/GPL21145/metadata/metadata.arrow,44643b37822dd38dd82a4e2ff431aba9941f46f8558b3918a3dd505293ce1c74,GSM3267115,MS1169_Coffin-Siris Syndrome 1,GSM3267115,Public on Nov 07 2018,Jul 12 2018,Nov 07 2018,genomic,1,MS1169,Homo sapiens,disease state: Coffin-Siris syndrome,tissue: Whole Blood,N/A,N/A,genomic DNA,Standard DNA extraction from blood,Cy5 and Cy3,According to the manufacturer's protocol,9606,According to the manufacturer's protocol,iScan,SAMPLE 5,"Illumina Normalization method with background correction, using minfi package in R 3.4.2",GPL21145,"Bekim,,Sadikovic",bekim.sadikovic@lhsc.on.ca,Pathology and Laboratory Medicine,University of Western Ontario,800 Commissioners Rd E,London,Ontario,N6A 5W9,Canada,ftp://ftp.ncbi.nlm.nih.gov/geo/samples/GSM3267nnn/GSM3267115/suppl/GSM3267115_202081120218_R06C01_Grn.idat.gz,ftp://ftp.ncbi.nlm.nih.gov/geo/samples/GSM3267nnn/GSM3267115/suppl/GSM3267115_202081120218_R06C01_Red.idat.gz,866091,Coffin-Siris syndrome,Whole Blood,cpgcorpus,,,,,,BAFopathy,"ARID1A,ARID1B,SMARCB1,SMARCA4,SMARCA2",614607; 135900; 614609; 614608; 601358,50.0,19.0,yes,CSS1,ARID1B,,,,,,BAFopathy,"ARID1A,ARID1B,SMARCB1,SMARCA4,SMARCA2",614607; 135900; 614609; 614608; 601358,50.0,19.0,yes,CSS1,ARID1B,,,,,,BAFopathy,"ARID1A,ARID1B,SMARCB1,SMARCA4,SMARCA2",614607; 135900; 614609; 614608; 601358,50.0,19.0,yes,CSS1,ARID1B
GSE116992_GPL13534_sample_26,GSE116992,GPL13534,BAFopathy,BAFopathy,"ARID1A,ARID1B,SMARCB1,SMARCA4,SMARCA2",case,ms1170_coffin-siris syndrome 1 ms1170 disease state: coffin-siris syndrome sample 6,"CpGCorpus,existing",True,True,False,cpgcorpus,2026-02-18T12:08:16.114837,data/ajhg2020/GSE116992/GPL13534/betas/QCDPB.arrow,fe0f76ef5a2ad4cd5fc014fb2292df31fa0c6aa32294a7a6b25cdbde88a44e99,7.0,485579.0,data/ajhg2020/GSE116992/GPL13534/metadata/metadata.arrow,370d204121de92891c6c4c644210b07df9b2517453e8d811b3fe2788d196e712,,,,,,,,,,,,,,,,,,,,,,,,,,,,,,,,,,,,,,,existing,GSE116992,GPL13534,BAFopathy,BAFopathy,"ARID1A,ARID1B,SMARCB1,SMARCA4,SMARCA2",case,none none none none,"CpGCorpus,existing",True,True,False,cpgcorpus,2026-02-18T12:08:16.114837,data/ajhg2020/GSE116992/GPL13534/betas/QCDPB.arrow,fe0f76ef5a2ad4cd5fc014fb2292df31fa0c6aa32294a7a6b25cdbde88a44e99,7.0,485579.0,data/ajhg2020/GSE116992/GPL13534/metadata/metadata.arrow,370d204121de92891c6c4c644210b07df9b2517453e8d811b3fe2788d196e712,,,,,,,,,,,,,,,,,,,,,,,,,,,,,,,,,,,,,,,existing,GSE116992,GPL21145,BAFopathy,BAFopathy,"ARID1A,ARID1B,SMARCB1,SMARCA4,SMARCA2",case,ms1170_coffin-siris syndrome 1 ms1170 disease state: coffin-siris syndrome sample 6,CpGCorpus,True,True,False,cpgcorpus,2026-02-18T12:08:40.543840,data/ajhg2020/GSE116992/GPL21145/betas/QCDPB.arrow,ae8c0245f746bf774b0636a41b24d00e8db8bf680733ea49d277223958098d2b,22.0,865920.0,data/ajhg2020/GSE116992/GPL21145/metadata/metadata.arrow,44643b37822dd38dd82a4e2ff431aba9941f46f8558b3918a3dd505293ce1c74,GSM3267116,MS1170_Coffin-Siris Syndrome 1,GSM3267116,Public on Nov 07 2018,Jul 12 2018,Nov 07 2018,genomic,1,MS1170,Homo sapiens,disease state: Coffin-Siris syndrome,tissue: Whole Blood,N/A,N/A,genomic DNA,Standard DNA extraction from blood,Cy5 and Cy3,According to the manufacturer's protocol,9606,According to the manufacturer's protocol,iScan,SAMPLE 6,"Illumina Normalization method with background correction, using minfi package in R 3.4.2",GPL21145,"Bekim,,Sadikovic",bekim.sadikovic@lhsc.on.ca,Pathology and Laboratory Medicine,University of Western Ontario,800 Commissioners Rd E,London,Ontario,N6A 5W9,Canada,ftp://ftp.ncbi.nlm.nih.gov/geo/samples/GSM3267nnn/GSM3267116/suppl/GSM3267116_202081120218_R07C01_Grn.idat.gz,ftp://ftp.ncbi.nlm.nih.gov/geo/samples/GSM3267nnn/GSM3267116/suppl/GSM3267116_202081120218_R07C01_Red.idat.gz,866091,Coffin-Siris syndrome,Whole Blood,cpgcorpus,,,,,,BAFopathy,"ARID1A,ARID1B,SMARCB1,SMARCA4,SMARCA2",614607; 135900; 614609; 614608; 601358,50.0,19.0,yes,CSS1,ARID1B,,,,,,BAFopathy,"ARID1A,ARID1B,SMARCB1,SMARCA4,SMARCA2",614607; 135900; 614609; 614608; 601358,50.0,19.0,yes,CSS1,ARID1B,,,,,,BAFopathy,"ARID1A,ARID1B,SMARCB1,SMARCA4,SMARCA2",614607; 135900; 614609; 614608; 601358,50.0,19.0,yes,CSS1,ARID1B
GSE116992_GPL13534_sample_27,GSE116992,GPL13534,BAFopathy,BAFopathy,"ARID1A,ARID1B,SMARCB1,SMARCA4,SMARCA2",case,ms1176_coffin-siris syndrome 1 ms1176 disease state: coffin-siris syndrome sample 7,"CpGCorpus,existing",True,True,False,cpgcorpus,2026-02-18T12:08:16.114837,data/ajhg2020/GSE116992/GPL13534/betas/QCDPB.arrow,fe0f76ef5a2ad4cd5fc014fb2292df31fa0c6aa32294a7a6b25cdbde88a44e99,7.0,485579.0,data/ajhg2020/GSE116992/GPL13534/metadata/metadata.arrow,370d204121de92891c6c4c644210b07df9b2517453e8d811b3fe2788d196e712,,,,,,,,,,,,,,,,,,,,,,,,,,,,,,,,,,,,,,,existing,GSE116992,GPL13534,BAFopathy,BAFopathy,"ARID1A,ARID1B,SMARCB1,SMARCA4,SMARCA2",case,none none none none,"CpGCorpus,existing",True,True,False,cpgcorpus,2026-02-18T12:08:16.114837,data/ajhg2020/GSE116992/GPL13534/betas/QCDPB.arrow,fe0f76ef5a2ad4cd5fc014fb2292df31fa0c6aa32294a7a6b25cdbde88a44e99,7.0,485579.0,data/ajhg2020/GSE116992/GPL13534/metadata/metadata.arrow,370d204121de92891c6c4c644210b07df9b2517453e8d811b3fe2788d196e712,,,,,,,,,,,,,,,,,,,,,,,,,,,,,,,,,,,,,,,existing,GSE116992,GPL21145,BAFopathy,BAFopathy,"ARID1A,ARID1B,SMARCB1,SMARCA4,SMARCA2",case,ms1176_coffin-siris syndrome 1 ms1176 disease state: coffin-siris syndrome sample 7,CpGCorpus,True,True,False,cpgcorpus,2026-02-18T12:08:40.543840,data/ajhg2020/GSE116992/GPL21145/betas/QCDPB.arrow,ae8c0245f746bf774b0636a41b24d00e8db8bf680733ea49d277223958098d2b,22.0,865920.0,data/ajhg2020/GSE116992/GPL21145/metadata/metadata.arrow,44643b37822dd38dd82a4e2ff431aba9941f46f8558b3918a3dd505293ce1c74,GSM3267117,MS1176_Coffin-Siris Syndrome 1,GSM3267117,Public on Nov 07 2018,Jul 12 2018,Nov 07 2018,genomic,1,MS1176,Homo sapiens,disease state: Coffin-Siris syndrome,tissue: Whole Blood,N/A,N/A,genomic DNA,Standard DNA extraction from blood,Cy5 and Cy3,According to the manufacturer's protocol,9606,According to the manufacturer's protocol,iScan,SAMPLE 7,"Illumina Normalization method with background correction, using minfi package in R 3.4.2",GPL21145,"Bekim,,Sadikovic",bekim.sadikovic@lhsc.on.ca,Pathology and Laboratory Medicine,University of Western Ontario,800 Commissioners Rd E,London,Ontario,N6A 5W9,Canada,ftp://ftp.ncbi.nlm.nih.gov/geo/samples/GSM3267nnn/GSM3267117/suppl/GSM3267117_202081130042_R05C01_Grn.idat.gz,ftp://ftp.ncbi.nlm.nih.gov/geo/samples/GSM3267nnn/GSM3267117/suppl/GSM3267117_202081130042_R05C01_Red.idat.gz,866091,Coffin-Siris syndrome,Whole Blood,cpgcorpus,,,,,,BAFopathy,"ARID1A,ARID1B,SMARCB1,SMARCA4,SMARCA2",614607; 135900; 614609; 614608; 601358,50.0,19.0,yes,CSS1,ARID1B,,,,,,BAFopathy,"ARID1A,ARID1B,SMARCB1,SMARCA4,SMARCA2",614607; 135900; 614609; 614608; 601358,50.0,19.0,yes,CSS1,ARID1B,,,,,,BAFopathy,"ARID1A,ARID1B,SMARCB1,SMARCA4,SMARCA2",614607; 135900; 614609; 614608; 601358,50.0,19.0,yes,CSS1,ARID1B
GSE116992_GPL13534_sample_28,GSE116992,GPL13534,BAFopathy,BAFopathy,"ARID1A,ARID1B,SMARCB1,SMARCA4,SMARCA2",case,ms1177_coffin-siris syndrome 1 ms1177 disease state: coffin-siris syndrome sample 8,"CpGCorpus,existing",True,True,False,cpgcorpus,2026-02-18T12:08:16.114837,data/ajhg2020/GSE116992/GPL13534/betas/QCDPB.arrow,fe0f76ef5a2ad4cd5fc014fb2292df31fa0c6aa32294a7a6b25cdbde88a44e99,7.0,485579.0,data/ajhg2020/GSE116992/GPL13534/metadata/metadata.arrow,370d204121de92891c6c4c644210b07df9b2517453e8d811b3fe2788d196e712,,,,,,,,,,,,,,,,,,,,,,,,,,,,,,,,,,,,,,,existing,GSE116992,GPL13534,BAFopathy,BAFopathy,"ARID1A,ARID1B,SMARCB1,SMARCA4,SMARCA2",case,none none none none,"CpGCorpus,existing",True,True,False,cpgcorpus,2026-02-18T12:08:16.114837,data/ajhg2020/GSE116992/GPL13534/betas/QCDPB.arrow,fe0f76ef5a2ad4cd5fc014fb2292df31fa0c6aa32294a7a6b25cdbde88a44e99,7.0,485579.0,data/ajhg2020/GSE116992/GPL13534/metadata/metadata.arrow,370d204121de92891c6c4c644210b07df9b2517453e8d811b3fe2788d196e712,,,,,,,,,,,,,,,,,,,,,,,,,,,,,,,,,,,,,,,existing,GSE116992,GPL21145,BAFopathy,BAFopathy,"ARID1A,ARID1B,SMARCB1,SMARCA4,SMARCA2",case,ms1177_coffin-siris syndrome 1 ms1177 disease state: coffin-siris syndrome sample 8,CpGCorpus,True,True,False,cpgcorpus,2026-02-18T12:08:40.543840,data/ajhg2020/GSE116992/GPL21145/betas/QCDPB.arrow,ae8c0245f746bf774b0636a41b24d00e8db8bf680733ea49d277223958098d2b,22.0,865920.0,data/ajhg2020/GSE116992/GPL21145/metadata/metadata.arrow,44643b37822dd38dd82a4e2ff431aba9941f46f8558b3918a3dd505293ce1c74,GSM3267118,MS1177_Coffin-Siris Syndrome 1,GSM3267118,Public on Nov 07 2018,Jul 12 2018,Nov 07 2018,genomic,1,MS1177,Homo sapiens,disease state: Coffin-Siris syndrome,tissue: Whole Blood,N/A,N/A,genomic DNA,Standard DNA extraction from blood,Cy5 and Cy3,According to the manufacturer's protocol,9606,According to the manufacturer's protocol,iScan,SAMPLE 8,"Illumina Normalization method with background correction, using minfi package in R 3.4.2",GPL21145,"Bekim,,Sadikovic",bekim.sadikovic@lhsc.on.ca,Pathology and Laboratory Medicine,University of Western Ontario,800 Commissioners Rd E,London,Ontario,N6A 5W9,Canada,ftp://ftp.ncbi.nlm.nih.gov/geo/samples/GSM3267nnn/GSM3267118/suppl/GSM3267118_202081130042_R06C01_Grn.idat.gz,ftp://ftp.ncbi.nlm.nih.gov/geo/samples/GSM3267nnn/GSM3267118/suppl/GSM3267118_202081130042_R06C01_Red.idat.gz,866091,Coffin-Siris syndrome,Whole Blood,cpgcorpus,,,,,,BAFopathy,"ARID1A,ARID1B,SMARCB1,SMARCA4,SMARCA2",614607; 135900; 614609; 614608; 601358,50.0,19.0,yes,CSS1,ARID1B,,,,,,BAFopathy,"ARID1A,ARID1B,SMARCB1,SMARCA4,SMARCA2",614607; 135900; 614609; 614608; 601358,50.0,19.0,yes,CSS1,ARID1B,,,,,,BAFopathy,"ARID1A,ARID1B,SMARCB1,SMARCA4,SMARCA2",614607; 135900; 614609; 614608; 601358,50.0,19.0,yes,CSS1,ARID1B
GSE116992_GPL13534_sample_29,GSE116992,GPL13534,BAFopathy,BAFopathy,"ARID1A,ARID1B,SMARCB1,SMARCA4,SMARCA2",case,ms1221_nicolaides-baraitser syndrome ms1221 disease state: nicolaides-baraitser syndrome sample 9,"CpGCorpus,existing",True,True,False,cpgcorpus,2026-02-18T12:08:16.114837,data/ajhg2020/GSE116992/GPL13534/betas/QCDPB.arrow,fe0f76ef5a2ad4cd5fc014fb2292df31fa0c6aa32294a7a6b25cdbde88a44e99,7.0,485579.0,data/ajhg2020/GSE116992/GPL13534/metadata/metadata.arrow,370d204121de92891c6c4c644210b07df9b2517453e8d811b3fe2788d196e712,,,,,,,,,,,,,,,,,,,,,,,,,,,,,,,,,,,,,,,existing,GSE116992,GPL13534,BAFopathy,BAFopathy,"ARID1A,ARID1B,SMARCB1,SMARCA4,SMARCA2",case,none none none none,"CpGCorpus,existing",True,True,False,cpgcorpus,2026-02-18T12:08:16.114837,data/ajhg2020/GSE116992/GPL13534/betas/QCDPB.arrow,fe0f76ef5a2ad4cd5fc014fb2292df31fa0c6aa32294a7a6b25cdbde88a44e99,7.0,485579.0,data/ajhg2020/GSE116992/GPL13534/metadata/metadata.arrow,370d204121de92891c6c4c644210b07df9b2517453e8d811b3fe2788d196e712,,,,,,,,,,,,,,,,,,,,,,,,,,,,,,,,,,,,,,,existing,GSE116992,GPL21145,BAFopathy,BAFopathy,"ARID1A,ARID1B,SMARCB1,SMARCA4,SMARCA2",case,ms1221_nicolaides-baraitser syndrome ms1221 disease state: nicolaides-baraitser syndrome sample 9,CpGCorpus,True,True,False,cpgcorpus,2026-02-18T12:08:40.543840,data/ajhg2020/GSE116992/GPL21145/betas/QCDPB.arrow,ae8c0245f746bf774b0636a41b24d00e8db8bf680733ea49d277223958098d2b,22.0,865920.0,data/ajhg2020/GSE116992/GPL21145/metadata/metadata.arrow,44643b37822dd38dd82a4e2ff431aba9941f46f8558b3918a3dd505293ce1c74,GSM3267119,MS1221_Nicolaides-Baraitser syndrome,GSM3267119,Public on Nov 07 2018,Jul 12 2018,Nov 07 2018,genomic,1,MS1221,Homo sapiens,disease state: Nicolaides-Baraitser syndrome,tissue: Whole Blood,N/A,N/A,genomic DNA,Standard DNA extraction from blood,Cy5 and Cy3,According to the manufacturer's protocol,9606,According to the manufacturer's protocol,iScan,SAMPLE 9,"Illumina Normalization method with background correction, using minfi package in R 3.4.2",GPL21145,"Bekim,,Sadikovic",bekim.sadikovic@lhsc.on.ca,Pathology and Laboratory Medicine,University of Western Ontario,800 Commissioners Rd E,London,Ontario,N6A 5W9,Canada,ftp://ftp.ncbi.nlm.nih.gov/geo/samples/GSM3267nnn/GSM3267119/suppl/GSM3267119_202226320152_R02C01_Grn.idat.gz,ftp://ftp.ncbi.nlm.nih.gov/geo/samples/GSM3267nnn/GSM3267119/suppl/GSM3267119_202226320152_R02C01_Red.idat.gz,866091,Nicolaides-Baraitser syndrome,Whole Blood,cpgcorpus,,,,,,BAFopathy,"ARID1A,ARID1B,SMARCB1,SMARCA4,SMARCA2",614607; 135900; 614609; 614608; 601358,50.0,19.0,yes,NCBRS,SMARCA2,,,,,,BAFopathy,"ARID1A,ARID1B,SMARCB1,SMARCA4,SMARCA2",614607; 135900; 614609; 614608; 601358,50.0,19.0,yes,NCBRS,SMARCA2,,,,,,BAFopathy,"ARID1A,ARID1B,SMARCB1,SMARCA4,SMARCA2",614607; 135900; 614609; 614608; 601358,50.0,19.0,yes,NCBRS,SMARCA2
GSE116992_GPL13534_sample_30,GSE116992,GPL13534,BAFopathy,BAFopathy,"ARID1A,ARID1B,SMARCB1,SMARCA4,SMARCA2",case,ms1222_nicolaides-baraitser syndrome ms1222 disease state: nicolaides-baraitser syndrome sample 10,"CpGCorpus,existing",True,True,False,cpgcorpus,2026-02-18T12:08:16.114837,data/ajhg2020/GSE116992/GPL13534/betas/QCDPB.arrow,fe0f76ef5a2ad4cd5fc014fb2292df31fa0c6aa32294a7a6b25cdbde88a44e99,7.0,485579.0,data/ajhg2020/GSE116992/GPL13534/metadata/metadata.arrow,370d204121de92891c6c4c644210b07df9b2517453e8d811b3fe2788d196e712,,,,,,,,,,,,,,,,,,,,,,,,,,,,,,,,,,,,,,,existing,GSE116992,GPL13534,BAFopathy,BAFopathy,"ARID1A,ARID1B,SMARCB1,SMARCA4,SMARCA2",case,none none none none,"CpGCorpus,existing",True,True,False,cpgcorpus,2026-02-18T12:08:16.114837,data/ajhg2020/GSE116992/GPL13534/betas/QCDPB.arrow,fe0f76ef5a2ad4cd5fc014fb2292df31fa0c6aa32294a7a6b25cdbde88a44e99,7.0,485579.0,data/ajhg2020/GSE116992/GPL13534/metadata/metadata.arrow,370d204121de92891c6c4c644210b07df9b2517453e8d811b3fe2788d196e712,,,,,,,,,,,,,,,,,,,,,,,,,,,,,,,,,,,,,,,existing,GSE116992,GPL21145,BAFopathy,BAFopathy,"ARID1A,ARID1B,SMARCB1,SMARCA4,SMARCA2",case,ms1222_nicolaides-baraitser syndrome ms1222 disease state: nicolaides-baraitser syndrome sample 10,CpGCorpus,True,True,False,cpgcorpus,2026-02-18T12:08:40.543840,data/ajhg2020/GSE116992/GPL21145/betas/QCDPB.arrow,ae8c0245f746bf774b0636a41b24d00e8db8bf680733ea49d277223958098d2b,22.0,865920.0,data/ajhg2020/GSE116992/GPL21145/metadata/metadata.arrow,44643b37822dd38dd82a4e2ff431aba9941f46f8558b3918a3dd505293ce1c74,GSM3267120,MS1222_Nicolaides-Baraitser syndrome,GSM3267120,Public on Nov 07 2018,Jul 12 2018,Nov 07 2018,genomic,1,MS1222,Homo sapiens,disease state: Nicolaides-Baraitser syndrome,tissue: Whole Blood,N/A,N/A,genomic DNA,Standard DNA extraction from blood,Cy5 and Cy3,According to the manufacturer's protocol,9606,According to the manufacturer's protocol,iScan,SAMPLE 10,"Illumina Normalization method with background correction, using minfi package in R 3.4.2",GPL21145,"Bekim,,Sadikovic",bekim.sadikovic@lhsc.on.ca,Pathology and Laboratory Medicine,University of Western Ontario,800 Commissioners Rd E,London,Ontario,N6A 5W9,Canada,ftp://ftp.ncbi.nlm.nih.gov/geo/samples/GSM3267nnn/GSM3267120/suppl/GSM3267120_202226320152_R03C01_Grn.idat.gz,ftp://ftp.ncbi.nlm.nih.gov/geo/samples/GSM3267nnn/GSM3267120/suppl/GSM3267120_202226320152_R03C01_Red.idat.gz,866091,Nicolaides-Baraitser syndrome,Whole Blood,cpgcorpus,,,,,,BAFopathy,"ARID1A,ARID1B,SMARCB1,SMARCA4,SMARCA2",614607; 135900; 614609; 614608; 601358,50.0,19.0,yes,NCBRS,SMARCA2,,,,,,BAFopathy,"ARID1A,ARID1B,SMARCB1,SMARCA4,SMARCA2",614607; 135900; 614609; 614608; 601358,50.0,19.0,yes,NCBRS,SMARCA2,,,,,,BAFopathy,"ARID1A,ARID1B,SMARCB1,SMARCA4,SMARCA2",614607; 135900; 614609; 614608; 601358,50.0,19.0,yes,NCBRS,SMARCA2
GSE116992_GPL13534_sample_31,GSE116992,GPL13534,BAFopathy,BAFopathy,"ARID1A,ARID1B,SMARCB1,SMARCA4,SMARCA2",case,ms1223_nicolaides-baraitser syndrome ms1223 disease state: nicolaides-baraitser syndrome sample 11,"CpGCorpus,existing",True,True,False,cpgcorpus,2026-02-18T12:08:16.114837,data/ajhg2020/GSE116992/GPL13534/betas/QCDPB.arrow,fe0f76ef5a2ad4cd5fc014fb2292df31fa0c6aa32294a7a6b25cdbde88a44e99,7.0,485579.0,data/ajhg2020/GSE116992/GPL13534/metadata/metadata.arrow,370d204121de92891c6c4c644210b07df9b2517453e8d811b3fe2788d196e712,,,,,,,,,,,,,,,,,,,,,,,,,,,,,,,,,,,,,,,existing,GSE116992,GPL13534,BAFopathy,BAFopathy,"ARID1A,ARID1B,SMARCB1,SMARCA4,SMARCA2",case,none none none none,"CpGCorpus,existing",True,True,False,cpgcorpus,2026-02-18T12:08:16.114837,data/ajhg2020/GSE116992/GPL13534/betas/QCDPB.arrow,fe0f76ef5a2ad4cd5fc014fb2292df31fa0c6aa32294a7a6b25cdbde88a44e99,7.0,485579.0,data/ajhg2020/GSE116992/GPL13534/metadata/metadata.arrow,370d204121de92891c6c4c644210b07df9b2517453e8d811b3fe2788d196e712,,,,,,,,,,,,,,,,,,,,,,,,,,,,,,,,,,,,,,,existing,GSE116992,GPL21145,BAFopathy,BAFopathy,"ARID1A,ARID1B,SMARCB1,SMARCA4,SMARCA2",case,ms1223_nicolaides-baraitser syndrome ms1223 disease state: nicolaides-baraitser syndrome sample 11,CpGCorpus,True,True,False,cpgcorpus,2026-02-18T12:08:40.543840,data/ajhg2020/GSE116992/GPL21145/betas/QCDPB.arrow,ae8c0245f746bf774b0636a41b24d00e8db8bf680733ea49d277223958098d2b,22.0,865920.0,data/ajhg2020/GSE116992/GPL21145/metadata/metadata.arrow,44643b37822dd38dd82a4e2ff431aba9941f46f8558b3918a3dd505293ce1c74,GSM3267121,MS1223_Nicolaides-Baraitser syndrome,GSM3267121,Public on Nov 07 2018,Jul 12 2018,Nov 07 2018,genomic,1,MS1223,Homo sapiens,disease state: Nicolaides-Baraitser syndrome,tissue: Whole Blood,N/A,N/A,genomic DNA,Standard DNA extraction from blood,Cy5 and Cy3,According to the manufacturer's protocol,9606,According to the manufacturer's protocol,iScan,SAMPLE 11,"Illumina Normalization method with background correction, using minfi package in R 3.4.2",GPL21145,"Bekim,,Sadikovic",bekim.sadikovic@lhsc.on.ca,Pathology and Laboratory Medicine,University of Western Ontario,800 Commissioners Rd E,London,Ontario,N6A 5W9,Canada,ftp://ftp.ncbi.nlm.nih.gov/geo/samples/GSM3267nnn/GSM3267121/suppl/GSM3267121_202226320152_R04C01_Grn.idat.gz,ftp://ftp.ncbi.nlm.nih.gov/geo/samples/GSM3267nnn/GSM3267121/suppl/GSM3267121_202226320152_R04C01_Red.idat.gz,866091,Nicolaides-Baraitser syndrome,Whole Blood,cpgcorpus,,,,,,BAFopathy,"ARID1A,ARID1B,SMARCB1,SMARCA4,SMARCA2",614607; 135900; 614609; 614608; 601358,50.0,19.0,yes,NCBRS,SMARCA2,,,,,,BAFopathy,"ARID1A,ARID1B,SMARCB1,SMARCA4,SMARCA2",614607; 135900; 614609; 614608; 601358,50.0,19.0,yes,NCBRS,SMARCA2,,,,,,BAFopathy,"ARID1A,ARID1B,SMARCB1,SMARCA4,SMARCA2",614607; 135900; 614609; 614608; 601358,50.0,19.0,yes,NCBRS,SMARCA2
GSE116992_GPL13534_sample_32,GSE116992,GPL13534,BAFopathy,BAFopathy,"ARID1A,ARID1B,SMARCB1,SMARCA4,SMARCA2",case,ms1227_nicolaides-baraitser syndrome ms1227 disease state: nicolaides-baraitser syndrome sample 12,"CpGCorpus,existing",True,True,False,cpgcorpus,2026-02-18T12:08:16.114837,data/ajhg2020/GSE116992/GPL13534/betas/QCDPB.arrow,fe0f76ef5a2ad4cd5fc014fb2292df31fa0c6aa32294a7a6b25cdbde88a44e99,7.0,485579.0,data/ajhg2020/GSE116992/GPL13534/metadata/metadata.arrow,370d204121de92891c6c4c644210b07df9b2517453e8d811b3fe2788d196e712,,,,,,,,,,,,,,,,,,,,,,,,,,,,,,,,,,,,,,,existing,GSE116992,GPL13534,BAFopathy,BAFopathy,"ARID1A,ARID1B,SMARCB1,SMARCA4,SMARCA2",case,none none none none,"CpGCorpus,existing",True,True,False,cpgcorpus,2026-02-18T12:08:16.114837,data/ajhg2020/GSE116992/GPL13534/betas/QCDPB.arrow,fe0f76ef5a2ad4cd5fc014fb2292df31fa0c6aa32294a7a6b25cdbde88a44e99,7.0,485579.0,data/ajhg2020/GSE116992/GPL13534/metadata/metadata.arrow,370d204121de92891c6c4c644210b07df9b2517453e8d811b3fe2788d196e712,,,,,,,,,,,,,,,,,,,,,,,,,,,,,,,,,,,,,,,existing,GSE116992,GPL21145,BAFopathy,BAFopathy,"ARID1A,ARID1B,SMARCB1,SMARCA4,SMARCA2",case,ms1227_nicolaides-baraitser syndrome ms1227 disease state: nicolaides-baraitser syndrome sample 12,CpGCorpus,True,True,False,cpgcorpus,2026-02-18T12:08:40.543840,data/ajhg2020/GSE116992/GPL21145/betas/QCDPB.arrow,ae8c0245f746bf774b0636a41b24d00e8db8bf680733ea49d277223958098d2b,22.0,865920.0,data/ajhg2020/GSE116992/GPL21145/metadata/metadata.arrow,44643b37822dd38dd82a4e2ff431aba9941f46f8558b3918a3dd505293ce1c74,GSM3267122,MS1227_Nicolaides-Baraitser syndrome,GSM3267122,Public on Nov 07 2018,Jul 12 2018,Nov 07 2018,genomic,1,MS1227,Homo sapiens,disease state: Nicolaides-Baraitser syndrome,tissue: Whole Blood,N/A,N/A,genomic DNA,Standard DNA extraction from blood,Cy5 and Cy3,According to the manufacturer's protocol,9606,According to the manufacturer's protocol,iScan,SAMPLE 12,"Illumina Normalization method with background correction, using minfi package in R 3.4.2",GPL21145,"Bekim,,Sadikovic",bekim.sadikovic@lhsc.on.ca,Pathology and Laboratory Medicine,University of Western Ontario,800 Commissioners Rd E,London,Ontario,N6A 5W9,Canada,ftp://ftp.ncbi.nlm.nih.gov/geo/samples/GSM3267nnn/GSM3267122/suppl/GSM3267122_202226320152_R08C01_Grn.idat.gz,ftp://ftp.ncbi.nlm.nih.gov/geo/samples/GSM3267nnn/GSM3267122/suppl/GSM3267122_202226320152_R08C01_Red.idat.gz,866091,Nicolaides-Baraitser syndrome,Whole Blood,cpgcorpus,,,,,,BAFopathy,"ARID1A,ARID1B,SMARCB1,SMARCA4,SMARCA2",614607; 135900; 614609; 614608; 601358,50.0,19.0,yes,NCBRS,SMARCA2,,,,,,BAFopathy,"ARID1A,ARID1B,SMARCB1,SMARCA4,SMARCA2",614607; 135900; 614609; 614608; 601358,50.0,19.0,yes,NCBRS,SMARCA2,,,,,,BAFopathy,"ARID1A,ARID1B,SMARCB1,SMARCA4,SMARCA2",614607; 135900; 614609; 614608; 601358,50.0,19.0,yes,NCBRS,SMARCA2
GSE116992_GPL13534_sample_33,GSE116992,GPL13534,BAFopathy,BAFopathy,"ARID1A,ARID1B,SMARCB1,SMARCA4,SMARCA2",case,ms1237_nicolaides-baraitser syndrome ms1237 disease state: nicolaides-baraitser syndrome sample 13,"CpGCorpus,existing",True,True,False,cpgcorpus,2026-02-18T12:08:16.114837,data/ajhg2020/GSE116992/GPL13534/betas/QCDPB.arrow,fe0f76ef5a2ad4cd5fc014fb2292df31fa0c6aa32294a7a6b25cdbde88a44e99,7.0,485579.0,data/ajhg2020/GSE116992/GPL13534/metadata/metadata.arrow,370d204121de92891c6c4c644210b07df9b2517453e8d811b3fe2788d196e712,,,,,,,,,,,,,,,,,,,,,,,,,,,,,,,,,,,,,,,existing,GSE116992,GPL13534,BAFopathy,BAFopathy,"ARID1A,ARID1B,SMARCB1,SMARCA4,SMARCA2",case,none none none none,"CpGCorpus,existing",True,True,False,cpgcorpus,2026-02-18T12:08:16.114837,data/ajhg2020/GSE116992/GPL13534/betas/QCDPB.arrow,fe0f76ef5a2ad4cd5fc014fb2292df31fa0c6aa32294a7a6b25cdbde88a44e99,7.0,485579.0,data/ajhg2020/GSE116992/GPL13534/metadata/metadata.arrow,370d204121de92891c6c4c644210b07df9b2517453e8d811b3fe2788d196e712,,,,,,,,,,,,,,,,,,,,,,,,,,,,,,,,,,,,,,,existing,GSE116992,GPL21145,BAFopathy,BAFopathy,"ARID1A,ARID1B,SMARCB1,SMARCA4,SMARCA2",case,ms1237_nicolaides-baraitser syndrome ms1237 disease state: nicolaides-baraitser syndrome sample 13,CpGCorpus,True,True,False,cpgcorpus,2026-02-18T12:08:40.543840,data/ajhg2020/GSE116992/GPL21145/betas/QCDPB.arrow,ae8c0245f746bf774b0636a41b24d00e8db8bf680733ea49d277223958098d2b,22.0,865920.0,data/ajhg2020/GSE116992/GPL21145/metadata/metadata.arrow,44643b37822dd38dd82a4e2ff431aba9941f46f8558b3918a3dd505293ce1c74,GSM3267123,MS1237_Nicolaides-Baraitser syndrome,GSM3267123,Public on Nov 07 2018,Jul 12 2018,Nov 07 2018,genomic,1,MS1237,Homo sapiens,disease state: Nicolaides-Baraitser syndrome,tissue: Whole Blood,N/A,N/A,genomic DNA,Standard DNA extraction from blood,Cy5 and Cy3,According to the manufacturer's protocol,9606,According to the manufacturer's protocol,iScan,SAMPLE 13,"Illumina Normalization method with background correction, using minfi package in R 3.4.2",GPL21145,"Bekim,,Sadikovic",bekim.sadikovic@lhsc.on.ca,Pathology and Laboratory Medicine,University of Western Ontario,800 Commissioners Rd E,London,Ontario,N6A 5W9,Canada,ftp://ftp.ncbi.nlm.nih.gov/geo/samples/GSM3267nnn/GSM3267123/suppl/GSM3267123_202226320201_R02C01_Grn.idat.gz,ftp://ftp.ncbi.nlm.nih.gov/geo/samples/GSM3267nnn/GSM3267123/suppl/GSM3267123_202226320201_R02C01_Red.idat.gz,866091,Nicolaides-Baraitser syndrome,Whole Blood,cpgcorpus,,,,,,BAFopathy,"ARID1A,ARID1B,SMARCB1,SMARCA4,SMARCA2",614607; 135900; 614609; 614608; 601358,50.0,19.0,yes,NCBRS,SMARCA2,,,,,,BAFopathy,"ARID1A,ARID1B,SMARCB1,SMARCA4,SMARCA2",614607; 135900; 614609; 614608; 601358,50.0,19.0,yes,NCBRS,SMARCA2,,,,,,BAFopathy,"ARID1A,ARID1B,SMARCB1,SMARCA4,SMARCA2",614607; 135900; 614609; 614608; 601358,50.0,19.0,yes,NCBRS,SMARCA2
GSE116992_GPL13534_sample_34,GSE116992,GPL13534,BAFopathy,BAFopathy,"ARID1A,ARID1B,SMARCB1,SMARCA4,SMARCA2",case,ms1238_nicolaides-baraitser syndrome ms1238 disease state: nicolaides-baraitser syndrome sample 14,"CpGCorpus,existing",True,True,False,cpgcorpus,2026-02-18T12:08:16.114837,data/ajhg2020/GSE116992/GPL13534/betas/QCDPB.arrow,fe0f76ef5a2ad4cd5fc014fb2292df31fa0c6aa32294a7a6b25cdbde88a44e99,7.0,485579.0,data/ajhg2020/GSE116992/GPL13534/metadata/metadata.arrow,370d204121de92891c6c4c644210b07df9b2517453e8d811b3fe2788d196e712,,,,,,,,,,,,,,,,,,,,,,,,,,,,,,,,,,,,,,,existing,GSE116992,GPL13534,BAFopathy,BAFopathy,"ARID1A,ARID1B,SMARCB1,SMARCA4,SMARCA2",case,none none none none,"CpGCorpus,existing",True,True,False,cpgcorpus,2026-02-18T12:08:16.114837,data/ajhg2020/GSE116992/GPL13534/betas/QCDPB.arrow,fe0f76ef5a2ad4cd5fc014fb2292df31fa0c6aa32294a7a6b25cdbde88a44e99,7.0,485579.0,data/ajhg2020/GSE116992/GPL13534/metadata/metadata.arrow,370d204121de92891c6c4c644210b07df9b2517453e8d811b3fe2788d196e712,,,,,,,,,,,,,,,,,,,,,,,,,,,,,,,,,,,,,,,existing,GSE116992,GPL21145,BAFopathy,BAFopathy,"ARID1A,ARID1B,SMARCB1,SMARCA4,SMARCA2",case,ms1238_nicolaides-baraitser syndrome ms1238 disease state: nicolaides-baraitser syndrome sample 14,CpGCorpus,True,True,False,cpgcorpus,2026-02-18T12:08:40.543840,data/ajhg2020/GSE116992/GPL21145/betas/QCDPB.arrow,ae8c0245f746bf774b0636a41b24d00e8db8bf680733ea49d277223958098d2b,22.0,865920.0,data/ajhg2020/GSE116992/GPL21145/metadata/metadata.arrow,44643b37822dd38dd82a4e2ff431aba9941f46f8558b3918a3dd505293ce1c74,GSM3267124,MS1238_Nicolaides-Baraitser syndrome,GSM3267124,Public on Nov 07 2018,Jul 12 2018,Nov 07 2018,genomic,1,MS1238,Homo sapiens,disease state: Nicolaides-Baraitser syndrome,tissue: Whole Blood,N/A,N/A,genomic DNA,Standard DNA extraction from blood,Cy5 and Cy3,According to the manufacturer's protocol,9606,According to the manufacturer's protocol,iScan,SAMPLE 14,"Illumina Normalization method with background correction, using minfi package in R 3.4.2",GPL21145,"Bekim,,Sadikovic",bekim.sadikovic@lhsc.on.ca,Pathology and Laboratory Medicine,University of Western Ontario,800 Commissioners Rd E,London,Ontario,N6A 5W9,Canada,ftp://ftp.ncbi.nlm.nih.gov/geo/samples/GSM3267nnn/GSM3267124/suppl/GSM3267124_202226320201_R03C01_Grn.idat.gz,ftp://ftp.ncbi.nlm.nih.gov/geo/samples/GSM3267nnn/GSM3267124/suppl/GSM3267124_202226320201_R03C01_Red.idat.gz,866091,Nicolaides-Baraitser syndrome,Whole Blood,cpgcorpus,,,,,,BAFopathy,"ARID1A,ARID1B,SMARCB1,SMARCA4,SMARCA2",614607; 135900; 614609; 614608; 601358,50.0,19.0,yes,NCBRS,SMARCA2,,,,,,BAFopathy,"ARID1A,ARID1B,SMARCB1,SMARCA4,SMARCA2",614607; 135900; 614609; 614608; 601358,50.0,19.0,yes,NCBRS,SMARCA2,,,,,,BAFopathy,"ARID1A,ARID1B,SMARCB1,SMARCA4,SMARCA2",614607; 135900; 614609; 614608; 601358,50.0,19.0,yes,NCBRS,SMARCA2
GSE116992_GPL13534_sample_35,GSE116992,GPL13534,BAFopathy,BAFopathy,"ARID1A,ARID1B,SMARCB1,SMARCA4,SMARCA2",case,ms1243_nicolaides-baraitser syndrome ms1243 disease state: nicolaides-baraitser syndrome sample 15,"CpGCorpus,existing",True,True,False,cpgcorpus,2026-02-18T12:08:16.114837,data/ajhg2020/GSE116992/GPL13534/betas/QCDPB.arrow,fe0f76ef5a2ad4cd5fc014fb2292df31fa0c6aa32294a7a6b25cdbde88a44e99,7.0,485579.0,data/ajhg2020/GSE116992/GPL13534/metadata/metadata.arrow,370d204121de92891c6c4c644210b07df9b2517453e8d811b3fe2788d196e712,,,,,,,,,,,,,,,,,,,,,,,,,,,,,,,,,,,,,,,existing,GSE116992,GPL13534,BAFopathy,BAFopathy,"ARID1A,ARID1B,SMARCB1,SMARCA4,SMARCA2",case,none none none none,"CpGCorpus,existing",True,True,False,cpgcorpus,2026-02-18T12:08:16.114837,data/ajhg2020/GSE116992/GPL13534/betas/QCDPB.arrow,fe0f76ef5a2ad4cd5fc014fb2292df31fa0c6aa32294a7a6b25cdbde88a44e99,7.0,485579.0,data/ajhg2020/GSE116992/GPL13534/metadata/metadata.arrow,370d204121de92891c6c4c644210b07df9b2517453e8d811b3fe2788d196e712,,,,,,,,,,,,,,,,,,,,,,,,,,,,,,,,,,,,,,,existing,GSE116992,GPL21145,BAFopathy,BAFopathy,"ARID1A,ARID1B,SMARCB1,SMARCA4,SMARCA2",case,ms1243_nicolaides-baraitser syndrome ms1243 disease state: nicolaides-baraitser syndrome sample 15,CpGCorpus,True,True,False,cpgcorpus,2026-02-18T12:08:40.543840,data/ajhg2020/GSE116992/GPL21145/betas/QCDPB.arrow,ae8c0245f746bf774b0636a41b24d00e8db8bf680733ea49d277223958098d2b,22.0,865920.0,data/ajhg2020/GSE116992/GPL21145/metadata/metadata.arrow,44643b37822dd38dd82a4e2ff431aba9941f46f8558b3918a3dd505293ce1c74,GSM3267125,MS1243_Nicolaides-Baraitser syndrome,GSM3267125,Public on Nov 07 2018,Jul 12 2018,Nov 07 2018,genomic,1,MS1243,Homo sapiens,disease state: Nicolaides-Baraitser syndrome,tissue: Whole Blood,N/A,N/A,genomic DNA,Standard DNA extraction from blood,Cy5 and Cy3,According to the manufacturer's protocol,9606,According to the manufacturer's protocol,iScan,SAMPLE 15,"Illumina Normalization method with background correction, using minfi package in R 3.4.2",GPL21145,"Bekim,,Sadikovic",bekim.sadikovic@lhsc.on.ca,Pathology and Laboratory Medicine,University of Western Ontario,800 Commissioners Rd E,London,Ontario,N6A 5W9,Canada,ftp://ftp.ncbi.nlm.nih.gov/geo/samples/GSM3267nnn/GSM3267125/suppl/GSM3267125_202226320201_R08C01_Grn.idat.gz,ftp://ftp.ncbi.nlm.nih.gov/geo/samples/GSM3267nnn/GSM3267125/suppl/GSM3267125_202226320201_R08C01_Red.idat.gz,866091,Nicolaides-Baraitser syndrome,Whole Blood,cpgcorpus,,,,,,BAFopathy,"ARID1A,ARID1B,SMARCB1,SMARCA4,SMARCA2",614607; 135900; 614609; 614608; 601358,50.0,19.0,yes,NCBRS,SMARCA2,,,,,,BAFopathy,"ARID1A,ARID1B,SMARCB1,SMARCA4,SMARCA2",614607; 135900; 614609; 614608; 601358,50.0,19.0,yes,NCBRS,SMARCA2,,,,,,BAFopathy,"ARID1A,ARID1B,SMARCB1,SMARCA4,SMARCA2",614607; 135900; 614609; 614608; 601358,50.0,19.0,yes,NCBRS,SMARCA2
GSE116992_GPL13534_sample_36,GSE116992,GPL13534,BAFopathy,BAFopathy,"ARID1A,ARID1B,SMARCB1,SMARCA4,SMARCA2",case,ms1201_coffin-siris syndrome 1 ms1201 disease state: coffin-siris syndrome sample 16,"CpGCorpus,existing",True,True,False,cpgcorpus,2026-02-18T12:08:16.114837,data/ajhg2020/GSE116992/GPL13534/betas/QCDPB.arrow,fe0f76ef5a2ad4cd5fc014fb2292df31fa0c6aa32294a7a6b25cdbde88a44e99,7.0,485579.0,data/ajhg2020/GSE116992/GPL13534/metadata/metadata.arrow,370d204121de92891c6c4c644210b07df9b2517453e8d811b3fe2788d196e712,,,,,,,,,,,,,,,,,,,,,,,,,,,,,,,,,,,,,,,existing,GSE116992,GPL13534,BAFopathy,BAFopathy,"ARID1A,ARID1B,SMARCB1,SMARCA4,SMARCA2",case,none none none none,"CpGCorpus,existing",True,True,False,cpgcorpus,2026-02-18T12:08:16.114837,data/ajhg2020/GSE116992/GPL13534/betas/QCDPB.arrow,fe0f76ef5a2ad4cd5fc014fb2292df31fa0c6aa32294a7a6b25cdbde88a44e99,7.0,485579.0,data/ajhg2020/GSE116992/GPL13534/metadata/metadata.arrow,370d204121de92891c6c4c644210b07df9b2517453e8d811b3fe2788d196e712,,,,,,,,,,,,,,,,,,,,,,,,,,,,,,,,,,,,,,,existing,GSE116992,GPL21145,BAFopathy,BAFopathy,"ARID1A,ARID1B,SMARCB1,SMARCA4,SMARCA2",case,ms1201_coffin-siris syndrome 1 ms1201 disease state: coffin-siris syndrome sample 16,CpGCorpus,True,True,False,cpgcorpus,2026-02-18T12:08:40.543840,data/ajhg2020/GSE116992/GPL21145/betas/QCDPB.arrow,ae8c0245f746bf774b0636a41b24d00e8db8bf680733ea49d277223958098d2b,22.0,865920.0,data/ajhg2020/GSE116992/GPL21145/metadata/metadata.arrow,44643b37822dd38dd82a4e2ff431aba9941f46f8558b3918a3dd505293ce1c74,GSM3267126,MS1201_Coffin-Siris Syndrome 1,GSM3267126,Public on Nov 07 2018,Jul 12 2018,Nov 07 2018,genomic,1,MS1201,Homo sapiens,disease state: Coffin-Siris syndrome,tissue: Whole Blood,N/A,N/A,genomic DNA,Standard DNA extraction from blood,Cy5 and Cy3,According to the manufacturer's protocol,9606,According to the manufacturer's protocol,iScan,SAMPLE 16,"Illumina Normalization method with background correction, using minfi package in R 3.4.2",GPL21145,"Bekim,,Sadikovic",bekim.sadikovic@lhsc.on.ca,Pathology and Laboratory Medicine,University of Western Ontario,800 Commissioners Rd E,London,Ontario,N6A 5W9,Canada,ftp://ftp.ncbi.nlm.nih.gov/geo/samples/GSM3267nnn/GSM3267126/suppl/GSM3267126_202240580107_R06C01_Grn.idat.gz,ftp://ftp.ncbi.nlm.nih.gov/geo/samples/GSM3267nnn/GSM3267126/suppl/GSM3267126_202240580107_R06C01_Red.idat.gz,866091,Coffin-Siris syndrome,Whole Blood,cpgcorpus,,,,,,BAFopathy,"ARID1A,ARID1B,SMARCB1,SMARCA4,SMARCA2",614607; 135900; 614609; 614608; 601358,50.0,19.0,yes,CSS1,ARID1B,,,,,,BAFopathy,"ARID1A,ARID1B,SMARCB1,SMARCA4,SMARCA2",614607; 135900; 614609; 614608; 601358,50.0,19.0,yes,CSS1,ARID1B,,,,,,BAFopathy,"ARID1A,ARID1B,SMARCB1,SMARCA4,SMARCA2",614607; 135900; 614609; 614608; 601358,50.0,19.0,yes,CSS1,ARID1B
GSE116992_GPL13534_sample_37,GSE116992,GPL13534,BAFopathy,BAFopathy,"ARID1A,ARID1B,SMARCB1,SMARCA4,SMARCA2",case,ms1209_coffin-siris syndrome 4 ms1209 disease state: coffin-siris syndrome sample 17,"CpGCorpus,existing",True,True,False,cpgcorpus,2026-02-18T12:08:16.114837,data/ajhg2020/GSE116992/GPL13534/betas/QCDPB.arrow,fe0f76ef5a2ad4cd5fc014fb2292df31fa0c6aa32294a7a6b25cdbde88a44e99,7.0,485579.0,data/ajhg2020/GSE116992/GPL13534/metadata/metadata.arrow,370d204121de92891c6c4c644210b07df9b2517453e8d811b3fe2788d196e712,,,,,,,,,,,,,,,,,,,,,,,,,,,,,,,,,,,,,,,existing,GSE116992,GPL13534,BAFopathy,BAFopathy,"ARID1A,ARID1B,SMARCB1,SMARCA4,SMARCA2",case,none none none none,"CpGCorpus,existing",True,True,False,cpgcorpus,2026-02-18T12:08:16.114837,data/ajhg2020/GSE116992/GPL13534/betas/QCDPB.arrow,fe0f76ef5a2ad4cd5fc014fb2292df31fa0c6aa32294a7a6b25cdbde88a44e99,7.0,485579.0,data/ajhg2020/GSE116992/GPL13534/metadata/metadata.arrow,370d204121de92891c6c4c644210b07df9b2517453e8d811b3fe2788d196e712,,,,,,,,,,,,,,,,,,,,,,,,,,,,,,,,,,,,,,,existing,GSE116992,GPL21145,BAFopathy,BAFopathy,"ARID1A,ARID1B,SMARCB1,SMARCA4,SMARCA2",case,ms1209_coffin-siris syndrome 4 ms1209 disease state: coffin-siris syndrome sample 17,CpGCorpus,True,True,False,cpgcorpus,2026-02-18T12:08:40.543840,data/ajhg2020/GSE116992/GPL21145/betas/QCDPB.arrow,ae8c0245f746bf774b0636a41b24d00e8db8bf680733ea49d277223958098d2b,22.0,865920.0,data/ajhg2020/GSE116992/GPL21145/metadata/metadata.arrow,44643b37822dd38dd82a4e2ff431aba9941f46f8558b3918a3dd505293ce1c74,GSM3267127,MS1209_Coffin-Siris Syndrome 4,GSM3267127,Public on Nov 07 2018,Jul 12 2018,Nov 07 2018,genomic,1,MS1209,Homo sapiens,disease state: Coffin-Siris syndrome,tissue: Whole Blood,N/A,N/A,genomic DNA,Standard DNA extraction from blood,Cy5 and Cy3,According to the manufacturer's protocol,9606,According to the manufacturer's protocol,iScan,SAMPLE 17,"Illumina Normalization method with background correction, using minfi package in R 3.4.2",GPL21145,"Bekim,,Sadikovic",bekim.sadikovic@lhsc.on.ca,Pathology and Laboratory Medicine,University of Western Ontario,800 Commissioners Rd E,London,Ontario,N6A 5W9,Canada,ftp://ftp.ncbi.nlm.nih.gov/geo/samples/GSM3267nnn/GSM3267127/suppl/GSM3267127_202240580157_R06C01_Grn.idat.gz,ftp://ftp.ncbi.nlm.nih.gov/geo/samples/GSM3267nnn/GSM3267127/suppl/GSM3267127_202240580157_R06C01_Red.idat.gz,866091,Coffin-Siris syndrome,Whole Blood,cpgcorpus,,,,,,BAFopathy,"ARID1A,ARID1B,SMARCB1,SMARCA4,SMARCA2",614607; 135900; 614609; 614608; 601358,50.0,19.0,yes,CSS1,ARID1B,,,,,,BAFopathy,"ARID1A,ARID1B,SMARCB1,SMARCA4,SMARCA2",614607; 135900; 614609; 614608; 601358,50.0,19.0,yes,CSS4,SMARCA4,,,,,,BAFopathy,"ARID1A,ARID1B,SMARCB1,SMARCA4,SMARCA2",614607; 135900; 614609; 614608; 601358,50.0,19.0,yes,CSS1,ARID1B
GSE116992_GPL13534_sample_38,GSE116992,GPL13534,BAFopathy,BAFopathy,"ARID1A,ARID1B,SMARCB1,SMARCA4,SMARCA2",case,ms1212_coffin-siris syndrome 1 ms1212 disease state: coffin-siris syndrome sample 18,"CpGCorpus,existing",True,True,False,cpgcorpus,2026-02-18T12:08:16.114837,data/ajhg2020/GSE116992/GPL13534/betas/QCDPB.arrow,fe0f76ef5a2ad4cd5fc014fb2292df31fa0c6aa32294a7a6b25cdbde88a44e99,7.0,485579.0,data/ajhg2020/GSE116992/GPL13534/metadata/metadata.arrow,370d204121de92891c6c4c644210b07df9b2517453e8d811b3fe2788d196e712,,,,,,,,,,,,,,,,,,,,,,,,,,,,,,,,,,,,,,,existing,GSE116992,GPL13534,BAFopathy,BAFopathy,"ARID1A,ARID1B,SMARCB1,SMARCA4,SMARCA2",case,none none none none,"CpGCorpus,existing",True,True,False,cpgcorpus,2026-02-18T12:08:16.114837,data/ajhg2020/GSE116992/GPL13534/betas/QCDPB.arrow,fe0f76ef5a2ad4cd5fc014fb2292df31fa0c6aa32294a7a6b25cdbde88a44e99,7.0,485579.0,data/ajhg2020/GSE116992/GPL13534/metadata/metadata.arrow,370d204121de92891c6c4c644210b07df9b2517453e8d811b3fe2788d196e712,,,,,,,,,,,,,,,,,,,,,,,,,,,,,,,,,,,,,,,existing,GSE116992,GPL21145,BAFopathy,BAFopathy,"ARID1A,ARID1B,SMARCB1,SMARCA4,SMARCA2",case,ms1212_coffin-siris syndrome 1 ms1212 disease state: coffin-siris syndrome sample 18,CpGCorpus,True,True,False,cpgcorpus,2026-02-18T12:08:40.543840,data/ajhg2020/GSE116992/GPL21145/betas/QCDPB.arrow,ae8c0245f746bf774b0636a41b24d00e8db8bf680733ea49d277223958098d2b,22.0,865920.0,data/ajhg2020/GSE116992/GPL21145/metadata/metadata.arrow,44643b37822dd38dd82a4e2ff431aba9941f46f8558b3918a3dd505293ce1c74,GSM3267128,MS1212_Coffin-Siris Syndrome 1,GSM3267128,Public on Nov 07 2018,Jul 12 2018,Nov 07 2018,genomic,1,MS1212,Homo sapiens,disease state: Coffin-Siris syndrome,tissue: Whole Blood,N/A,N/A,genomic DNA,Standard DNA extraction from blood,Cy5 and Cy3,According to the manufacturer's protocol,9606,According to the manufacturer's protocol,iScan,SAMPLE 18,"Illumina Normalization method with background correction, using minfi package in R 3.4.2",GPL21145,"Bekim,,Sadikovic",bekim.sadikovic@lhsc.on.ca,Pathology and Laboratory Medicine,University of Western Ontario,800 Commissioners Rd E,London,Ontario,N6A 5W9,Canada,ftp://ftp.ncbi.nlm.nih.gov/geo/samples/GSM3267nnn/GSM3267128/suppl/GSM3267128_202240580159_R01C01_Grn.idat.gz,ftp://ftp.ncbi.nlm.nih.gov/geo/samples/GSM3267nnn/GSM3267128/suppl/GSM3267128_202240580159_R01C01_Red.idat.gz,866091,Coffin-Siris syndrome,Whole Blood,cpgcorpus,,,,,,BAFopathy,"ARID1A,ARID1B,SMARCB1,SMARCA4,SMARCA2",614607; 135900; 614609; 614608; 601358,50.0,19.0,yes,CSS1,ARID1B,,,,,,BAFopathy,"ARID1A,ARID1B,SMARCB1,SMARCA4,SMARCA2",614607; 135900; 614609; 614608; 601358,50.0,19.0,yes,CSS1,ARID1B,,,,,,BAFopathy,"ARID1A,ARID1B,SMARCB1,SMARCA4,SMARCA2",614607; 135900; 614609; 614608; 601358,50.0,19.0,yes,CSS1,ARID1B
GSE116992_GPL13534_sample_39,GSE116992,GPL13534,BAFopathy,BAFopathy,"ARID1A,ARID1B,SMARCB1,SMARCA4,SMARCA2",case,ms1213_coffin-siris syndrome 1 ms1213 disease state: coffin-siris syndrome sample 19,"CpGCorpus,existing",True,True,False,cpgcorpus,2026-02-18T12:08:16.114837,data/ajhg2020/GSE116992/GPL13534/betas/QCDPB.arrow,fe0f76ef5a2ad4cd5fc014fb2292df31fa0c6aa32294a7a6b25cdbde88a44e99,7.0,485579.0,data/ajhg2020/GSE116992/GPL13534/metadata/metadata.arrow,370d204121de92891c6c4c644210b07df9b2517453e8d811b3fe2788d196e712,,,,,,,,,,,,,,,,,,,,,,,,,,,,,,,,,,,,,,,existing,GSE116992,GPL13534,BAFopathy,BAFopathy,"ARID1A,ARID1B,SMARCB1,SMARCA4,SMARCA2",case,none none none none,"CpGCorpus,existing",True,True,False,cpgcorpus,2026-02-18T12:08:16.114837,data/ajhg2020/GSE116992/GPL13534/betas/QCDPB.arrow,fe0f76ef5a2ad4cd5fc014fb2292df31fa0c6aa32294a7a6b25cdbde88a44e99,7.0,485579.0,data/ajhg2020/GSE116992/GPL13534/metadata/metadata.arrow,370d204121de92891c6c4c644210b07df9b2517453e8d811b3fe2788d196e712,,,,,,,,,,,,,,,,,,,,,,,,,,,,,,,,,,,,,,,existing,GSE116992,GPL21145,BAFopathy,BAFopathy,"ARID1A,ARID1B,SMARCB1,SMARCA4,SMARCA2",case,ms1213_coffin-siris syndrome 1 ms1213 disease state: coffin-siris syndrome sample 19,CpGCorpus,True,True,False,cpgcorpus,2026-02-18T12:08:40.543840,data/ajhg2020/GSE116992/GPL21145/betas/QCDPB.arrow,ae8c0245f746bf774b0636a41b24d00e8db8bf680733ea49d277223958098d2b,22.0,865920.0,data/ajhg2020/GSE116992/GPL21145/metadata/metadata.arrow,44643b37822dd38dd82a4e2ff431aba9941f46f8558b3918a3dd505293ce1c74,GSM3267129,MS1213_Coffin-Siris Syndrome 1,GSM3267129,Public on Nov 07 2018,Jul 12 2018,Nov 07 2018,genomic,1,MS1213,Homo sapiens,disease state: Coffin-Siris syndrome,tissue: Whole Blood,N/A,N/A,genomic DNA,Standard DNA extraction from blood,Cy5 and Cy3,According to the manufacturer's protocol,9606,According to the manufacturer's protocol,iScan,SAMPLE 19,"Illumina Normalization method with background correction, using minfi package in R 3.4.2",GPL21145,"Bekim,,Sadikovic",bekim.sadikovic@lhsc.on.ca,Pathology and Laboratory Medicine,University of Western Ontario,800 Commissioners Rd E,London,Ontario,N6A 5W9,Canada,ftp://ftp.ncbi.nlm.nih.gov/geo/samples/GSM3267nnn/GSM3267129/suppl/GSM3267129_202240580159_R02C01_Grn.idat.gz,ftp://ftp.ncbi.nlm.nih.gov/geo/samples/GSM3267nnn/GSM3267129/suppl/GSM3267129_202240580159_R02C01_Red.idat.gz,866091,Coffin-Siris syndrome,Whole Blood,cpgcorpus,,,,,,BAFopathy,"ARID1A,ARID1B,SMARCB1,SMARCA4,SMARCA2",614607; 135900; 614609; 614608; 601358,50.0,19.0,yes,CSS1,ARID1B,,,,,,BAFopathy,"ARID1A,ARID1B,SMARCB1,SMARCA4,SMARCA2",614607; 135900; 614609; 614608; 601358,50.0,19.0,yes,CSS1,ARID1B,,,,,,BAFopathy,"ARID1A,ARID1B,SMARCB1,SMARCA4,SMARCA2",614607; 135900; 614609; 614608; 601358,50.0,19.0,yes,CSS1,ARID1B
GSE116992_GPL13534_sample_40,GSE116992,GPL13534,BAFopathy,BAFopathy,"ARID1A,ARID1B,SMARCB1,SMARCA4,SMARCA2",case,ms1215_coffin-siris syndrome 1 ms1215 disease state: coffin-siris syndrome sample 20,"CpGCorpus,existing",True,True,False,cpgcorpus,2026-02-18T12:08:16.114837,data/ajhg2020/GSE116992/GPL13534/betas/QCDPB.arrow,fe0f76ef5a2ad4cd5fc014fb2292df31fa0c6aa32294a7a6b25cdbde88a44e99,7.0,485579.0,data/ajhg2020/GSE116992/GPL13534/metadata/metadata.arrow,370d204121de92891c6c4c644210b07df9b2517453e8d811b3fe2788d196e712,,,,,,,,,,,,,,,,,,,,,,,,,,,,,,,,,,,,,,,existing,GSE116992,GPL13534,BAFopathy,BAFopathy,"ARID1A,ARID1B,SMARCB1,SMARCA4,SMARCA2",case,none none none none,"CpGCorpus,existing",True,True,False,cpgcorpus,2026-02-18T12:08:16.114837,data/ajhg2020/GSE116992/GPL13534/betas/QCDPB.arrow,fe0f76ef5a2ad4cd5fc014fb2292df31fa0c6aa32294a7a6b25cdbde88a44e99,7.0,485579.0,data/ajhg2020/GSE116992/GPL13534/metadata/metadata.arrow,370d204121de92891c6c4c644210b07df9b2517453e8d811b3fe2788d196e712,,,,,,,,,,,,,,,,,,,,,,,,,,,,,,,,,,,,,,,existing,GSE116992,GPL21145,BAFopathy,BAFopathy,"ARID1A,ARID1B,SMARCB1,SMARCA4,SMARCA2",case,ms1215_coffin-siris syndrome 1 ms1215 disease state: coffin-siris syndrome sample 20,CpGCorpus,True,True,False,cpgcorpus,2026-02-18T12:08:40.543840,data/ajhg2020/GSE116992/GPL21145/betas/QCDPB.arrow,ae8c0245f746bf774b0636a41b24d00e8db8bf680733ea49d277223958098d2b,22.0,865920.0,data/ajhg2020/GSE116992/GPL21145/metadata/metadata.arrow,44643b37822dd38dd82a4e2ff431aba9941f46f8558b3918a3dd505293ce1c74,GSM3267130,MS1215_Coffin-Siris Syndrome 1,GSM3267130,Public on Nov 07 2018,Jul 12 2018,Nov 07 2018,genomic,1,MS1215,Homo sapiens,disease state: Coffin-Siris syndrome,tissue: Whole Blood,N/A,N/A,genomic DNA,Standard DNA extraction from blood,Cy5 and Cy3,According to the manufacturer's protocol,9606,According to the manufacturer's protocol,iScan,SAMPLE 20,"Illumina Normalization method with background correction, using minfi package in R 3.4.2",GPL21145,"Bekim,,Sadikovic",bekim.sadikovic@lhsc.on.ca,Pathology and Laboratory Medicine,University of Western Ontario,800 Commissioners Rd E,London,Ontario,N6A 5W9,Canada,ftp://ftp.ncbi.nlm.nih.gov/geo/samples/GSM3267nnn/GSM3267130/suppl/GSM3267130_202240580159_R04C01_Grn.idat.gz,ftp://ftp.ncbi.nlm.nih.gov/geo/samples/GSM3267nnn/GSM3267130/suppl/GSM3267130_202240580159_R04C01_Red.idat.gz,866091,Coffin-Siris syndrome,Whole Blood,cpgcorpus,,,,,,BAFopathy,"ARID1A,ARID1B,SMARCB1,SMARCA4,SMARCA2",614607; 135900; 614609; 614608; 601358,50.0,19.0,yes,CSS1,ARID1B,,,,,,BAFopathy,"ARID1A,ARID1B,SMARCB1,SMARCA4,SMARCA2",614607; 135900; 614609; 614608; 601358,50.0,19.0,yes,CSS1,ARID1B,,,,,,BAFopathy,"ARID1A,ARID1B,SMARCB1,SMARCA4,SMARCA2",614607; 135900; 614609; 614608; 601358,50.0,19.0,yes,CSS1,ARID1B
GSE116992_GPL13534_sample_41,GSE116992,GPL13534,BAFopathy,BAFopathy,"ARID1A,ARID1B,SMARCB1,SMARCA4,SMARCA2",case,ms1216_coffin-siris syndrome 1 ms1216 disease state: coffin-siris syndrome sample 21,"CpGCorpus,existing",True,True,False,cpgcorpus,2026-02-18T12:08:16.114837,data/ajhg2020/GSE116992/GPL13534/betas/QCDPB.arrow,fe0f76ef5a2ad4cd5fc014fb2292df31fa0c6aa32294a7a6b25cdbde88a44e99,7.0,485579.0,data/ajhg2020/GSE116992/GPL13534/metadata/metadata.arrow,370d204121de92891c6c4c644210b07df9b2517453e8d811b3fe2788d196e712,,,,,,,,,,,,,,,,,,,,,,,,,,,,,,,,,,,,,,,existing,GSE116992,GPL13534,BAFopathy,BAFopathy,"ARID1A,ARID1B,SMARCB1,SMARCA4,SMARCA2",case,none none none none,"CpGCorpus,existing",True,True,False,cpgcorpus,2026-02-18T12:08:16.114837,data/ajhg2020/GSE116992/GPL13534/betas/QCDPB.arrow,fe0f76ef5a2ad4cd5fc014fb2292df31fa0c6aa32294a7a6b25cdbde88a44e99,7.0,485579.0,data/ajhg2020/GSE116992/GPL13534/metadata/metadata.arrow,370d204121de92891c6c4c644210b07df9b2517453e8d811b3fe2788d196e712,,,,,,,,,,,,,,,,,,,,,,,,,,,,,,,,,,,,,,,existing,GSE116992,GPL21145,BAFopathy,BAFopathy,"ARID1A,ARID1B,SMARCB1,SMARCA4,SMARCA2",case,ms1216_coffin-siris syndrome 1 ms1216 disease state: coffin-siris syndrome sample 21,CpGCorpus,True,True,False,cpgcorpus,2026-02-18T12:08:40.543840,data/ajhg2020/GSE116992/GPL21145/betas/QCDPB.arrow,ae8c0245f746bf774b0636a41b24d00e8db8bf680733ea49d277223958098d2b,22.0,865920.0,data/ajhg2020/GSE116992/GPL21145/metadata/metadata.arrow,44643b37822dd38dd82a4e2ff431aba9941f46f8558b3918a3dd505293ce1c74,GSM3267131,MS1216_Coffin-Siris Syndrome 1,GSM3267131,Public on Nov 07 2018,Jul 12 2018,Nov 07 2018,genomic,1,MS1216,Homo sapiens,disease state: Coffin-Siris syndrome,tissue: Whole Blood,N/A,N/A,genomic DNA,Standard DNA extraction from blood,Cy5 and Cy3,According to the manufacturer's protocol,9606,According to the manufacturer's protocol,iScan,SAMPLE 21,"Illumina Normalization method with background correction, using minfi package in R 3.4.2",GPL21145,"Bekim,,Sadikovic",bekim.sadikovic@lhsc.on.ca,Pathology and Laboratory Medicine,University of Western Ontario,800 Commissioners Rd E,London,Ontario,N6A 5W9,Canada,ftp://ftp.ncbi.nlm.nih.gov/geo/samples/GSM3267nnn/GSM3267131/suppl/GSM3267131_202240580159_R05C01_Grn.idat.gz,ftp://ftp.ncbi.nlm.nih.gov/geo/samples/GSM3267nnn/GSM3267131/suppl/GSM3267131_202240580159_R05C01_Red.idat.gz,866091,Coffin-Siris syndrome,Whole Blood,cpgcorpus,,,,,,BAFopathy,"ARID1A,ARID1B,SMARCB1,SMARCA4,SMARCA2",614607; 135900; 614609; 614608; 601358,50.0,19.0,yes,CSS1,ARID1B,,,,,,BAFopathy,"ARID1A,ARID1B,SMARCB1,SMARCA4,SMARCA2",614607; 135900; 614609; 614608; 601358,50.0,19.0,yes,CSS1,ARID1B,,,,,,BAFopathy,"ARID1A,ARID1B,SMARCB1,SMARCA4,SMARCA2",614607; 135900; 614609; 614608; 601358,50.0,19.0,yes,CSS1,ARID1B
GSE116992_GPL13534_sample_42,GSE116992,GPL13534,BAFopathy,BAFopathy,"ARID1A,ARID1B,SMARCB1,SMARCA4,SMARCA2",case,ms1217_coffin-siris syndrome 1 ms1217 disease state: coffin-siris syndrome sample 22,"CpGCorpus,existing",True,True,False,cpgcorpus,2026-02-18T12:08:16.114837,data/ajhg2020/GSE116992/GPL13534/betas/QCDPB.arrow,fe0f76ef5a2ad4cd5fc014fb2292df31fa0c6aa32294a7a6b25cdbde88a44e99,7.0,485579.0,data/ajhg2020/GSE116992/GPL13534/metadata/metadata.arrow,370d204121de92891c6c4c644210b07df9b2517453e8d811b3fe2788d196e712,,,,,,,,,,,,,,,,,,,,,,,,,,,,,,,,,,,,,,,existing,GSE116992,GPL13534,BAFopathy,BAFopathy,"ARID1A,ARID1B,SMARCB1,SMARCA4,SMARCA2",case,none none none none,"CpGCorpus,existing",True,True,False,cpgcorpus,2026-02-18T12:08:16.114837,data/ajhg2020/GSE116992/GPL13534/betas/QCDPB.arrow,fe0f76ef5a2ad4cd5fc014fb2292df31fa0c6aa32294a7a6b25cdbde88a44e99,7.0,485579.0,data/ajhg2020/GSE116992/GPL13534/metadata/metadata.arrow,370d204121de92891c6c4c644210b07df9b2517453e8d811b3fe2788d196e712,,,,,,,,,,,,,,,,,,,,,,,,,,,,,,,,,,,,,,,existing,GSE116992,GPL21145,BAFopathy,BAFopathy,"ARID1A,ARID1B,SMARCB1,SMARCA4,SMARCA2",case,ms1217_coffin-siris syndrome 1 ms1217 disease state: coffin-siris syndrome sample 22,CpGCorpus,True,True,False,cpgcorpus,2026-02-18T12:08:40.543840,data/ajhg2020/GSE116992/GPL21145/betas/QCDPB.arrow,ae8c0245f746bf774b0636a41b24d00e8db8bf680733ea49d277223958098d2b,22.0,865920.0,data/ajhg2020/GSE116992/GPL21145/metadata/metadata.arrow,44643b37822dd38dd82a4e2ff431aba9941f46f8558b3918a3dd505293ce1c74,GSM3267132,MS1217_Coffin-Siris Syndrome 1,GSM3267132,Public on Nov 07 2018,Jul 12 2018,Nov 07 2018,genomic,1,MS1217,Homo sapiens,disease state: Coffin-Siris syndrome,tissue: Whole Blood,N/A,N/A,genomic DNA,Standard DNA extraction from blood,Cy5 and Cy3,According to the manufacturer's protocol,9606,According to the manufacturer's protocol,iScan,SAMPLE 22,"Illumina Normalization method with background correction, using minfi package in R 3.4.2",GPL21145,"Bekim,,Sadikovic",bekim.sadikovic@lhsc.on.ca,Pathology and Laboratory Medicine,University of Western Ontario,800 Commissioners Rd E,London,Ontario,N6A 5W9,Canada,ftp://ftp.ncbi.nlm.nih.gov/geo/samples/GSM3267nnn/GSM3267132/suppl/GSM3267132_202240580159_R06C01_Grn.idat.gz,ftp://ftp.ncbi.nlm.nih.gov/geo/samples/GSM3267nnn/GSM3267132/suppl/GSM3267132_202240580159_R06C01_Red.idat.gz,866091,Coffin-Siris syndrome,Whole Blood,cpgcorpus,,,,,,BAFopathy,"ARID1A,ARID1B,SMARCB1,SMARCA4,SMARCA2",614607; 135900; 614609; 614608; 601358,50.0,19.0,yes,CSS1,ARID1B,,,,,,BAFopathy,"ARID1A,ARID1B,SMARCB1,SMARCA4,SMARCA2",614607; 135900; 614609; 614608; 601358,50.0,19.0,yes,CSS1,ARID1B,,,,,,BAFopathy,"ARID1A,ARID1B,SMARCB1,SMARCA4,SMARCA2",614607; 135900; 614609; 614608; 601358,50.0,19.0,yes,CSS1,ARID1B
GSE116992_GPL13534_sample_43,GSE116992,GPL13534,BAFopathy,BAFopathy,"ARID1A,ARID1B,SMARCB1,SMARCA4,SMARCA2",case,none none none none,"CpGCorpus,existing",True,True,False,cpgcorpus,2026-02-18T12:08:16.114837,data/ajhg2020/GSE116992/GPL13534/betas/QCDPB.arrow,fe0f76ef5a2ad4cd5fc014fb2292df31fa0c6aa32294a7a6b25cdbde88a44e99,7.0,485579.0,data/ajhg2020/GSE116992/GPL13534/metadata/metadata.arrow,370d204121de92891c6c4c644210b07df9b2517453e8d811b3fe2788d196e712,,,,,,,,,,,,,,,,,,,,,,,,,,,,,,,,,,,,,,,existing,GSE116992,GPL21145,BAFopathy,BAFopathy,"ARID1A,ARID1B,SMARCB1,SMARCA4,SMARCA2",case,ms1160_nicolaides-baraitser syndrome ms1160 disease state: nicolaides-baraitser syndrome sample 1,"CpGCorpus,existing",True,True,False,cpgcorpus,2026-02-18T12:08:40.543840,data/ajhg2020/GSE116992/GPL21145/betas/QCDPB.arrow,ae8c0245f746bf774b0636a41b24d00e8db8bf680733ea49d277223958098d2b,22.0,865920.0,data/ajhg2020/GSE116992/GPL21145/metadata/metadata.arrow,44643b37822dd38dd82a4e2ff431aba9941f46f8558b3918a3dd505293ce1c74,GSM3267111,MS1160_Nicolaides-Baraitser syndrome,GSM3267111,Public on Nov 07 2018,Jul 12 2018,Nov 07 2018,genomic,1,MS1160,Homo sapiens,disease state: Nicolaides-Baraitser syndrome,tissue: Whole Blood,N/A,N/A,genomic DNA,Standard DNA extraction from blood,Cy5 and Cy3,According to the manufacturer's protocol,9606,According to the manufacturer's protocol,iScan,SAMPLE 1,"Illumina Normalization method with background correction, using minfi package in R 3.4.2",GPL21145,"Bekim,,Sadikovic",bekim.sadikovic@lhsc.on.ca,Pathology and Laboratory Medicine,University of Western Ontario,800 Commissioners Rd E,London,Ontario,N6A 5W9,Canada,ftp://ftp.ncbi.nlm.nih.gov/geo/samples/GSM3267nnn/GSM3267111/suppl/GSM3267111_200969820172_R05C01_Grn.idat.gz,ftp://ftp.ncbi.nlm.nih.gov/geo/samples/GSM3267nnn/GSM3267111/suppl/GSM3267111_200969820172_R05C01_Red.idat.gz,866091,Nicolaides-Baraitser syndrome,Whole Blood,cpgcorpus,,,,,,,,,,,,,,,,,,,,,,,,,,,,,,,,,,,,,,,,,,,,,,,,,,,,,,,,,,,,,,,,,,,,,,,,,,,,,BAFopathy,"ARID1A,ARID1B,SMARCB1,SMARCA4,SMARCA2",614607; 135900; 614609; 614608; 601358,50.0,19.0,yes,NCBRS,SMARCA2,,,,,,BAFopathy,"ARID1A,ARID1B,SMARCB1,SMARCA4,SMARCA2",614607; 135900; 614609; 614608; 601358,50.0,19.0,yes,NCBRS,SMARCA2
GSE116992_GPL13534_sample_44,GSE116992,GPL13534,BAFopathy,BAFopathy,"ARID1A,ARID1B,SMARCB1,SMARCA4,SMARCA2",case,none none none none,"CpGCorpus,existing",True,True,False,cpgcorpus,2026-02-18T12:08:16.114837,data/ajhg2020/GSE116992/GPL13534/betas/QCDPB.arrow,fe0f76ef5a2ad4cd5fc014fb2292df31fa0c6aa32294a7a6b25cdbde88a44e99,7.0,485579.0,data/ajhg2020/GSE116992/GPL13534/metadata/metadata.arrow,370d204121de92891c6c4c644210b07df9b2517453e8d811b3fe2788d196e712,,,,,,,,,,,,,,,,,,,,,,,,,,,,,,,,,,,,,,,existing,GSE116992,GPL21145,BAFopathy,BAFopathy,"ARID1A,ARID1B,SMARCB1,SMARCA4,SMARCA2",case,ms1162_coffin-siris syndrome 3 ms1162 disease state: coffin-siris syndrome sample 2,"CpGCorpus,existing",True,True,False,cpgcorpus,2026-02-18T12:08:40.543840,data/ajhg2020/GSE116992/GPL21145/betas/QCDPB.arrow,ae8c0245f746bf774b0636a41b24d00e8db8bf680733ea49d277223958098d2b,22.0,865920.0,data/ajhg2020/GSE116992/GPL21145/metadata/metadata.arrow,44643b37822dd38dd82a4e2ff431aba9941f46f8558b3918a3dd505293ce1c74,GSM3267112,MS1162_Coffin-Siris Syndrome 3,GSM3267112,Public on Nov 07 2018,Jul 12 2018,Nov 07 2018,genomic,1,MS1162,Homo sapiens,disease state: Coffin-Siris syndrome,tissue: Whole Blood,N/A,N/A,genomic DNA,Standard DNA extraction from blood,Cy5 and Cy3,According to the manufacturer's protocol,9606,According to the manufacturer's protocol,iScan,SAMPLE 2,"Illumina Normalization method with background correction, using minfi package in R 3.4.2",GPL21145,"Bekim,,Sadikovic",bekim.sadikovic@lhsc.on.ca,Pathology and Laboratory Medicine,University of Western Ontario,800 Commissioners Rd E,London,Ontario,N6A 5W9,Canada,ftp://ftp.ncbi.nlm.nih.gov/geo/samples/GSM3267nnn/GSM3267112/suppl/GSM3267112_200969820172_R07C01_Grn.idat.gz,ftp://ftp.ncbi.nlm.nih.gov/geo/samples/GSM3267nnn/GSM3267112/suppl/GSM3267112_200969820172_R07C01_Red.idat.gz,866091,Coffin-Siris syndrome,Whole Blood,cpgcorpus,,,,,,,,,,,,,,,,,,,,,,,,,,,,,,,,,,,,,,,,,,,,,,,,,,,,,,,,,,,,,,,,,,,,,,,,,,,,,BAFopathy,"ARID1A,ARID1B,SMARCB1,SMARCA4,SMARCA2",614607; 135900; 614609; 614608; 601358,50.0,19.0,yes,CSS1,ARID1B,,,,,,BAFopathy,"ARID1A,ARID1B,SMARCB1,SMARCA4,SMARCA2",614607; 135900; 614609; 614608; 601358,50.0,19.0,yes,CSS3,SMARCB1
GSE116992_GPL13534_sample_45,GSE116992,GPL13534,BAFopathy,BAFopathy,"ARID1A,ARID1B,SMARCB1,SMARCA4,SMARCA2",case,none none none none,"CpGCorpus,existing",True,True,False,cpgcorpus,2026-02-18T12:08:16.114837,data/ajhg2020/GSE116992/GPL13534/betas/QCDPB.arrow,fe0f76ef5a2ad4cd5fc014fb2292df31fa0c6aa32294a7a6b25cdbde88a44e99,7.0,485579.0,data/ajhg2020/GSE116992/GPL13534/metadata/metadata.arrow,370d204121de92891c6c4c644210b07df9b2517453e8d811b3fe2788d196e712,,,,,,,,,,,,,,,,,,,,,,,,,,,,,,,,,,,,,,,existing,GSE116992,GPL21145,BAFopathy,BAFopathy,"ARID1A,ARID1B,SMARCB1,SMARCA4,SMARCA2",case,ms1163_coffin-siris syndrome 3 ms1163 disease state: coffin-siris syndrome sample 3,"CpGCorpus,existing",True,True,False,cpgcorpus,2026-02-18T12:08:40.543840,data/ajhg2020/GSE116992/GPL21145/betas/QCDPB.arrow,ae8c0245f746bf774b0636a41b24d00e8db8bf680733ea49d277223958098d2b,22.0,865920.0,data/ajhg2020/GSE116992/GPL21145/metadata/metadata.arrow,44643b37822dd38dd82a4e2ff431aba9941f46f8558b3918a3dd505293ce1c74,GSM3267113,MS1163_Coffin-Siris Syndrome 3,GSM3267113,Public on Nov 07 2018,Jul 12 2018,Nov 07 2018,genomic,1,MS1163,Homo sapiens,disease state: Coffin-Siris syndrome,tissue: Whole Blood,N/A,N/A,genomic DNA,Standard DNA extraction from blood,Cy5 and Cy3,According to the manufacturer's protocol,9606,According to the manufacturer's protocol,iScan,SAMPLE 3,"Illumina Normalization method with background correction, using minfi package in R 3.4.2",GPL21145,"Bekim,,Sadikovic",bekim.sadikovic@lhsc.on.ca,Pathology and Laboratory Medicine,University of Western Ontario,800 Commissioners Rd E,London,Ontario,N6A 5W9,Canada,ftp://ftp.ncbi.nlm.nih.gov/geo/samples/GSM3267nnn/GSM3267113/suppl/GSM3267113_200969820172_R08C01_Grn.idat.gz,ftp://ftp.ncbi.nlm.nih.gov/geo/samples/GSM3267nnn/GSM3267113/suppl/GSM3267113_200969820172_R08C01_Red.idat.gz,866091,Coffin-Siris syndrome,Whole Blood,cpgcorpus,,,,,,,,,,,,,,,,,,,,,,,,,,,,,,,,,,,,,,,,,,,,,,,,,,,,,,,,,,,,,,,,,,,,,,,,,,,,,BAFopathy,"ARID1A,ARID1B,SMARCB1,SMARCA4,SMARCA2",614607; 135900; 614609; 614608; 601358,50.0,19.0,yes,CSS1,ARID1B,,,,,,BAFopathy,"ARID1A,ARID1B,SMARCB1,SMARCA4,SMARCA2",614607; 135900; 614609; 614608; 601358,50.0,19.0,yes,CSS3,SMARCB1
GSE116992_GPL13534_sample_46,GSE116992,GPL13534,BAFopathy,BAFopathy,"ARID1A,ARID1B,SMARCB1,SMARCA4,SMARCA2",case,none none none none,"CpGCorpus,existing",True,True,False,cpgcorpus,2026-02-18T12:08:16.114837,data/ajhg2020/GSE116992/GPL13534/betas/QCDPB.arrow,fe0f76ef5a2ad4cd5fc014fb2292df31fa0c6aa32294a7a6b25cdbde88a44e99,7.0,485579.0,data/ajhg2020/GSE116992/GPL13534/metadata/metadata.arrow,370d204121de92891c6c4c644210b07df9b2517453e8d811b3fe2788d196e712,,,,,,,,,,,,,,,,,,,,,,,,,,,,,,,,,,,,,,,existing,GSE116992,GPL21145,BAFopathy,BAFopathy,"ARID1A,ARID1B,SMARCB1,SMARCA4,SMARCA2",case,ms1168_coffin-siris syndrome 4 ms1168 disease state: coffin-siris syndrome sample 4,"CpGCorpus,existing",True,True,False,cpgcorpus,2026-02-18T12:08:40.543840,data/ajhg2020/GSE116992/GPL21145/betas/QCDPB.arrow,ae8c0245f746bf774b0636a41b24d00e8db8bf680733ea49d277223958098d2b,22.0,865920.0,data/ajhg2020/GSE116992/GPL21145/metadata/metadata.arrow,44643b37822dd38dd82a4e2ff431aba9941f46f8558b3918a3dd505293ce1c74,GSM3267114,MS1168_Coffin-Siris Syndrome 4,GSM3267114,Public on Nov 07 2018,Jul 12 2018,Nov 07 2018,genomic,1,MS1168,Homo sapiens,disease state: Coffin-Siris syndrome,tissue: Whole Blood,N/A,N/A,genomic DNA,Standard DNA extraction from blood,Cy5 and Cy3,According to the manufacturer's protocol,9606,According to the manufacturer's protocol,iScan,SAMPLE 4,"Illumina Normalization method with background correction, using minfi package in R 3.4.2",GPL21145,"Bekim,,Sadikovic",bekim.sadikovic@lhsc.on.ca,Pathology and Laboratory Medicine,University of Western Ontario,800 Commissioners Rd E,London,Ontario,N6A 5W9,Canada,ftp://ftp.ncbi.nlm.nih.gov/geo/samples/GSM3267nnn/GSM3267114/suppl/GSM3267114_202081120218_R05C01_Grn.idat.gz,ftp://ftp.ncbi.nlm.nih.gov/geo/samples/GSM3267nnn/GSM3267114/suppl/GSM3267114_202081120218_R05C01_Red.idat.gz,866091,Coffin-Siris syndrome,Whole Blood,cpgcorpus,,,,,,,,,,,,,,,,,,,,,,,,,,,,,,,,,,,,,,,,,,,,,,,,,,,,,,,,,,,,,,,,,,,,,,,,,,,,,BAFopathy,"ARID1A,ARID1B,SMARCB1,SMARCA4,SMARCA2",614607; 135900; 614609; 614608; 601358,50.0,19.0,yes,CSS1,ARID1B,,,,,,BAFopathy,"ARID1A,ARID1B,SMARCB1,SMARCA4,SMARCA2",614607; 135900; 614609; 614608; 601358,50.0,19.0,yes,CSS4,SMARCA4
GSE116992_GPL13534_sample_47,GSE116992,GPL13534,BAFopathy,BAFopathy,"ARID1A,ARID1B,SMARCB1,SMARCA4,SMARCA2",case,none none none none,"CpGCorpus,existing",True,True,False,cpgcorpus,2026-02-18T12:08:16.114837,data/ajhg2020/GSE116992/GPL13534/betas/QCDPB.arrow,fe0f76ef5a2ad4cd5fc014fb2292df31fa0c6aa32294a7a6b25cdbde88a44e99,7.0,485579.0,data/ajhg2020/GSE116992/GPL13534/metadata/metadata.arrow,370d204121de92891c6c4c644210b07df9b2517453e8d811b3fe2788d196e712,,,,,,,,,,,,,,,,,,,,,,,,,,,,,,,,,,,,,,,existing,GSE116992,GPL21145,BAFopathy,BAFopathy,"ARID1A,ARID1B,SMARCB1,SMARCA4,SMARCA2",case,ms1169_coffin-siris syndrome 1 ms1169 disease state: coffin-siris syndrome sample 5,"CpGCorpus,existing",True,True,False,cpgcorpus,2026-02-18T12:08:40.543840,data/ajhg2020/GSE116992/GPL21145/betas/QCDPB.arrow,ae8c0245f746bf774b0636a41b24d00e8db8bf680733ea49d277223958098d2b,22.0,865920.0,data/ajhg2020/GSE116992/GPL21145/metadata/metadata.arrow,44643b37822dd38dd82a4e2ff431aba9941f46f8558b3918a3dd505293ce1c74,GSM3267115,MS1169_Coffin-Siris Syndrome 1,GSM3267115,Public on Nov 07 2018,Jul 12 2018,Nov 07 2018,genomic,1,MS1169,Homo sapiens,disease state: Coffin-Siris syndrome,tissue: Whole Blood,N/A,N/A,genomic DNA,Standard DNA extraction from blood,Cy5 and Cy3,According to the manufacturer's protocol,9606,According to the manufacturer's protocol,iScan,SAMPLE 5,"Illumina Normalization method with background correction, using minfi package in R 3.4.2",GPL21145,"Bekim,,Sadikovic",bekim.sadikovic@lhsc.on.ca,Pathology and Laboratory Medicine,University of Western Ontario,800 Commissioners Rd E,London,Ontario,N6A 5W9,Canada,ftp://ftp.ncbi.nlm.nih.gov/geo/samples/GSM3267nnn/GSM3267115/suppl/GSM3267115_202081120218_R06C01_Grn.idat.gz,ftp://ftp.ncbi.nlm.nih.gov/geo/samples/GSM3267nnn/GSM3267115/suppl/GSM3267115_202081120218_R06C01_Red.idat.gz,866091,Coffin-Siris syndrome,Whole Blood,cpgcorpus,,,,,,,,,,,,,,,,,,,,,,,,,,,,,,,,,,,,,,,,,,,,,,,,,,,,,,,,,,,,,,,,,,,,,,,,,,,,,BAFopathy,"ARID1A,ARID1B,SMARCB1,SMARCA4,SMARCA2",614607; 135900; 614609; 614608; 601358,50.0,19.0,yes,CSS1,ARID1B,,,,,,BAFopathy,"ARID1A,ARID1B,SMARCB1,SMARCA4,SMARCA2",614607; 135900; 614609; 614608; 601358,50.0,19.0,yes,CSS1,ARID1B
GSE116992_GPL13534_sample_48,GSE116992,GPL13534,BAFopathy,BAFopathy,"ARID1A,ARID1B,SMARCB1,SMARCA4,SMARCA2",case,none none none none,"CpGCorpus,existing",True,True,False,cpgcorpus,2026-02-18T12:08:16.114837,data/ajhg2020/GSE116992/GPL13534/betas/QCDPB.arrow,fe0f76ef5a2ad4cd5fc014fb2292df31fa0c6aa32294a7a6b25cdbde88a44e99,7.0,485579.0,data/ajhg2020/GSE116992/GPL13534/metadata/metadata.arrow,370d204121de92891c6c4c644210b07df9b2517453e8d811b3fe2788d196e712,,,,,,,,,,,,,,,,,,,,,,,,,,,,,,,,,,,,,,,existing,GSE116992,GPL21145,BAFopathy,BAFopathy,"ARID1A,ARID1B,SMARCB1,SMARCA4,SMARCA2",case,ms1170_coffin-siris syndrome 1 ms1170 disease state: coffin-siris syndrome sample 6,"CpGCorpus,existing",True,True,False,cpgcorpus,2026-02-18T12:08:40.543840,data/ajhg2020/GSE116992/GPL21145/betas/QCDPB.arrow,ae8c0245f746bf774b0636a41b24d00e8db8bf680733ea49d277223958098d2b,22.0,865920.0,data/ajhg2020/GSE116992/GPL21145/metadata/metadata.arrow,44643b37822dd38dd82a4e2ff431aba9941f46f8558b3918a3dd505293ce1c74,GSM3267116,MS1170_Coffin-Siris Syndrome 1,GSM3267116,Public on Nov 07 2018,Jul 12 2018,Nov 07 2018,genomic,1,MS1170,Homo sapiens,disease state: Coffin-Siris syndrome,tissue: Whole Blood,N/A,N/A,genomic DNA,Standard DNA extraction from blood,Cy5 and Cy3,According to the manufacturer's protocol,9606,According to the manufacturer's protocol,iScan,SAMPLE 6,"Illumina Normalization method with background correction, using minfi package in R 3.4.2",GPL21145,"Bekim,,Sadikovic",bekim.sadikovic@lhsc.on.ca,Pathology and Laboratory Medicine,University of Western Ontario,800 Commissioners Rd E,London,Ontario,N6A 5W9,Canada,ftp://ftp.ncbi.nlm.nih.gov/geo/samples/GSM3267nnn/GSM3267116/suppl/GSM3267116_202081120218_R07C01_Grn.idat.gz,ftp://ftp.ncbi.nlm.nih.gov/geo/samples/GSM3267nnn/GSM3267116/suppl/GSM3267116_202081120218_R07C01_Red.idat.gz,866091,Coffin-Siris syndrome,Whole Blood,cpgcorpus,,,,,,,,,,,,,,,,,,,,,,,,,,,,,,,,,,,,,,,,,,,,,,,,,,,,,,,,,,,,,,,,,,,,,,,,,,,,,BAFopathy,"ARID1A,ARID1B,SMARCB1,SMARCA4,SMARCA2",614607; 135900; 614609; 614608; 601358,50.0,19.0,yes,CSS1,ARID1B,,,,,,BAFopathy,"ARID1A,ARID1B,SMARCB1,SMARCA4,SMARCA2",614607; 135900; 614609; 614608; 601358,50.0,19.0,yes,CSS1,ARID1B
GSE116992_GPL13534_sample_49,GSE116992,GPL13534,BAFopathy,BAFopathy,"ARID1A,ARID1B,SMARCB1,SMARCA4,SMARCA2",case,none none none none,"CpGCorpus,existing",True,True,False,cpgcorpus,2026-02-18T12:08:16.114837,data/ajhg2020/GSE116992/GPL13534/betas/QCDPB.arrow,fe0f76ef5a2ad4cd5fc014fb2292df31fa0c6aa32294a7a6b25cdbde88a44e99,7.0,485579.0,data/ajhg2020/GSE116992/GPL13534/metadata/metadata.arrow,370d204121de92891c6c4c644210b07df9b2517453e8d811b3fe2788d196e712,,,,,,,,,,,,,,,,,,,,,,,,,,,,,,,,,,,,,,,existing,GSE116992,GPL21145,BAFopathy,BAFopathy,"ARID1A,ARID1B,SMARCB1,SMARCA4,SMARCA2",case,ms1176_coffin-siris syndrome 1 ms1176 disease state: coffin-siris syndrome sample 7,"CpGCorpus,existing",True,True,False,cpgcorpus,2026-02-18T12:08:40.543840,data/ajhg2020/GSE116992/GPL21145/betas/QCDPB.arrow,ae8c0245f746bf774b0636a41b24d00e8db8bf680733ea49d277223958098d2b,22.0,865920.0,data/ajhg2020/GSE116992/GPL21145/metadata/metadata.arrow,44643b37822dd38dd82a4e2ff431aba9941f46f8558b3918a3dd505293ce1c74,GSM3267117,MS1176_Coffin-Siris Syndrome 1,GSM3267117,Public on Nov 07 2018,Jul 12 2018,Nov 07 2018,genomic,1,MS1176,Homo sapiens,disease state: Coffin-Siris syndrome,tissue: Whole Blood,N/A,N/A,genomic DNA,Standard DNA extraction from blood,Cy5 and Cy3,According to the manufacturer's protocol,9606,According to the manufacturer's protocol,iScan,SAMPLE 7,"Illumina Normalization method with background correction, using minfi package in R 3.4.2",GPL21145,"Bekim,,Sadikovic",bekim.sadikovic@lhsc.on.ca,Pathology and Laboratory Medicine,University of Western Ontario,800 Commissioners Rd E,London,Ontario,N6A 5W9,Canada,ftp://ftp.ncbi.nlm.nih.gov/geo/samples/GSM3267nnn/GSM3267117/suppl/GSM3267117_202081130042_R05C01_Grn.idat.gz,ftp://ftp.ncbi.nlm.nih.gov/geo/samples/GSM3267nnn/GSM3267117/suppl/GSM3267117_202081130042_R05C01_Red.idat.gz,866091,Coffin-Siris syndrome,Whole Blood,cpgcorpus,,,,,,,,,,,,,,,,,,,,,,,,,,,,,,,,,,,,,,,,,,,,,,,,,,,,,,,,,,,,,,,,,,,,,,,,,,,,,BAFopathy,"ARID1A,ARID1B,SMARCB1,SMARCA4,SMARCA2",614607; 135900; 614609; 614608; 601358,50.0,19.0,yes,CSS1,ARID1B,,,,,,BAFopathy,"ARID1A,ARID1B,SMARCB1,SMARCA4,SMARCA2",614607; 135900; 614609; 614608; 601358,50.0,19.0,yes,CSS1,ARID1B
GSE116992_GPL13534_sample_50,GSE116992,GPL13534,BAFopathy,BAFopathy,"ARID1A,ARID1B,SMARCB1,SMARCA4,SMARCA2",case,none none none none,"CpGCorpus,existing",True,True,False,cpgcorpus,2026-02-18T12:08:16.114837,data/ajhg2020/GSE116992/GPL13534/betas/QCDPB.arrow,fe0f76ef5a2ad4cd5fc014fb2292df31fa0c6aa32294a7a6b25cdbde88a44e99,7.0,485579.0,data/ajhg2020/GSE116992/GPL13534/metadata/metadata.arrow,370d204121de92891c6c4c644210b07df9b2517453e8d811b3fe2788d196e712,,,,,,,,,,,,,,,,,,,,,,,,,,,,,,,,,,,,,,,existing,GSE116992,GPL21145,BAFopathy,BAFopathy,"ARID1A,ARID1B,SMARCB1,SMARCA4,SMARCA2",case,ms1177_coffin-siris syndrome 1 ms1177 disease state: coffin-siris syndrome sample 8,"CpGCorpus,existing",True,True,False,cpgcorpus,2026-02-18T12:08:40.543840,data/ajhg2020/GSE116992/GPL21145/betas/QCDPB.arrow,ae8c0245f746bf774b0636a41b24d00e8db8bf680733ea49d277223958098d2b,22.0,865920.0,data/ajhg2020/GSE116992/GPL21145/metadata/metadata.arrow,44643b37822dd38dd82a4e2ff431aba9941f46f8558b3918a3dd505293ce1c74,GSM3267118,MS1177_Coffin-Siris Syndrome 1,GSM3267118,Public on Nov 07 2018,Jul 12 2018,Nov 07 2018,genomic,1,MS1177,Homo sapiens,disease state: Coffin-Siris syndrome,tissue: Whole Blood,N/A,N/A,genomic DNA,Standard DNA extraction from blood,Cy5 and Cy3,According to the manufacturer's protocol,9606,According to the manufacturer's protocol,iScan,SAMPLE 8,"Illumina Normalization method with background correction, using minfi package in R 3.4.2",GPL21145,"Bekim,,Sadikovic",bekim.sadikovic@lhsc.on.ca,Pathology and Laboratory Medicine,University of Western Ontario,800 Commissioners Rd E,London,Ontario,N6A 5W9,Canada,ftp://ftp.ncbi.nlm.nih.gov/geo/samples/GSM3267nnn/GSM3267118/suppl/GSM3267118_202081130042_R06C01_Grn.idat.gz,ftp://ftp.ncbi.nlm.nih.gov/geo/samples/GSM3267nnn/GSM3267118/suppl/GSM3267118_202081130042_R06C01_Red.idat.gz,866091,Coffin-Siris syndrome,Whole Blood,cpgcorpus,,,,,,,,,,,,,,,,,,,,,,,,,,,,,,,,,,,,,,,,,,,,,,,,,,,,,,,,,,,,,,,,,,,,,,,,,,,,,BAFopathy,"ARID1A,ARID1B,SMARCB1,SMARCA4,SMARCA2",614607; 135900; 614609; 614608; 601358,50.0,19.0,yes,CSS1,ARID1B,,,,,,BAFopathy,"ARID1A,ARID1B,SMARCB1,SMARCA4,SMARCA2",614607; 135900; 614609; 614608; 601358,50.0,19.0,yes,CSS1,ARID1B
GSE116992_GPL13534_sample_51,GSE116992,GPL13534,BAFopathy,BAFopathy,"ARID1A,ARID1B,SMARCB1,SMARCA4,SMARCA2",case,none none none none,"CpGCorpus,existing",True,True,False,cpgcorpus,2026-02-18T12:08:16.114837,data/ajhg2020/GSE116992/GPL13534/betas/QCDPB.arrow,fe0f76ef5a2ad4cd5fc014fb2292df31fa0c6aa32294a7a6b25cdbde88a44e99,7.0,485579.0,data/ajhg2020/GSE116992/GPL13534/metadata/metadata.arrow,370d204121de92891c6c4c644210b07df9b2517453e8d811b3fe2788d196e712,,,,,,,,,,,,,,,,,,,,,,,,,,,,,,,,,,,,,,,existing,GSE116992,GPL21145,BAFopathy,BAFopathy,"ARID1A,ARID1B,SMARCB1,SMARCA4,SMARCA2",case,ms1221_nicolaides-baraitser syndrome ms1221 disease state: nicolaides-baraitser syndrome sample 9,"CpGCorpus,existing",True,True,False,cpgcorpus,2026-02-18T12:08:40.543840,data/ajhg2020/GSE116992/GPL21145/betas/QCDPB.arrow,ae8c0245f746bf774b0636a41b24d00e8db8bf680733ea49d277223958098d2b,22.0,865920.0,data/ajhg2020/GSE116992/GPL21145/metadata/metadata.arrow,44643b37822dd38dd82a4e2ff431aba9941f46f8558b3918a3dd505293ce1c74,GSM3267119,MS1221_Nicolaides-Baraitser syndrome,GSM3267119,Public on Nov 07 2018,Jul 12 2018,Nov 07 2018,genomic,1,MS1221,Homo sapiens,disease state: Nicolaides-Baraitser syndrome,tissue: Whole Blood,N/A,N/A,genomic DNA,Standard DNA extraction from blood,Cy5 and Cy3,According to the manufacturer's protocol,9606,According to the manufacturer's protocol,iScan,SAMPLE 9,"Illumina Normalization method with background correction, using minfi package in R 3.4.2",GPL21145,"Bekim,,Sadikovic",bekim.sadikovic@lhsc.on.ca,Pathology and Laboratory Medicine,University of Western Ontario,800 Commissioners Rd E,London,Ontario,N6A 5W9,Canada,ftp://ftp.ncbi.nlm.nih.gov/geo/samples/GSM3267nnn/GSM3267119/suppl/GSM3267119_202226320152_R02C01_Grn.idat.gz,ftp://ftp.ncbi.nlm.nih.gov/geo/samples/GSM3267nnn/GSM3267119/suppl/GSM3267119_202226320152_R02C01_Red.idat.gz,866091,Nicolaides-Baraitser syndrome,Whole Blood,cpgcorpus,,,,,,,,,,,,,,,,,,,,,,,,,,,,,,,,,,,,,,,,,,,,,,,,,,,,,,,,,,,,,,,,,,,,,,,,,,,,,BAFopathy,"ARID1A,ARID1B,SMARCB1,SMARCA4,SMARCA2",614607; 135900; 614609; 614608; 601358,50.0,19.0,yes,NCBRS,SMARCA2,,,,,,BAFopathy,"ARID1A,ARID1B,SMARCB1,SMARCA4,SMARCA2",614607; 135900; 614609; 614608; 601358,50.0,19.0,yes,NCBRS,SMARCA2
GSE116992_GPL13534_sample_52,GSE116992,GPL13534,BAFopathy,BAFopathy,"ARID1A,ARID1B,SMARCB1,SMARCA4,SMARCA2",case,none none none none,"CpGCorpus,existing",True,True,False,cpgcorpus,2026-02-18T12:08:16.114837,data/ajhg2020/GSE116992/GPL13534/betas/QCDPB.arrow,fe0f76ef5a2ad4cd5fc014fb2292df31fa0c6aa32294a7a6b25cdbde88a44e99,7.0,485579.0,data/ajhg2020/GSE116992/GPL13534/metadata/metadata.arrow,370d204121de92891c6c4c644210b07df9b2517453e8d811b3fe2788d196e712,,,,,,,,,,,,,,,,,,,,,,,,,,,,,,,,,,,,,,,existing,GSE116992,GPL21145,BAFopathy,BAFopathy,"ARID1A,ARID1B,SMARCB1,SMARCA4,SMARCA2",case,ms1222_nicolaides-baraitser syndrome ms1222 disease state: nicolaides-baraitser syndrome sample 10,"CpGCorpus,existing",True,True,False,cpgcorpus,2026-02-18T12:08:40.543840,data/ajhg2020/GSE116992/GPL21145/betas/QCDPB.arrow,ae8c0245f746bf774b0636a41b24d00e8db8bf680733ea49d277223958098d2b,22.0,865920.0,data/ajhg2020/GSE116992/GPL21145/metadata/metadata.arrow,44643b37822dd38dd82a4e2ff431aba9941f46f8558b3918a3dd505293ce1c74,GSM3267120,MS1222_Nicolaides-Baraitser syndrome,GSM3267120,Public on Nov 07 2018,Jul 12 2018,Nov 07 2018,genomic,1,MS1222,Homo sapiens,disease state: Nicolaides-Baraitser syndrome,tissue: Whole Blood,N/A,N/A,genomic DNA,Standard DNA extraction from blood,Cy5 and Cy3,According to the manufacturer's protocol,9606,According to the manufacturer's protocol,iScan,SAMPLE 10,"Illumina Normalization method with background correction, using minfi package in R 3.4.2",GPL21145,"Bekim,,Sadikovic",bekim.sadikovic@lhsc.on.ca,Pathology and Laboratory Medicine,University of Western Ontario,800 Commissioners Rd E,London,Ontario,N6A 5W9,Canada,ftp://ftp.ncbi.nlm.nih.gov/geo/samples/GSM3267nnn/GSM3267120/suppl/GSM3267120_202226320152_R03C01_Grn.idat.gz,ftp://ftp.ncbi.nlm.nih.gov/geo/samples/GSM3267nnn/GSM3267120/suppl/GSM3267120_202226320152_R03C01_Red.idat.gz,866091,Nicolaides-Baraitser syndrome,Whole Blood,cpgcorpus,,,,,,,,,,,,,,,,,,,,,,,,,,,,,,,,,,,,,,,,,,,,,,,,,,,,,,,,,,,,,,,,,,,,,,,,,,,,,BAFopathy,"ARID1A,ARID1B,SMARCB1,SMARCA4,SMARCA2",614607; 135900; 614609; 614608; 601358,50.0,19.0,yes,NCBRS,SMARCA2,,,,,,BAFopathy,"ARID1A,ARID1B,SMARCB1,SMARCA4,SMARCA2",614607; 135900; 614609; 614608; 601358,50.0,19.0,yes,NCBRS,SMARCA2
GSE116992_GPL13534_sample_53,GSE116992,GPL13534,BAFopathy,BAFopathy,"ARID1A,ARID1B,SMARCB1,SMARCA4,SMARCA2",case,none none none none,"CpGCorpus,existing",True,True,False,cpgcorpus,2026-02-18T12:08:16.114837,data/ajhg2020/GSE116992/GPL13534/betas/QCDPB.arrow,fe0f76ef5a2ad4cd5fc014fb2292df31fa0c6aa32294a7a6b25cdbde88a44e99,7.0,485579.0,data/ajhg2020/GSE116992/GPL13534/metadata/metadata.arrow,370d204121de92891c6c4c644210b07df9b2517453e8d811b3fe2788d196e712,,,,,,,,,,,,,,,,,,,,,,,,,,,,,,,,,,,,,,,existing,GSE116992,GPL21145,BAFopathy,BAFopathy,"ARID1A,ARID1B,SMARCB1,SMARCA4,SMARCA2",case,ms1223_nicolaides-baraitser syndrome ms1223 disease state: nicolaides-baraitser syndrome sample 11,"CpGCorpus,existing",True,True,False,cpgcorpus,2026-02-18T12:08:40.543840,data/ajhg2020/GSE116992/GPL21145/betas/QCDPB.arrow,ae8c0245f746bf774b0636a41b24d00e8db8bf680733ea49d277223958098d2b,22.0,865920.0,data/ajhg2020/GSE116992/GPL21145/metadata/metadata.arrow,44643b37822dd38dd82a4e2ff431aba9941f46f8558b3918a3dd505293ce1c74,GSM3267121,MS1223_Nicolaides-Baraitser syndrome,GSM3267121,Public on Nov 07 2018,Jul 12 2018,Nov 07 2018,genomic,1,MS1223,Homo sapiens,disease state: Nicolaides-Baraitser syndrome,tissue: Whole Blood,N/A,N/A,genomic DNA,Standard DNA extraction from blood,Cy5 and Cy3,According to the manufacturer's protocol,9606,According to the manufacturer's protocol,iScan,SAMPLE 11,"Illumina Normalization method with background correction, using minfi package in R 3.4.2",GPL21145,"Bekim,,Sadikovic",bekim.sadikovic@lhsc.on.ca,Pathology and Laboratory Medicine,University of Western Ontario,800 Commissioners Rd E,London,Ontario,N6A 5W9,Canada,ftp://ftp.ncbi.nlm.nih.gov/geo/samples/GSM3267nnn/GSM3267121/suppl/GSM3267121_202226320152_R04C01_Grn.idat.gz,ftp://ftp.ncbi.nlm.nih.gov/geo/samples/GSM3267nnn/GSM3267121/suppl/GSM3267121_202226320152_R04C01_Red.idat.gz,866091,Nicolaides-Baraitser syndrome,Whole Blood,cpgcorpus,,,,,,,,,,,,,,,,,,,,,,,,,,,,,,,,,,,,,,,,,,,,,,,,,,,,,,,,,,,,,,,,,,,,,,,,,,,,,BAFopathy,"ARID1A,ARID1B,SMARCB1,SMARCA4,SMARCA2",614607; 135900; 614609; 614608; 601358,50.0,19.0,yes,NCBRS,SMARCA2,,,,,,BAFopathy,"ARID1A,ARID1B,SMARCB1,SMARCA4,SMARCA2",614607; 135900; 614609; 614608; 601358,50.0,19.0,yes,NCBRS,SMARCA2
GSE116992_GPL13534_sample_54,GSE116992,GPL13534,BAFopathy,BAFopathy,"ARID1A,ARID1B,SMARCB1,SMARCA4,SMARCA2",case,none none none none,"CpGCorpus,existing",True,True,False,cpgcorpus,2026-02-18T12:08:16.114837,data/ajhg2020/GSE116992/GPL13534/betas/QCDPB.arrow,fe0f76ef5a2ad4cd5fc014fb2292df31fa0c6aa32294a7a6b25cdbde88a44e99,7.0,485579.0,data/ajhg2020/GSE116992/GPL13534/metadata/metadata.arrow,370d204121de92891c6c4c644210b07df9b2517453e8d811b3fe2788d196e712,,,,,,,,,,,,,,,,,,,,,,,,,,,,,,,,,,,,,,,existing,GSE116992,GPL21145,BAFopathy,BAFopathy,"ARID1A,ARID1B,SMARCB1,SMARCA4,SMARCA2",case,ms1227_nicolaides-baraitser syndrome ms1227 disease state: nicolaides-baraitser syndrome sample 12,"CpGCorpus,existing",True,True,False,cpgcorpus,2026-02-18T12:08:40.543840,data/ajhg2020/GSE116992/GPL21145/betas/QCDPB.arrow,ae8c0245f746bf774b0636a41b24d00e8db8bf680733ea49d277223958098d2b,22.0,865920.0,data/ajhg2020/GSE116992/GPL21145/metadata/metadata.arrow,44643b37822dd38dd82a4e2ff431aba9941f46f8558b3918a3dd505293ce1c74,GSM3267122,MS1227_Nicolaides-Baraitser syndrome,GSM3267122,Public on Nov 07 2018,Jul 12 2018,Nov 07 2018,genomic,1,MS1227,Homo sapiens,disease state: Nicolaides-Baraitser syndrome,tissue: Whole Blood,N/A,N/A,genomic DNA,Standard DNA extraction from blood,Cy5 and Cy3,According to the manufacturer's protocol,9606,According to the manufacturer's protocol,iScan,SAMPLE 12,"Illumina Normalization method with background correction, using minfi package in R 3.4.2",GPL21145,"Bekim,,Sadikovic",bekim.sadikovic@lhsc.on.ca,Pathology and Laboratory Medicine,University of Western Ontario,800 Commissioners Rd E,London,Ontario,N6A 5W9,Canada,ftp://ftp.ncbi.nlm.nih.gov/geo/samples/GSM3267nnn/GSM3267122/suppl/GSM3267122_202226320152_R08C01_Grn.idat.gz,ftp://ftp.ncbi.nlm.nih.gov/geo/samples/GSM3267nnn/GSM3267122/suppl/GSM3267122_202226320152_R08C01_Red.idat.gz,866091,Nicolaides-Baraitser syndrome,Whole Blood,cpgcorpus,,,,,,,,,,,,,,,,,,,,,,,,,,,,,,,,,,,,,,,,,,,,,,,,,,,,,,,,,,,,,,,,,,,,,,,,,,,,,BAFopathy,"ARID1A,ARID1B,SMARCB1,SMARCA4,SMARCA2",614607; 135900; 614609; 614608; 601358,50.0,19.0,yes,NCBRS,SMARCA2,,,,,,BAFopathy,"ARID1A,ARID1B,SMARCB1,SMARCA4,SMARCA2",614607; 135900; 614609; 614608; 601358,50.0,19.0,yes,NCBRS,SMARCA2
GSE116992_GPL13534_sample_55,GSE116992,GPL13534,BAFopathy,BAFopathy,"ARID1A,ARID1B,SMARCB1,SMARCA4,SMARCA2",case,none none none none,"CpGCorpus,existing",True,True,False,cpgcorpus,2026-02-18T12:08:16.114837,data/ajhg2020/GSE116992/GPL13534/betas/QCDPB.arrow,fe0f76ef5a2ad4cd5fc014fb2292df31fa0c6aa32294a7a6b25cdbde88a44e99,7.0,485579.0,data/ajhg2020/GSE116992/GPL13534/metadata/metadata.arrow,370d204121de92891c6c4c644210b07df9b2517453e8d811b3fe2788d196e712,,,,,,,,,,,,,,,,,,,,,,,,,,,,,,,,,,,,,,,existing,GSE116992,GPL21145,BAFopathy,BAFopathy,"ARID1A,ARID1B,SMARCB1,SMARCA4,SMARCA2",case,ms1237_nicolaides-baraitser syndrome ms1237 disease state: nicolaides-baraitser syndrome sample 13,"CpGCorpus,existing",True,True,False,cpgcorpus,2026-02-18T12:08:40.543840,data/ajhg2020/GSE116992/GPL21145/betas/QCDPB.arrow,ae8c0245f746bf774b0636a41b24d00e8db8bf680733ea49d277223958098d2b,22.0,865920.0,data/ajhg2020/GSE116992/GPL21145/metadata/metadata.arrow,44643b37822dd38dd82a4e2ff431aba9941f46f8558b3918a3dd505293ce1c74,GSM3267123,MS1237_Nicolaides-Baraitser syndrome,GSM3267123,Public on Nov 07 2018,Jul 12 2018,Nov 07 2018,genomic,1,MS1237,Homo sapiens,disease state: Nicolaides-Baraitser syndrome,tissue: Whole Blood,N/A,N/A,genomic DNA,Standard DNA extraction from blood,Cy5 and Cy3,According to the manufacturer's protocol,9606,According to the manufacturer's protocol,iScan,SAMPLE 13,"Illumina Normalization method with background correction, using minfi package in R 3.4.2",GPL21145,"Bekim,,Sadikovic",bekim.sadikovic@lhsc.on.ca,Pathology and Laboratory Medicine,University of Western Ontario,800 Commissioners Rd E,London,Ontario,N6A 5W9,Canada,ftp://ftp.ncbi.nlm.nih.gov/geo/samples/GSM3267nnn/GSM3267123/suppl/GSM3267123_202226320201_R02C01_Grn.idat.gz,ftp://ftp.ncbi.nlm.nih.gov/geo/samples/GSM3267nnn/GSM3267123/suppl/GSM3267123_202226320201_R02C01_Red.idat.gz,866091,Nicolaides-Baraitser syndrome,Whole Blood,cpgcorpus,,,,,,,,,,,,,,,,,,,,,,,,,,,,,,,,,,,,,,,,,,,,,,,,,,,,,,,,,,,,,,,,,,,,,,,,,,,,,BAFopathy,"ARID1A,ARID1B,SMARCB1,SMARCA4,SMARCA2",614607; 135900; 614609; 614608; 601358,50.0,19.0,yes,NCBRS,SMARCA2,,,,,,BAFopathy,"ARID1A,ARID1B,SMARCB1,SMARCA4,SMARCA2",614607; 135900; 614609; 614608; 601358,50.0,19.0,yes,NCBRS,SMARCA2
GSE116992_GPL13534_sample_56,GSE116992,GPL13534,BAFopathy,BAFopathy,"ARID1A,ARID1B,SMARCB1,SMARCA4,SMARCA2",case,none none none none,"CpGCorpus,existing",True,True,False,cpgcorpus,2026-02-18T12:08:16.114837,data/ajhg2020/GSE116992/GPL13534/betas/QCDPB.arrow,fe0f76ef5a2ad4cd5fc014fb2292df31fa0c6aa32294a7a6b25cdbde88a44e99,7.0,485579.0,data/ajhg2020/GSE116992/GPL13534/metadata/metadata.arrow,370d204121de92891c6c4c644210b07df9b2517453e8d811b3fe2788d196e712,,,,,,,,,,,,,,,,,,,,,,,,,,,,,,,,,,,,,,,existing,GSE116992,GPL21145,BAFopathy,BAFopathy,"ARID1A,ARID1B,SMARCB1,SMARCA4,SMARCA2",case,ms1238_nicolaides-baraitser syndrome ms1238 disease state: nicolaides-baraitser syndrome sample 14,"CpGCorpus,existing",True,True,False,cpgcorpus,2026-02-18T12:08:40.543840,data/ajhg2020/GSE116992/GPL21145/betas/QCDPB.arrow,ae8c0245f746bf774b0636a41b24d00e8db8bf680733ea49d277223958098d2b,22.0,865920.0,data/ajhg2020/GSE116992/GPL21145/metadata/metadata.arrow,44643b37822dd38dd82a4e2ff431aba9941f46f8558b3918a3dd505293ce1c74,GSM3267124,MS1238_Nicolaides-Baraitser syndrome,GSM3267124,Public on Nov 07 2018,Jul 12 2018,Nov 07 2018,genomic,1,MS1238,Homo sapiens,disease state: Nicolaides-Baraitser syndrome,tissue: Whole Blood,N/A,N/A,genomic DNA,Standard DNA extraction from blood,Cy5 and Cy3,According to the manufacturer's protocol,9606,According to the manufacturer's protocol,iScan,SAMPLE 14,"Illumina Normalization method with background correction, using minfi package in R 3.4.2",GPL21145,"Bekim,,Sadikovic",bekim.sadikovic@lhsc.on.ca,Pathology and Laboratory Medicine,University of Western Ontario,800 Commissioners Rd E,London,Ontario,N6A 5W9,Canada,ftp://ftp.ncbi.nlm.nih.gov/geo/samples/GSM3267nnn/GSM3267124/suppl/GSM3267124_202226320201_R03C01_Grn.idat.gz,ftp://ftp.ncbi.nlm.nih.gov/geo/samples/GSM3267nnn/GSM3267124/suppl/GSM3267124_202226320201_R03C01_Red.idat.gz,866091,Nicolaides-Baraitser syndrome,Whole Blood,cpgcorpus,,,,,,,,,,,,,,,,,,,,,,,,,,,,,,,,,,,,,,,,,,,,,,,,,,,,,,,,,,,,,,,,,,,,,,,,,,,,,BAFopathy,"ARID1A,ARID1B,SMARCB1,SMARCA4,SMARCA2",614607; 135900; 614609; 614608; 601358,50.0,19.0,yes,NCBRS,SMARCA2,,,,,,BAFopathy,"ARID1A,ARID1B,SMARCB1,SMARCA4,SMARCA2",614607; 135900; 614609; 614608; 601358,50.0,19.0,yes,NCBRS,SMARCA2
GSE116992_GPL13534_sample_57,GSE116992,GPL13534,BAFopathy,BAFopathy,"ARID1A,ARID1B,SMARCB1,SMARCA4,SMARCA2",case,none none none none,"CpGCorpus,existing",True,True,False,cpgcorpus,2026-02-18T12:08:16.114837,data/ajhg2020/GSE116992/GPL13534/betas/QCDPB.arrow,fe0f76ef5a2ad4cd5fc014fb2292df31fa0c6aa32294a7a6b25cdbde88a44e99,7.0,485579.0,data/ajhg2020/GSE116992/GPL13534/metadata/metadata.arrow,370d204121de92891c6c4c644210b07df9b2517453e8d811b3fe2788d196e712,,,,,,,,,,,,,,,,,,,,,,,,,,,,,,,,,,,,,,,existing,GSE116992,GPL21145,BAFopathy,BAFopathy,"ARID1A,ARID1B,SMARCB1,SMARCA4,SMARCA2",case,ms1243_nicolaides-baraitser syndrome ms1243 disease state: nicolaides-baraitser syndrome sample 15,"CpGCorpus,existing",True,True,False,cpgcorpus,2026-02-18T12:08:40.543840,data/ajhg2020/GSE116992/GPL21145/betas/QCDPB.arrow,ae8c0245f746bf774b0636a41b24d00e8db8bf680733ea49d277223958098d2b,22.0,865920.0,data/ajhg2020/GSE116992/GPL21145/metadata/metadata.arrow,44643b37822dd38dd82a4e2ff431aba9941f46f8558b3918a3dd505293ce1c74,GSM3267125,MS1243_Nicolaides-Baraitser syndrome,GSM3267125,Public on Nov 07 2018,Jul 12 2018,Nov 07 2018,genomic,1,MS1243,Homo sapiens,disease state: Nicolaides-Baraitser syndrome,tissue: Whole Blood,N/A,N/A,genomic DNA,Standard DNA extraction from blood,Cy5 and Cy3,According to the manufacturer's protocol,9606,According to the manufacturer's protocol,iScan,SAMPLE 15,"Illumina Normalization method with background correction, using minfi package in R 3.4.2",GPL21145,"Bekim,,Sadikovic",bekim.sadikovic@lhsc.on.ca,Pathology and Laboratory Medicine,University of Western Ontario,800 Commissioners Rd E,London,Ontario,N6A 5W9,Canada,ftp://ftp.ncbi.nlm.nih.gov/geo/samples/GSM3267nnn/GSM3267125/suppl/GSM3267125_202226320201_R08C01_Grn.idat.gz,ftp://ftp.ncbi.nlm.nih.gov/geo/samples/GSM3267nnn/GSM3267125/suppl/GSM3267125_202226320201_R08C01_Red.idat.gz,866091,Nicolaides-Baraitser syndrome,Whole Blood,cpgcorpus,,,,,,,,,,,,,,,,,,,,,,,,,,,,,,,,,,,,,,,,,,,,,,,,,,,,,,,,,,,,,,,,,,,,,,,,,,,,,BAFopathy,"ARID1A,ARID1B,SMARCB1,SMARCA4,SMARCA2",614607; 135900; 614609; 614608; 601358,50.0,19.0,yes,NCBRS,SMARCA2,,,,,,BAFopathy,"ARID1A,ARID1B,SMARCB1,SMARCA4,SMARCA2",614607; 135900; 614609; 614608; 601358,50.0,19.0,yes,NCBRS,SMARCA2
GSE116992_GPL13534_sample_58,GSE116992,GPL13534,BAFopathy,BAFopathy,"ARID1A,ARID1B,SMARCB1,SMARCA4,SMARCA2",case,none none none none,"CpGCorpus,existing",True,True,False,cpgcorpus,2026-02-18T12:08:16.114837,data/ajhg2020/GSE116992/GPL13534/betas/QCDPB.arrow,fe0f76ef5a2ad4cd5fc014fb2292df31fa0c6aa32294a7a6b25cdbde88a44e99,7.0,485579.0,data/ajhg2020/GSE116992/GPL13534/metadata/metadata.arrow,370d204121de92891c6c4c644210b07df9b2517453e8d811b3fe2788d196e712,,,,,,,,,,,,,,,,,,,,,,,,,,,,,,,,,,,,,,,existing,GSE116992,GPL21145,BAFopathy,BAFopathy,"ARID1A,ARID1B,SMARCB1,SMARCA4,SMARCA2",case,ms1201_coffin-siris syndrome 1 ms1201 disease state: coffin-siris syndrome sample 16,"CpGCorpus,existing",True,True,False,cpgcorpus,2026-02-18T12:08:40.543840,data/ajhg2020/GSE116992/GPL21145/betas/QCDPB.arrow,ae8c0245f746bf774b0636a41b24d00e8db8bf680733ea49d277223958098d2b,22.0,865920.0,data/ajhg2020/GSE116992/GPL21145/metadata/metadata.arrow,44643b37822dd38dd82a4e2ff431aba9941f46f8558b3918a3dd505293ce1c74,GSM3267126,MS1201_Coffin-Siris Syndrome 1,GSM3267126,Public on Nov 07 2018,Jul 12 2018,Nov 07 2018,genomic,1,MS1201,Homo sapiens,disease state: Coffin-Siris syndrome,tissue: Whole Blood,N/A,N/A,genomic DNA,Standard DNA extraction from blood,Cy5 and Cy3,According to the manufacturer's protocol,9606,According to the manufacturer's protocol,iScan,SAMPLE 16,"Illumina Normalization method with background correction, using minfi package in R 3.4.2",GPL21145,"Bekim,,Sadikovic",bekim.sadikovic@lhsc.on.ca,Pathology and Laboratory Medicine,University of Western Ontario,800 Commissioners Rd E,London,Ontario,N6A 5W9,Canada,ftp://ftp.ncbi.nlm.nih.gov/geo/samples/GSM3267nnn/GSM3267126/suppl/GSM3267126_202240580107_R06C01_Grn.idat.gz,ftp://ftp.ncbi.nlm.nih.gov/geo/samples/GSM3267nnn/GSM3267126/suppl/GSM3267126_202240580107_R06C01_Red.idat.gz,866091,Coffin-Siris syndrome,Whole Blood,cpgcorpus,,,,,,,,,,,,,,,,,,,,,,,,,,,,,,,,,,,,,,,,,,,,,,,,,,,,,,,,,,,,,,,,,,,,,,,,,,,,,BAFopathy,"ARID1A,ARID1B,SMARCB1,SMARCA4,SMARCA2",614607; 135900; 614609; 614608; 601358,50.0,19.0,yes,CSS1,ARID1B,,,,,,BAFopathy,"ARID1A,ARID1B,SMARCB1,SMARCA4,SMARCA2",614607; 135900; 614609; 614608; 601358,50.0,19.0,yes,CSS1,ARID1B
GSE116992_GPL13534_sample_59,GSE116992,GPL13534,BAFopathy,BAFopathy,"ARID1A,ARID1B,SMARCB1,SMARCA4,SMARCA2",case,none none none none,"CpGCorpus,existing",True,True,False,cpgcorpus,2026-02-18T12:08:16.114837,data/ajhg2020/GSE116992/GPL13534/betas/QCDPB.arrow,fe0f76ef5a2ad4cd5fc014fb2292df31fa0c6aa32294a7a6b25cdbde88a44e99,7.0,485579.0,data/ajhg2020/GSE116992/GPL13534/metadata/metadata.arrow,370d204121de92891c6c4c644210b07df9b2517453e8d811b3fe2788d196e712,,,,,,,,,,,,,,,,,,,,,,,,,,,,,,,,,,,,,,,existing,GSE116992,GPL21145,BAFopathy,BAFopathy,"ARID1A,ARID1B,SMARCB1,SMARCA4,SMARCA2",case,ms1209_coffin-siris syndrome 4 ms1209 disease state: coffin-siris syndrome sample 17,"CpGCorpus,existing",True,True,False,cpgcorpus,2026-02-18T12:08:40.543840,data/ajhg2020/GSE116992/GPL21145/betas/QCDPB.arrow,ae8c0245f746bf774b0636a41b24d00e8db8bf680733ea49d277223958098d2b,22.0,865920.0,data/ajhg2020/GSE116992/GPL21145/metadata/metadata.arrow,44643b37822dd38dd82a4e2ff431aba9941f46f8558b3918a3dd505293ce1c74,GSM3267127,MS1209_Coffin-Siris Syndrome 4,GSM3267127,Public on Nov 07 2018,Jul 12 2018,Nov 07 2018,genomic,1,MS1209,Homo sapiens,disease state: Coffin-Siris syndrome,tissue: Whole Blood,N/A,N/A,genomic DNA,Standard DNA extraction from blood,Cy5 and Cy3,According to the manufacturer's protocol,9606,According to the manufacturer's protocol,iScan,SAMPLE 17,"Illumina Normalization method with background correction, using minfi package in R 3.4.2",GPL21145,"Bekim,,Sadikovic",bekim.sadikovic@lhsc.on.ca,Pathology and Laboratory Medicine,University of Western Ontario,800 Commissioners Rd E,London,Ontario,N6A 5W9,Canada,ftp://ftp.ncbi.nlm.nih.gov/geo/samples/GSM3267nnn/GSM3267127/suppl/GSM3267127_202240580157_R06C01_Grn.idat.gz,ftp://ftp.ncbi.nlm.nih.gov/geo/samples/GSM3267nnn/GSM3267127/suppl/GSM3267127_202240580157_R06C01_Red.idat.gz,866091,Coffin-Siris syndrome,Whole Blood,cpgcorpus,,,,,,,,,,,,,,,,,,,,,,,,,,,,,,,,,,,,,,,,,,,,,,,,,,,,,,,,,,,,,,,,,,,,,,,,,,,,,BAFopathy,"ARID1A,ARID1B,SMARCB1,SMARCA4,SMARCA2",614607; 135900; 614609; 614608; 601358,50.0,19.0,yes,CSS1,ARID1B,,,,,,BAFopathy,"ARID1A,ARID1B,SMARCB1,SMARCA4,SMARCA2",614607; 135900; 614609; 614608; 601358,50.0,19.0,yes,CSS4,SMARCA4
GSE116992_GPL13534_sample_60,GSE116992,GPL13534,BAFopathy,BAFopathy,"ARID1A,ARID1B,SMARCB1,SMARCA4,SMARCA2",case,none none none none,"CpGCorpus,existing",True,True,False,cpgcorpus,2026-02-18T12:08:16.114837,data/ajhg2020/GSE116992/GPL13534/betas/QCDPB.arrow,fe0f76ef5a2ad4cd5fc014fb2292df31fa0c6aa32294a7a6b25cdbde88a44e99,7.0,485579.0,data/ajhg2020/GSE116992/GPL13534/metadata/metadata.arrow,370d204121de92891c6c4c644210b07df9b2517453e8d811b3fe2788d196e712,,,,,,,,,,,,,,,,,,,,,,,,,,,,,,,,,,,,,,,existing,GSE116992,GPL21145,BAFopathy,BAFopathy,"ARID1A,ARID1B,SMARCB1,SMARCA4,SMARCA2",case,ms1212_coffin-siris syndrome 1 ms1212 disease state: coffin-siris syndrome sample 18,"CpGCorpus,existing",True,True,False,cpgcorpus,2026-02-18T12:08:40.543840,data/ajhg2020/GSE116992/GPL21145/betas/QCDPB.arrow,ae8c0245f746bf774b0636a41b24d00e8db8bf680733ea49d277223958098d2b,22.0,865920.0,data/ajhg2020/GSE116992/GPL21145/metadata/metadata.arrow,44643b37822dd38dd82a4e2ff431aba9941f46f8558b3918a3dd505293ce1c74,GSM3267128,MS1212_Coffin-Siris Syndrome 1,GSM3267128,Public on Nov 07 2018,Jul 12 2018,Nov 07 2018,genomic,1,MS1212,Homo sapiens,disease state: Coffin-Siris syndrome,tissue: Whole Blood,N/A,N/A,genomic DNA,Standard DNA extraction from blood,Cy5 and Cy3,According to the manufacturer's protocol,9606,According to the manufacturer's protocol,iScan,SAMPLE 18,"Illumina Normalization method with background correction, using minfi package in R 3.4.2",GPL21145,"Bekim,,Sadikovic",bekim.sadikovic@lhsc.on.ca,Pathology and Laboratory Medicine,University of Western Ontario,800 Commissioners Rd E,London,Ontario,N6A 5W9,Canada,ftp://ftp.ncbi.nlm.nih.gov/geo/samples/GSM3267nnn/GSM3267128/suppl/GSM3267128_202240580159_R01C01_Grn.idat.gz,ftp://ftp.ncbi.nlm.nih.gov/geo/samples/GSM3267nnn/GSM3267128/suppl/GSM3267128_202240580159_R01C01_Red.idat.gz,866091,Coffin-Siris syndrome,Whole Blood,cpgcorpus,,,,,,,,,,,,,,,,,,,,,,,,,,,,,,,,,,,,,,,,,,,,,,,,,,,,,,,,,,,,,,,,,,,,,,,,,,,,,BAFopathy,"ARID1A,ARID1B,SMARCB1,SMARCA4,SMARCA2",614607; 135900; 614609; 614608; 601358,50.0,19.0,yes,CSS1,ARID1B,,,,,,BAFopathy,"ARID1A,ARID1B,SMARCB1,SMARCA4,SMARCA2",614607; 135900; 614609; 614608; 601358,50.0,19.0,yes,CSS1,ARID1B
GSE116992_GPL13534_sample_61,GSE116992,GPL13534,BAFopathy,BAFopathy,"ARID1A,ARID1B,SMARCB1,SMARCA4,SMARCA2",case,none none none none,"CpGCorpus,existing",True,True,False,cpgcorpus,2026-02-18T12:08:16.114837,data/ajhg2020/GSE116992/GPL13534/betas/QCDPB.arrow,fe0f76ef5a2ad4cd5fc014fb2292df31fa0c6aa32294a7a6b25cdbde88a44e99,7.0,485579.0,data/ajhg2020/GSE116992/GPL13534/metadata/metadata.arrow,370d204121de92891c6c4c644210b07df9b2517453e8d811b3fe2788d196e712,,,,,,,,,,,,,,,,,,,,,,,,,,,,,,,,,,,,,,,existing,GSE116992,GPL21145,BAFopathy,BAFopathy,"ARID1A,ARID1B,SMARCB1,SMARCA4,SMARCA2",case,ms1213_coffin-siris syndrome 1 ms1213 disease state: coffin-siris syndrome sample 19,"CpGCorpus,existing",True,True,False,cpgcorpus,2026-02-18T12:08:40.543840,data/ajhg2020/GSE116992/GPL21145/betas/QCDPB.arrow,ae8c0245f746bf774b0636a41b24d00e8db8bf680733ea49d277223958098d2b,22.0,865920.0,data/ajhg2020/GSE116992/GPL21145/metadata/metadata.arrow,44643b37822dd38dd82a4e2ff431aba9941f46f8558b3918a3dd505293ce1c74,GSM3267129,MS1213_Coffin-Siris Syndrome 1,GSM3267129,Public on Nov 07 2018,Jul 12 2018,Nov 07 2018,genomic,1,MS1213,Homo sapiens,disease state: Coffin-Siris syndrome,tissue: Whole Blood,N/A,N/A,genomic DNA,Standard DNA extraction from blood,Cy5 and Cy3,According to the manufacturer's protocol,9606,According to the manufacturer's protocol,iScan,SAMPLE 19,"Illumina Normalization method with background correction, using minfi package in R 3.4.2",GPL21145,"Bekim,,Sadikovic",bekim.sadikovic@lhsc.on.ca,Pathology and Laboratory Medicine,University of Western Ontario,800 Commissioners Rd E,London,Ontario,N6A 5W9,Canada,ftp://ftp.ncbi.nlm.nih.gov/geo/samples/GSM3267nnn/GSM3267129/suppl/GSM3267129_202240580159_R02C01_Grn.idat.gz,ftp://ftp.ncbi.nlm.nih.gov/geo/samples/GSM3267nnn/GSM3267129/suppl/GSM3267129_202240580159_R02C01_Red.idat.gz,866091,Coffin-Siris syndrome,Whole Blood,cpgcorpus,,,,,,,,,,,,,,,,,,,,,,,,,,,,,,,,,,,,,,,,,,,,,,,,,,,,,,,,,,,,,,,,,,,,,,,,,,,,,BAFopathy,"ARID1A,ARID1B,SMARCB1,SMARCA4,SMARCA2",614607; 135900; 614609; 614608; 601358,50.0,19.0,yes,CSS1,ARID1B,,,,,,BAFopathy,"ARID1A,ARID1B,SMARCB1,SMARCA4,SMARCA2",614607; 135900; 614609; 614608; 601358,50.0,19.0,yes,CSS1,ARID1B
GSE116992_GPL13534_sample_62,GSE116992,GPL13534,BAFopathy,BAFopathy,"ARID1A,ARID1B,SMARCB1,SMARCA4,SMARCA2",case,none none none none,"CpGCorpus,existing",True,True,False,cpgcorpus,2026-02-18T12:08:16.114837,data/ajhg2020/GSE116992/GPL13534/betas/QCDPB.arrow,fe0f76ef5a2ad4cd5fc014fb2292df31fa0c6aa32294a7a6b25cdbde88a44e99,7.0,485579.0,data/ajhg2020/GSE116992/GPL13534/metadata/metadata.arrow,370d204121de92891c6c4c644210b07df9b2517453e8d811b3fe2788d196e712,,,,,,,,,,,,,,,,,,,,,,,,,,,,,,,,,,,,,,,existing,GSE116992,GPL21145,BAFopathy,BAFopathy,"ARID1A,ARID1B,SMARCB1,SMARCA4,SMARCA2",case,ms1215_coffin-siris syndrome 1 ms1215 disease state: coffin-siris syndrome sample 20,"CpGCorpus,existing",True,True,False,cpgcorpus,2026-02-18T12:08:40.543840,data/ajhg2020/GSE116992/GPL21145/betas/QCDPB.arrow,ae8c0245f746bf774b0636a41b24d00e8db8bf680733ea49d277223958098d2b,22.0,865920.0,data/ajhg2020/GSE116992/GPL21145/metadata/metadata.arrow,44643b37822dd38dd82a4e2ff431aba9941f46f8558b3918a3dd505293ce1c74,GSM3267130,MS1215_Coffin-Siris Syndrome 1,GSM3267130,Public on Nov 07 2018,Jul 12 2018,Nov 07 2018,genomic,1,MS1215,Homo sapiens,disease state: Coffin-Siris syndrome,tissue: Whole Blood,N/A,N/A,genomic DNA,Standard DNA extraction from blood,Cy5 and Cy3,According to the manufacturer's protocol,9606,According to the manufacturer's protocol,iScan,SAMPLE 20,"Illumina Normalization method with background correction, using minfi package in R 3.4.2",GPL21145,"Bekim,,Sadikovic",bekim.sadikovic@lhsc.on.ca,Pathology and Laboratory Medicine,University of Western Ontario,800 Commissioners Rd E,London,Ontario,N6A 5W9,Canada,ftp://ftp.ncbi.nlm.nih.gov/geo/samples/GSM3267nnn/GSM3267130/suppl/GSM3267130_202240580159_R04C01_Grn.idat.gz,ftp://ftp.ncbi.nlm.nih.gov/geo/samples/GSM3267nnn/GSM3267130/suppl/GSM3267130_202240580159_R04C01_Red.idat.gz,866091,Coffin-Siris syndrome,Whole Blood,cpgcorpus,,,,,,,,,,,,,,,,,,,,,,,,,,,,,,,,,,,,,,,,,,,,,,,,,,,,,,,,,,,,,,,,,,,,,,,,,,,,,BAFopathy,"ARID1A,ARID1B,SMARCB1,SMARCA4,SMARCA2",614607; 135900; 614609; 614608; 601358,50.0,19.0,yes,CSS1,ARID1B,,,,,,BAFopathy,"ARID1A,ARID1B,SMARCB1,SMARCA4,SMARCA2",614607; 135900; 614609; 614608; 601358,50.0,19.0,yes,CSS1,ARID1B
GSE116992_GPL13534_sample_63,GSE116992,GPL13534,BAFopathy,BAFopathy,"ARID1A,ARID1B,SMARCB1,SMARCA4,SMARCA2",case,none none none none,"CpGCorpus,existing",True,True,False,cpgcorpus,2026-02-18T12:08:16.114837,data/ajhg2020/GSE116992/GPL13534/betas/QCDPB.arrow,fe0f76ef5a2ad4cd5fc014fb2292df31fa0c6aa32294a7a6b25cdbde88a44e99,7.0,485579.0,data/ajhg2020/GSE116992/GPL13534/metadata/metadata.arrow,370d204121de92891c6c4c644210b07df9b2517453e8d811b3fe2788d196e712,,,,,,,,,,,,,,,,,,,,,,,,,,,,,,,,,,,,,,,existing,GSE116992,GPL21145,BAFopathy,BAFopathy,"ARID1A,ARID1B,SMARCB1,SMARCA4,SMARCA2",case,ms1216_coffin-siris syndrome 1 ms1216 disease state: coffin-siris syndrome sample 21,"CpGCorpus,existing",True,True,False,cpgcorpus,2026-02-18T12:08:40.543840,data/ajhg2020/GSE116992/GPL21145/betas/QCDPB.arrow,ae8c0245f746bf774b0636a41b24d00e8db8bf680733ea49d277223958098d2b,22.0,865920.0,data/ajhg2020/GSE116992/GPL21145/metadata/metadata.arrow,44643b37822dd38dd82a4e2ff431aba9941f46f8558b3918a3dd505293ce1c74,GSM3267131,MS1216_Coffin-Siris Syndrome 1,GSM3267131,Public on Nov 07 2018,Jul 12 2018,Nov 07 2018,genomic,1,MS1216,Homo sapiens,disease state: Coffin-Siris syndrome,tissue: Whole Blood,N/A,N/A,genomic DNA,Standard DNA extraction from blood,Cy5 and Cy3,According to the manufacturer's protocol,9606,According to the manufacturer's protocol,iScan,SAMPLE 21,"Illumina Normalization method with background correction, using minfi package in R 3.4.2",GPL21145,"Bekim,,Sadikovic",bekim.sadikovic@lhsc.on.ca,Pathology and Laboratory Medicine,University of Western Ontario,800 Commissioners Rd E,London,Ontario,N6A 5W9,Canada,ftp://ftp.ncbi.nlm.nih.gov/geo/samples/GSM3267nnn/GSM3267131/suppl/GSM3267131_202240580159_R05C01_Grn.idat.gz,ftp://ftp.ncbi.nlm.nih.gov/geo/samples/GSM3267nnn/GSM3267131/suppl/GSM3267131_202240580159_R05C01_Red.idat.gz,866091,Coffin-Siris syndrome,Whole Blood,cpgcorpus,,,,,,,,,,,,,,,,,,,,,,,,,,,,,,,,,,,,,,,,,,,,,,,,,,,,,,,,,,,,,,,,,,,,,,,,,,,,,BAFopathy,"ARID1A,ARID1B,SMARCB1,SMARCA4,SMARCA2",614607; 135900; 614609; 614608; 601358,50.0,19.0,yes,CSS1,ARID1B,,,,,,BAFopathy,"ARID1A,ARID1B,SMARCB1,SMARCA4,SMARCA2",614607; 135900; 614609; 614608; 601358,50.0,19.0,yes,CSS1,ARID1B
GSE116992_GPL13534_sample_64,GSE116992,GPL13534,BAFopathy,BAFopathy,"ARID1A,ARID1B,SMARCB1,SMARCA4,SMARCA2",case,none none none none,"CpGCorpus,existing",True,True,False,cpgcorpus,2026-02-18T12:08:16.114837,data/ajhg2020/GSE116992/GPL13534/betas/QCDPB.arrow,fe0f76ef5a2ad4cd5fc014fb2292df31fa0c6aa32294a7a6b25cdbde88a44e99,7.0,485579.0,data/ajhg2020/GSE116992/GPL13534/metadata/metadata.arrow,370d204121de92891c6c4c644210b07df9b2517453e8d811b3fe2788d196e712,,,,,,,,,,,,,,,,,,,,,,,,,,,,,,,,,,,,,,,existing,GSE116992,GPL21145,BAFopathy,BAFopathy,"ARID1A,ARID1B,SMARCB1,SMARCA4,SMARCA2",case,ms1217_coffin-siris syndrome 1 ms1217 disease state: coffin-siris syndrome sample 22,"CpGCorpus,existing",True,True,False,cpgcorpus,2026-02-18T12:08:40.543840,data/ajhg2020/GSE116992/GPL21145/betas/QCDPB.arrow,ae8c0245f746bf774b0636a41b24d00e8db8bf680733ea49d277223958098d2b,22.0,865920.0,data/ajhg2020/GSE116992/GPL21145/metadata/metadata.arrow,44643b37822dd38dd82a4e2ff431aba9941f46f8558b3918a3dd505293ce1c74,GSM3267132,MS1217_Coffin-Siris Syndrome 1,GSM3267132,Public on Nov 07 2018,Jul 12 2018,Nov 07 2018,genomic,1,MS1217,Homo sapiens,disease state: Coffin-Siris syndrome,tissue: Whole Blood,N/A,N/A,genomic DNA,Standard DNA extraction from blood,Cy5 and Cy3,According to the manufacturer's protocol,9606,According to the manufacturer's protocol,iScan,SAMPLE 22,"Illumina Normalization method with background correction, using minfi package in R 3.4.2",GPL21145,"Bekim,,Sadikovic",bekim.sadikovic@lhsc.on.ca,Pathology and Laboratory Medicine,University of Western Ontario,800 Commissioners Rd E,London,Ontario,N6A 5W9,Canada,ftp://ftp.ncbi.nlm.nih.gov/geo/samples/GSM3267nnn/GSM3267132/suppl/GSM3267132_202240580159_R06C01_Grn.idat.gz,ftp://ftp.ncbi.nlm.nih.gov/geo/samples/GSM3267nnn/GSM3267132/suppl/GSM3267132_202240580159_R06C01_Red.idat.gz,866091,Coffin-Siris syndrome,Whole Blood,cpgcorpus,,,,,,,,,,,,,,,,,,,,,,,,,,,,,,,,,,,,,,,,,,,,,,,,,,,,,,,,,,,,,,,,,,,,,,,,,,,,,BAFopathy,"ARID1A,ARID1B,SMARCB1,SMARCA4,SMARCA2",614607; 135900; 614609; 614608; 601358,50.0,19.0,yes,CSS1,ARID1B,,,,,,BAFopathy,"ARID1A,ARID1B,SMARCB1,SMARCA4,SMARCA2",614607; 135900; 614609; 614608; 601358,50.0,19.0,yes,CSS1,ARID1B
GSE116992_GPL13534_sample_65,GSE116992,GPL13534,BAFopathy,BAFopathy,"ARID1A,ARID1B,SMARCB1,SMARCA4,SMARCA2",case,ms0674_coffin-siris syndrome 1 ms0674 disease state: coffin-siris syndrome sample 1,"CpGCorpus,existing",True,True,False,cpgcorpus,2026-02-18T12:08:16.114837,data/ajhg2020/GSE116992/GPL13534/betas/QCDPB.arrow,fe0f76ef5a2ad4cd5fc014fb2292df31fa0c6aa32294a7a6b25cdbde88a44e99,7.0,485579.0,data/ajhg2020/GSE116992/GPL13534/metadata/metadata.arrow,370d204121de92891c6c4c644210b07df9b2517453e8d811b3fe2788d196e712,,,,,,,,,,,,,,,,,,,,,,,,,,,,,,,,,,,,,,,existing,GSE116992,GPL21145,BAFopathy,BAFopathy,"ARID1A,ARID1B,SMARCB1,SMARCA4,SMARCA2",case,none none none none,"CpGCorpus,existing",True,True,False,cpgcorpus,2026-02-18T12:08:40.543840,data/ajhg2020/GSE116992/GPL21145/betas/QCDPB.arrow,ae8c0245f746bf774b0636a41b24d00e8db8bf680733ea49d277223958098d2b,22.0,865920.0,data/ajhg2020/GSE116992/GPL21145/metadata/metadata.arrow,44643b37822dd38dd82a4e2ff431aba9941f46f8558b3918a3dd505293ce1c74,,,,,,,,,,,,,,,,,,,,,,,,,,,,,,,,,,,,,,,existing,GSE116992,GPL13534,BAFopathy,BAFopathy,"ARID1A,ARID1B,SMARCB1,SMARCA4,SMARCA2",case,ms0674_coffin-siris syndrome 1 ms0674 disease state: coffin-siris syndrome sample 1,CpGCorpus,True,True,False,cpgcorpus,2026-02-18T12:08:16.114837,data/ajhg2020/GSE116992/GPL13534/betas/QCDPB.arrow,fe0f76ef5a2ad4cd5fc014fb2292df31fa0c6aa32294a7a6b25cdbde88a44e99,7.0,485579.0,data/ajhg2020/GSE116992/GPL13534/metadata/metadata.arrow,370d204121de92891c6c4c644210b07df9b2517453e8d811b3fe2788d196e712,GSM3267080,MS0674_Coffin-Siris Syndrome 1,GSM3267080,Public on Nov 07 2018,Jul 12 2018,Nov 07 2018,genomic,1,MS0674,Homo sapiens,disease state: Coffin-Siris syndrome,tissue: Whole Blood,N/A,N/A,genomic DNA,Standard DNA extraction from blood,Cy5 and Cy3,According to the manufacturer's protocol,9606,According to the manufacturer's protocol,iScan,SAMPLE 1,"Illumina Normalization method with background correction, using minfi package in R 3.4.2",GPL13534,"Bekim,,Sadikovic",bekim.sadikovic@lhsc.on.ca,Pathology and Laboratory Medicine,University of Western Ontario,800 Commissioners Rd E,London,Ontario,N6A 5W9,Canada,ftp://ftp.ncbi.nlm.nih.gov/geo/samples/GSM3267nnn/GSM3267080/suppl/GSM3267080_101032560039_R02C01_Grn.idat.gz,ftp://ftp.ncbi.nlm.nih.gov/geo/samples/GSM3267nnn/GSM3267080/suppl/GSM3267080_101032560039_R02C01_Red.idat.gz,485512,Coffin-Siris syndrome,Whole Blood,cpgcorpus,,,,,,BAFopathy,"ARID1A,ARID1B,SMARCB1,SMARCA4,SMARCA2",614607; 135900; 614609; 614608; 601358,50.0,19.0,yes,CSS1,ARID1B,,,,,,BAFopathy,"ARID1A,ARID1B,SMARCB1,SMARCA4,SMARCA2",614607; 135900; 614609; 614608; 601358,50.0,19.0,yes,CSS1,ARID1B,,,,,,BAFopathy,"ARID1A,ARID1B,SMARCB1,SMARCA4,SMARCA2",614607; 135900; 614609; 614608; 601358,50.0,19.0,yes,CSS1,ARID1B
GSE116992_GPL13534_sample_66,GSE116992,GPL13534,BAFopathy,BAFopathy,"ARID1A,ARID1B,SMARCB1,SMARCA4,SMARCA2",case,ms0676_coffin-siris syndrome 1 ms0676 disease state: coffin-siris syndrome sample 2,"CpGCorpus,existing",True,True,False,cpgcorpus,2026-02-18T12:08:16.114837,data/ajhg2020/GSE116992/GPL13534/betas/QCDPB.arrow,fe0f76ef5a2ad4cd5fc014fb2292df31fa0c6aa32294a7a6b25cdbde88a44e99,7.0,485579.0,data/ajhg2020/GSE116992/GPL13534/metadata/metadata.arrow,370d204121de92891c6c4c644210b07df9b2517453e8d811b3fe2788d196e712,,,,,,,,,,,,,,,,,,,,,,,,,,,,,,,,,,,,,,,existing,GSE116992,GPL21145,BAFopathy,BAFopathy,"ARID1A,ARID1B,SMARCB1,SMARCA4,SMARCA2",case,none none none none,"CpGCorpus,existing",True,True,False,cpgcorpus,2026-02-18T12:08:40.543840,data/ajhg2020/GSE116992/GPL21145/betas/QCDPB.arrow,ae8c0245f746bf774b0636a41b24d00e8db8bf680733ea49d277223958098d2b,22.0,865920.0,data/ajhg2020/GSE116992/GPL21145/metadata/metadata.arrow,44643b37822dd38dd82a4e2ff431aba9941f46f8558b3918a3dd505293ce1c74,,,,,,,,,,,,,,,,,,,,,,,,,,,,,,,,,,,,,,,existing,GSE116992,GPL13534,BAFopathy,BAFopathy,"ARID1A,ARID1B,SMARCB1,SMARCA4,SMARCA2",case,ms0676_coffin-siris syndrome 1 ms0676 disease state: coffin-siris syndrome sample 2,CpGCorpus,True,True,False,cpgcorpus,2026-02-18T12:08:16.114837,data/ajhg2020/GSE116992/GPL13534/betas/QCDPB.arrow,fe0f76ef5a2ad4cd5fc014fb2292df31fa0c6aa32294a7a6b25cdbde88a44e99,7.0,485579.0,data/ajhg2020/GSE116992/GPL13534/metadata/metadata.arrow,370d204121de92891c6c4c644210b07df9b2517453e8d811b3fe2788d196e712,GSM3267081,MS0676_Coffin-Siris Syndrome 1,GSM3267081,Public on Nov 07 2018,Jul 12 2018,Nov 07 2018,genomic,1,MS0676,Homo sapiens,disease state: Coffin-Siris syndrome,tissue: Whole Blood,N/A,N/A,genomic DNA,Standard DNA extraction from blood,Cy5 and Cy3,According to the manufacturer's protocol,9606,According to the manufacturer's protocol,iScan,SAMPLE 2,"Illumina Normalization method with background correction, using minfi package in R 3.4.2",GPL13534,"Bekim,,Sadikovic",bekim.sadikovic@lhsc.on.ca,Pathology and Laboratory Medicine,University of Western Ontario,800 Commissioners Rd E,London,Ontario,N6A 5W9,Canada,ftp://ftp.ncbi.nlm.nih.gov/geo/samples/GSM3267nnn/GSM3267081/suppl/GSM3267081_101032560039_R03C01_Grn.idat.gz,ftp://ftp.ncbi.nlm.nih.gov/geo/samples/GSM3267nnn/GSM3267081/suppl/GSM3267081_101032560039_R03C01_Red.idat.gz,485512,Coffin-Siris syndrome,Whole Blood,cpgcorpus,,,,,,BAFopathy,"ARID1A,ARID1B,SMARCB1,SMARCA4,SMARCA2",614607; 135900; 614609; 614608; 601358,50.0,19.0,yes,CSS1,ARID1B,,,,,,BAFopathy,"ARID1A,ARID1B,SMARCB1,SMARCA4,SMARCA2",614607; 135900; 614609; 614608; 601358,50.0,19.0,yes,CSS1,ARID1B,,,,,,BAFopathy,"ARID1A,ARID1B,SMARCB1,SMARCA4,SMARCA2",614607; 135900; 614609; 614608; 601358,50.0,19.0,yes,CSS1,ARID1B
GSE116992_GPL13534_sample_67,GSE116992,GPL13534,BAFopathy,BAFopathy,"ARID1A,ARID1B,SMARCB1,SMARCA4,SMARCA2",case,ms0678_coffin-siris syndrome 1 ms0678 disease state: coffin-siris syndrome sample 3,"CpGCorpus,existing",True,True,False,cpgcorpus,2026-02-18T12:08:16.114837,data/ajhg2020/GSE116992/GPL13534/betas/QCDPB.arrow,fe0f76ef5a2ad4cd5fc014fb2292df31fa0c6aa32294a7a6b25cdbde88a44e99,7.0,485579.0,data/ajhg2020/GSE116992/GPL13534/metadata/metadata.arrow,370d204121de92891c6c4c644210b07df9b2517453e8d811b3fe2788d196e712,,,,,,,,,,,,,,,,,,,,,,,,,,,,,,,,,,,,,,,existing,GSE116992,GPL21145,BAFopathy,BAFopathy,"ARID1A,ARID1B,SMARCB1,SMARCA4,SMARCA2",case,none none none none,"CpGCorpus,existing",True,True,False,cpgcorpus,2026-02-18T12:08:40.543840,data/ajhg2020/GSE116992/GPL21145/betas/QCDPB.arrow,ae8c0245f746bf774b0636a41b24d00e8db8bf680733ea49d277223958098d2b,22.0,865920.0,data/ajhg2020/GSE116992/GPL21145/metadata/metadata.arrow,44643b37822dd38dd82a4e2ff431aba9941f46f8558b3918a3dd505293ce1c74,,,,,,,,,,,,,,,,,,,,,,,,,,,,,,,,,,,,,,,existing,GSE116992,GPL13534,BAFopathy,BAFopathy,"ARID1A,ARID1B,SMARCB1,SMARCA4,SMARCA2",case,ms0678_coffin-siris syndrome 1 ms0678 disease state: coffin-siris syndrome sample 3,CpGCorpus,True,True,False,cpgcorpus,2026-02-18T12:08:16.114837,data/ajhg2020/GSE116992/GPL13534/betas/QCDPB.arrow,fe0f76ef5a2ad4cd5fc014fb2292df31fa0c6aa32294a7a6b25cdbde88a44e99,7.0,485579.0,data/ajhg2020/GSE116992/GPL13534/metadata/metadata.arrow,370d204121de92891c6c4c644210b07df9b2517453e8d811b3fe2788d196e712,GSM3267082,MS0678_Coffin-Siris Syndrome 1,GSM3267082,Public on Nov 07 2018,Jul 12 2018,Nov 07 2018,genomic,1,MS0678,Homo sapiens,disease state: Coffin-Siris syndrome,tissue: Whole Blood,N/A,N/A,genomic DNA,Standard DNA extraction from blood,Cy5 and Cy3,According to the manufacturer's protocol,9606,According to the manufacturer's protocol,iScan,SAMPLE 3,"Illumina Normalization method with background correction, using minfi package in R 3.4.2",GPL13534,"Bekim,,Sadikovic",bekim.sadikovic@lhsc.on.ca,Pathology and Laboratory Medicine,University of Western Ontario,800 Commissioners Rd E,London,Ontario,N6A 5W9,Canada,ftp://ftp.ncbi.nlm.nih.gov/geo/samples/GSM3267nnn/GSM3267082/suppl/GSM3267082_101032560039_R04C01_Grn.idat.gz,ftp://ftp.ncbi.nlm.nih.gov/geo/samples/GSM3267nnn/GSM3267082/suppl/GSM3267082_101032560039_R04C01_Red.idat.gz,485512,Coffin-Siris syndrome,Whole Blood,cpgcorpus,,,,,,BAFopathy,"ARID1A,ARID1B,SMARCB1,SMARCA4,SMARCA2",614607; 135900; 614609; 614608; 601358,50.0,19.0,yes,CSS1,ARID1B,,,,,,BAFopathy,"ARID1A,ARID1B,SMARCB1,SMARCA4,SMARCA2",614607; 135900; 614609; 614608; 601358,50.0,19.0,yes,CSS1,ARID1B,,,,,,BAFopathy,"ARID1A,ARID1B,SMARCB1,SMARCA4,SMARCA2",614607; 135900; 614609; 614608; 601358,50.0,19.0,yes,CSS1,ARID1B
GSE116992_GPL13534_sample_68,GSE116992,GPL13534,BAFopathy,BAFopathy,"ARID1A,ARID1B,SMARCB1,SMARCA4,SMARCA2",case,ms0679_coffin-siris syndrome 3 ms0679 disease state: coffin-siris syndrome sample 4,"CpGCorpus,existing",True,True,False,cpgcorpus,2026-02-18T12:08:16.114837,data/ajhg2020/GSE116992/GPL13534/betas/QCDPB.arrow,fe0f76ef5a2ad4cd5fc014fb2292df31fa0c6aa32294a7a6b25cdbde88a44e99,7.0,485579.0,data/ajhg2020/GSE116992/GPL13534/metadata/metadata.arrow,370d204121de92891c6c4c644210b07df9b2517453e8d811b3fe2788d196e712,,,,,,,,,,,,,,,,,,,,,,,,,,,,,,,,,,,,,,,existing,GSE116992,GPL21145,BAFopathy,BAFopathy,"ARID1A,ARID1B,SMARCB1,SMARCA4,SMARCA2",case,none none none none,"CpGCorpus,existing",True,True,False,cpgcorpus,2026-02-18T12:08:40.543840,data/ajhg2020/GSE116992/GPL21145/betas/QCDPB.arrow,ae8c0245f746bf774b0636a41b24d00e8db8bf680733ea49d277223958098d2b,22.0,865920.0,data/ajhg2020/GSE116992/GPL21145/metadata/metadata.arrow,44643b37822dd38dd82a4e2ff431aba9941f46f8558b3918a3dd505293ce1c74,,,,,,,,,,,,,,,,,,,,,,,,,,,,,,,,,,,,,,,existing,GSE116992,GPL13534,BAFopathy,BAFopathy,"ARID1A,ARID1B,SMARCB1,SMARCA4,SMARCA2",case,ms0679_coffin-siris syndrome 3 ms0679 disease state: coffin-siris syndrome sample 4,CpGCorpus,True,True,False,cpgcorpus,2026-02-18T12:08:16.114837,data/ajhg2020/GSE116992/GPL13534/betas/QCDPB.arrow,fe0f76ef5a2ad4cd5fc014fb2292df31fa0c6aa32294a7a6b25cdbde88a44e99,7.0,485579.0,data/ajhg2020/GSE116992/GPL13534/metadata/metadata.arrow,370d204121de92891c6c4c644210b07df9b2517453e8d811b3fe2788d196e712,GSM3267083,MS0679_Coffin-Siris Syndrome 3,GSM3267083,Public on Nov 07 2018,Jul 12 2018,Nov 07 2018,genomic,1,MS0679,Homo sapiens,disease state: Coffin-Siris syndrome,tissue: Whole Blood,N/A,N/A,genomic DNA,Standard DNA extraction from blood,Cy5 and Cy3,According to the manufacturer's protocol,9606,According to the manufacturer's protocol,iScan,SAMPLE 4,"Illumina Normalization method with background correction, using minfi package in R 3.4.2",GPL13534,"Bekim,,Sadikovic",bekim.sadikovic@lhsc.on.ca,Pathology and Laboratory Medicine,University of Western Ontario,800 Commissioners Rd E,London,Ontario,N6A 5W9,Canada,ftp://ftp.ncbi.nlm.nih.gov/geo/samples/GSM3267nnn/GSM3267083/suppl/GSM3267083_101032560039_R04C02_Grn.idat.gz,ftp://ftp.ncbi.nlm.nih.gov/geo/samples/GSM3267nnn/GSM3267083/suppl/GSM3267083_101032560039_R04C02_Red.idat.gz,485512,Coffin-Siris syndrome,Whole Blood,cpgcorpus,,,,,,BAFopathy,"ARID1A,ARID1B,SMARCB1,SMARCA4,SMARCA2",614607; 135900; 614609; 614608; 601358,50.0,19.0,yes,CSS3,SMARCB1,,,,,,BAFopathy,"ARID1A,ARID1B,SMARCB1,SMARCA4,SMARCA2",614607; 135900; 614609; 614608; 601358,50.0,19.0,yes,CSS3,SMARCB1,,,,,,BAFopathy,"ARID1A,ARID1B,SMARCB1,SMARCA4,SMARCA2",614607; 135900; 614609; 614608; 601358,50.0,19.0,yes,CSS3,SMARCB1
GSE116992_GPL13534_sample_69,GSE116992,GPL13534,BAFopathy,BAFopathy,"ARID1A,ARID1B,SMARCB1,SMARCA4,SMARCA2",case,ms0680_coffin-siris syndrome 1 ms0680 disease state: coffin-siris syndrome sample 5,"CpGCorpus,existing",True,True,False,cpgcorpus,2026-02-18T12:08:16.114837,data/ajhg2020/GSE116992/GPL13534/betas/QCDPB.arrow,fe0f76ef5a2ad4cd5fc014fb2292df31fa0c6aa32294a7a6b25cdbde88a44e99,7.0,485579.0,data/ajhg2020/GSE116992/GPL13534/metadata/metadata.arrow,370d204121de92891c6c4c644210b07df9b2517453e8d811b3fe2788d196e712,,,,,,,,,,,,,,,,,,,,,,,,,,,,,,,,,,,,,,,existing,GSE116992,GPL21145,BAFopathy,BAFopathy,"ARID1A,ARID1B,SMARCB1,SMARCA4,SMARCA2",case,none none none none,"CpGCorpus,existing",True,True,False,cpgcorpus,2026-02-18T12:08:40.543840,data/ajhg2020/GSE116992/GPL21145/betas/QCDPB.arrow,ae8c0245f746bf774b0636a41b24d00e8db8bf680733ea49d277223958098d2b,22.0,865920.0,data/ajhg2020/GSE116992/GPL21145/metadata/metadata.arrow,44643b37822dd38dd82a4e2ff431aba9941f46f8558b3918a3dd505293ce1c74,,,,,,,,,,,,,,,,,,,,,,,,,,,,,,,,,,,,,,,existing,GSE116992,GPL13534,BAFopathy,BAFopathy,"ARID1A,ARID1B,SMARCB1,SMARCA4,SMARCA2",case,ms0680_coffin-siris syndrome 1 ms0680 disease state: coffin-siris syndrome sample 5,CpGCorpus,True,True,False,cpgcorpus,2026-02-18T12:08:16.114837,data/ajhg2020/GSE116992/GPL13534/betas/QCDPB.arrow,fe0f76ef5a2ad4cd5fc014fb2292df31fa0c6aa32294a7a6b25cdbde88a44e99,7.0,485579.0,data/ajhg2020/GSE116992/GPL13534/metadata/metadata.arrow,370d204121de92891c6c4c644210b07df9b2517453e8d811b3fe2788d196e712,GSM3267084,MS0680_Coffin-Siris Syndrome 1,GSM3267084,Public on Nov 07 2018,Jul 12 2018,Nov 07 2018,genomic,1,MS0680,Homo sapiens,disease state: Coffin-Siris syndrome,tissue: Whole Blood,N/A,N/A,genomic DNA,Standard DNA extraction from blood,Cy5 and Cy3,According to the manufacturer's protocol,9606,According to the manufacturer's protocol,iScan,SAMPLE 5,"Illumina Normalization method with background correction, using minfi package in R 3.4.2",GPL13534,"Bekim,,Sadikovic",bekim.sadikovic@lhsc.on.ca,Pathology and Laboratory Medicine,University of Western Ontario,800 Commissioners Rd E,London,Ontario,N6A 5W9,Canada,ftp://ftp.ncbi.nlm.nih.gov/geo/samples/GSM3267nnn/GSM3267084/suppl/GSM3267084_101032560039_R05C01_Grn.idat.gz,ftp://ftp.ncbi.nlm.nih.gov/geo/samples/GSM3267nnn/GSM3267084/suppl/GSM3267084_101032560039_R05C01_Red.idat.gz,485512,Coffin-Siris syndrome,Whole Blood,cpgcorpus,,,,,,BAFopathy,"ARID1A,ARID1B,SMARCB1,SMARCA4,SMARCA2",614607; 135900; 614609; 614608; 601358,50.0,19.0,yes,CSS1,ARID1B,,,,,,BAFopathy,"ARID1A,ARID1B,SMARCB1,SMARCA4,SMARCA2",614607; 135900; 614609; 614608; 601358,50.0,19.0,yes,CSS1,ARID1B,,,,,,BAFopathy,"ARID1A,ARID1B,SMARCB1,SMARCA4,SMARCA2",614607; 135900; 614609; 614608; 601358,50.0,19.0,yes,CSS1,ARID1B
GSE116992_GPL13534_sample_70,GSE116992,GPL13534,BAFopathy,BAFopathy,"ARID1A,ARID1B,SMARCB1,SMARCA4,SMARCA2",case,ms0681_coffin-siris syndrome 3 ms0681 disease state: coffin-siris syndrome sample 6,"CpGCorpus,existing",True,True,False,cpgcorpus,2026-02-18T12:08:16.114837,data/ajhg2020/GSE116992/GPL13534/betas/QCDPB.arrow,fe0f76ef5a2ad4cd5fc014fb2292df31fa0c6aa32294a7a6b25cdbde88a44e99,7.0,485579.0,data/ajhg2020/GSE116992/GPL13534/metadata/metadata.arrow,370d204121de92891c6c4c644210b07df9b2517453e8d811b3fe2788d196e712,,,,,,,,,,,,,,,,,,,,,,,,,,,,,,,,,,,,,,,existing,GSE116992,GPL21145,BAFopathy,BAFopathy,"ARID1A,ARID1B,SMARCB1,SMARCA4,SMARCA2",case,none none none none,"CpGCorpus,existing",True,True,False,cpgcorpus,2026-02-18T12:08:40.543840,data/ajhg2020/GSE116992/GPL21145/betas/QCDPB.arrow,ae8c0245f746bf774b0636a41b24d00e8db8bf680733ea49d277223958098d2b,22.0,865920.0,data/ajhg2020/GSE116992/GPL21145/metadata/metadata.arrow,44643b37822dd38dd82a4e2ff431aba9941f46f8558b3918a3dd505293ce1c74,,,,,,,,,,,,,,,,,,,,,,,,,,,,,,,,,,,,,,,existing,GSE116992,GPL13534,BAFopathy,BAFopathy,"ARID1A,ARID1B,SMARCB1,SMARCA4,SMARCA2",case,ms0681_coffin-siris syndrome 3 ms0681 disease state: coffin-siris syndrome sample 6,CpGCorpus,True,True,False,cpgcorpus,2026-02-18T12:08:16.114837,data/ajhg2020/GSE116992/GPL13534/betas/QCDPB.arrow,fe0f76ef5a2ad4cd5fc014fb2292df31fa0c6aa32294a7a6b25cdbde88a44e99,7.0,485579.0,data/ajhg2020/GSE116992/GPL13534/metadata/metadata.arrow,370d204121de92891c6c4c644210b07df9b2517453e8d811b3fe2788d196e712,GSM3267085,MS0681_Coffin-Siris Syndrome 3,GSM3267085,Public on Nov 07 2018,Jul 12 2018,Nov 07 2018,genomic,1,MS0681,Homo sapiens,disease state: Coffin-Siris syndrome,tissue: Whole Blood,N/A,N/A,genomic DNA,Standard DNA extraction from blood,Cy5 and Cy3,According to the manufacturer's protocol,9606,According to the manufacturer's protocol,iScan,SAMPLE 6,"Illumina Normalization method with background correction, using minfi package in R 3.4.2",GPL13534,"Bekim,,Sadikovic",bekim.sadikovic@lhsc.on.ca,Pathology and Laboratory Medicine,University of Western Ontario,800 Commissioners Rd E,London,Ontario,N6A 5W9,Canada,ftp://ftp.ncbi.nlm.nih.gov/geo/samples/GSM3267nnn/GSM3267085/suppl/GSM3267085_101032560039_R05C02_Grn.idat.gz,ftp://ftp.ncbi.nlm.nih.gov/geo/samples/GSM3267nnn/GSM3267085/suppl/GSM3267085_101032560039_R05C02_Red.idat.gz,485512,Coffin-Siris syndrome,Whole Blood,cpgcorpus,,,,,,BAFopathy,"ARID1A,ARID1B,SMARCB1,SMARCA4,SMARCA2",614607; 135900; 614609; 614608; 601358,50.0,19.0,yes,CSS1,ARID1B,,,,,,BAFopathy,"ARID1A,ARID1B,SMARCB1,SMARCA4,SMARCA2",614607; 135900; 614609; 614608; 601358,50.0,19.0,yes,CSS3,SMARCB1,,,,,,BAFopathy,"ARID1A,ARID1B,SMARCB1,SMARCA4,SMARCA2",614607; 135900; 614609; 614608; 601358,50.0,19.0,yes,CSS1,ARID1B
GSE116992_GPL13534_sample_71,GSE116992,GPL13534,BAFopathy,BAFopathy,"ARID1A,ARID1B,SMARCB1,SMARCA4,SMARCA2",case,ms0683_coffin-siris syndrome 3 ms0683 disease state: coffin-siris syndrome sample 7,"CpGCorpus,existing",True,True,False,cpgcorpus,2026-02-18T12:08:16.114837,data/ajhg2020/GSE116992/GPL13534/betas/QCDPB.arrow,fe0f76ef5a2ad4cd5fc014fb2292df31fa0c6aa32294a7a6b25cdbde88a44e99,7.0,485579.0,data/ajhg2020/GSE116992/GPL13534/metadata/metadata.arrow,370d204121de92891c6c4c644210b07df9b2517453e8d811b3fe2788d196e712,,,,,,,,,,,,,,,,,,,,,,,,,,,,,,,,,,,,,,,existing,GSE116992,GPL21145,BAFopathy,BAFopathy,"ARID1A,ARID1B,SMARCB1,SMARCA4,SMARCA2",case,none none none none,"CpGCorpus,existing",True,True,False,cpgcorpus,2026-02-18T12:08:40.543840,data/ajhg2020/GSE116992/GPL21145/betas/QCDPB.arrow,ae8c0245f746bf774b0636a41b24d00e8db8bf680733ea49d277223958098d2b,22.0,865920.0,data/ajhg2020/GSE116992/GPL21145/metadata/metadata.arrow,44643b37822dd38dd82a4e2ff431aba9941f46f8558b3918a3dd505293ce1c74,,,,,,,,,,,,,,,,,,,,,,,,,,,,,,,,,,,,,,,existing,GSE116992,GPL13534,BAFopathy,BAFopathy,"ARID1A,ARID1B,SMARCB1,SMARCA4,SMARCA2",case,ms0683_coffin-siris syndrome 3 ms0683 disease state: coffin-siris syndrome sample 7,CpGCorpus,True,True,False,cpgcorpus,2026-02-18T12:08:16.114837,data/ajhg2020/GSE116992/GPL13534/betas/QCDPB.arrow,fe0f76ef5a2ad4cd5fc014fb2292df31fa0c6aa32294a7a6b25cdbde88a44e99,7.0,485579.0,data/ajhg2020/GSE116992/GPL13534/metadata/metadata.arrow,370d204121de92891c6c4c644210b07df9b2517453e8d811b3fe2788d196e712,GSM3267086,MS0683_Coffin-Siris Syndrome 3,GSM3267086,Public on Nov 07 2018,Jul 12 2018,Nov 07 2018,genomic,1,MS0683,Homo sapiens,disease state: Coffin-Siris syndrome,tissue: Whole Blood,N/A,N/A,genomic DNA,Standard DNA extraction from blood,Cy5 and Cy3,According to the manufacturer's protocol,9606,According to the manufacturer's protocol,iScan,SAMPLE 7,"Illumina Normalization method with background correction, using minfi package in R 3.4.2",GPL13534,"Bekim,,Sadikovic",bekim.sadikovic@lhsc.on.ca,Pathology and Laboratory Medicine,University of Western Ontario,800 Commissioners Rd E,London,Ontario,N6A 5W9,Canada,ftp://ftp.ncbi.nlm.nih.gov/geo/samples/GSM3267nnn/GSM3267086/suppl/GSM3267086_101032560039_R06C02_Grn.idat.gz,ftp://ftp.ncbi.nlm.nih.gov/geo/samples/GSM3267nnn/GSM3267086/suppl/GSM3267086_101032560039_R06C02_Red.idat.gz,485512,Coffin-Siris syndrome,Whole Blood,cpgcorpus,,,,,,BAFopathy,"ARID1A,ARID1B,SMARCB1,SMARCA4,SMARCA2",614607; 135900; 614609; 614608; 601358,50.0,19.0,yes,CSS3,SMARCB1,,,,,,BAFopathy,"ARID1A,ARID1B,SMARCB1,SMARCA4,SMARCA2",614607; 135900; 614609; 614608; 601358,50.0,19.0,yes,CSS3,SMARCB1,,,,,,BAFopathy,"ARID1A,ARID1B,SMARCB1,SMARCA4,SMARCA2",614607; 135900; 614609; 614608; 601358,50.0,19.0,yes,CSS3,SMARCB1
GSE116992_GPL13534_sample_72,GSE116992,GPL13534,BAFopathy,BAFopathy,"ARID1A,ARID1B,SMARCB1,SMARCA4,SMARCA2",case,ms1160_nicolaides-baraitser syndrome ms1160 disease state: nicolaides-baraitser syndrome sample 1,"CpGCorpus,existing",True,True,False,cpgcorpus,2026-02-18T12:08:16.114837,data/ajhg2020/GSE116992/GPL13534/betas/QCDPB.arrow,fe0f76ef5a2ad4cd5fc014fb2292df31fa0c6aa32294a7a6b25cdbde88a44e99,7.0,485579.0,data/ajhg2020/GSE116992/GPL13534/metadata/metadata.arrow,370d204121de92891c6c4c644210b07df9b2517453e8d811b3fe2788d196e712,,,,,,,,,,,,,,,,,,,,,,,,,,,,,,,,,,,,,,,existing,GSE116992,GPL21145,BAFopathy,BAFopathy,"ARID1A,ARID1B,SMARCB1,SMARCA4,SMARCA2",case,none none none none,"CpGCorpus,existing",True,True,False,cpgcorpus,2026-02-18T12:08:40.543840,data/ajhg2020/GSE116992/GPL21145/betas/QCDPB.arrow,ae8c0245f746bf774b0636a41b24d00e8db8bf680733ea49d277223958098d2b,22.0,865920.0,data/ajhg2020/GSE116992/GPL21145/metadata/metadata.arrow,44643b37822dd38dd82a4e2ff431aba9941f46f8558b3918a3dd505293ce1c74,,,,,,,,,,,,,,,,,,,,,,,,,,,,,,,,,,,,,,,existing,GSE116992,GPL21145,BAFopathy,BAFopathy,"ARID1A,ARID1B,SMARCB1,SMARCA4,SMARCA2",case,ms1160_nicolaides-baraitser syndrome ms1160 disease state: nicolaides-baraitser syndrome sample 1,CpGCorpus,True,True,False,cpgcorpus,2026-02-18T12:08:40.543840,data/ajhg2020/GSE116992/GPL21145/betas/QCDPB.arrow,ae8c0245f746bf774b0636a41b24d00e8db8bf680733ea49d277223958098d2b,22.0,865920.0,data/ajhg2020/GSE116992/GPL21145/metadata/metadata.arrow,44643b37822dd38dd82a4e2ff431aba9941f46f8558b3918a3dd505293ce1c74,GSM3267111,MS1160_Nicolaides-Baraitser syndrome,GSM3267111,Public on Nov 07 2018,Jul 12 2018,Nov 07 2018,genomic,1,MS1160,Homo sapiens,disease state: Nicolaides-Baraitser syndrome,tissue: Whole Blood,N/A,N/A,genomic DNA,Standard DNA extraction from blood,Cy5 and Cy3,According to the manufacturer's protocol,9606,According to the manufacturer's protocol,iScan,SAMPLE 1,"Illumina Normalization method with background correction, using minfi package in R 3.4.2",GPL21145,"Bekim,,Sadikovic",bekim.sadikovic@lhsc.on.ca,Pathology and Laboratory Medicine,University of Western Ontario,800 Commissioners Rd E,London,Ontario,N6A 5W9,Canada,ftp://ftp.ncbi.nlm.nih.gov/geo/samples/GSM3267nnn/GSM3267111/suppl/GSM3267111_200969820172_R05C01_Grn.idat.gz,ftp://ftp.ncbi.nlm.nih.gov/geo/samples/GSM3267nnn/GSM3267111/suppl/GSM3267111_200969820172_R05C01_Red.idat.gz,866091,Nicolaides-Baraitser syndrome,Whole Blood,cpgcorpus,,,,,,BAFopathy,"ARID1A,ARID1B,SMARCB1,SMARCA4,SMARCA2",614607; 135900; 614609; 614608; 601358,50.0,19.0,yes,NCBRS,SMARCA2,,,,,,BAFopathy,"ARID1A,ARID1B,SMARCB1,SMARCA4,SMARCA2",614607; 135900; 614609; 614608; 601358,50.0,19.0,yes,NCBRS,SMARCA2,,,,,,BAFopathy,"ARID1A,ARID1B,SMARCB1,SMARCA4,SMARCA2",614607; 135900; 614609; 614608; 601358,50.0,19.0,yes,NCBRS,SMARCA2
GSE116992_GPL13534_sample_73,GSE116992,GPL13534,BAFopathy,BAFopathy,"ARID1A,ARID1B,SMARCB1,SMARCA4,SMARCA2",case,ms1162_coffin-siris syndrome 3 ms1162 disease state: coffin-siris syndrome sample 2,"CpGCorpus,existing",True,True,False,cpgcorpus,2026-02-18T12:08:16.114837,data/ajhg2020/GSE116992/GPL13534/betas/QCDPB.arrow,fe0f76ef5a2ad4cd5fc014fb2292df31fa0c6aa32294a7a6b25cdbde88a44e99,7.0,485579.0,data/ajhg2020/GSE116992/GPL13534/metadata/metadata.arrow,370d204121de92891c6c4c644210b07df9b2517453e8d811b3fe2788d196e712,,,,,,,,,,,,,,,,,,,,,,,,,,,,,,,,,,,,,,,existing,GSE116992,GPL21145,BAFopathy,BAFopathy,"ARID1A,ARID1B,SMARCB1,SMARCA4,SMARCA2",case,none none none none,"CpGCorpus,existing",True,True,False,cpgcorpus,2026-02-18T12:08:40.543840,data/ajhg2020/GSE116992/GPL21145/betas/QCDPB.arrow,ae8c0245f746bf774b0636a41b24d00e8db8bf680733ea49d277223958098d2b,22.0,865920.0,data/ajhg2020/GSE116992/GPL21145/metadata/metadata.arrow,44643b37822dd38dd82a4e2ff431aba9941f46f8558b3918a3dd505293ce1c74,,,,,,,,,,,,,,,,,,,,,,,,,,,,,,,,,,,,,,,existing,GSE116992,GPL21145,BAFopathy,BAFopathy,"ARID1A,ARID1B,SMARCB1,SMARCA4,SMARCA2",case,ms1162_coffin-siris syndrome 3 ms1162 disease state: coffin-siris syndrome sample 2,CpGCorpus,True,True,False,cpgcorpus,2026-02-18T12:08:40.543840,data/ajhg2020/GSE116992/GPL21145/betas/QCDPB.arrow,ae8c0245f746bf774b0636a41b24d00e8db8bf680733ea49d277223958098d2b,22.0,865920.0,data/ajhg2020/GSE116992/GPL21145/metadata/metadata.arrow,44643b37822dd38dd82a4e2ff431aba9941f46f8558b3918a3dd505293ce1c74,GSM3267112,MS1162_Coffin-Siris Syndrome 3,GSM3267112,Public on Nov 07 2018,Jul 12 2018,Nov 07 2018,genomic,1,MS1162,Homo sapiens,disease state: Coffin-Siris syndrome,tissue: Whole Blood,N/A,N/A,genomic DNA,Standard DNA extraction from blood,Cy5 and Cy3,According to the manufacturer's protocol,9606,According to the manufacturer's protocol,iScan,SAMPLE 2,"Illumina Normalization method with background correction, using minfi package in R 3.4.2",GPL21145,"Bekim,,Sadikovic",bekim.sadikovic@lhsc.on.ca,Pathology and Laboratory Medicine,University of Western Ontario,800 Commissioners Rd E,London,Ontario,N6A 5W9,Canada,ftp://ftp.ncbi.nlm.nih.gov/geo/samples/GSM3267nnn/GSM3267112/suppl/GSM3267112_200969820172_R07C01_Grn.idat.gz,ftp://ftp.ncbi.nlm.nih.gov/geo/samples/GSM3267nnn/GSM3267112/suppl/GSM3267112_200969820172_R07C01_Red.idat.gz,866091,Coffin-Siris syndrome,Whole Blood,cpgcorpus,,,,,,BAFopathy,"ARID1A,ARID1B,SMARCB1,SMARCA4,SMARCA2",614607; 135900; 614609; 614608; 601358,50.0,19.0,yes,CSS1,ARID1B,,,,,,BAFopathy,"ARID1A,ARID1B,SMARCB1,SMARCA4,SMARCA2",614607; 135900; 614609; 614608; 601358,50.0,19.0,yes,CSS3,SMARCB1,,,,,,BAFopathy,"ARID1A,ARID1B,SMARCB1,SMARCA4,SMARCA2",614607; 135900; 614609; 614608; 601358,50.0,19.0,yes,CSS1,ARID1B
GSE116992_GPL13534_sample_74,GSE116992,GPL13534,BAFopathy,BAFopathy,"ARID1A,ARID1B,SMARCB1,SMARCA4,SMARCA2",case,ms1163_coffin-siris syndrome 3 ms1163 disease state: coffin-siris syndrome sample 3,"CpGCorpus,existing",True,True,False,cpgcorpus,2026-02-18T12:08:16.114837,data/ajhg2020/GSE116992/GPL13534/betas/QCDPB.arrow,fe0f76ef5a2ad4cd5fc014fb2292df31fa0c6aa32294a7a6b25cdbde88a44e99,7.0,485579.0,data/ajhg2020/GSE116992/GPL13534/metadata/metadata.arrow,370d204121de92891c6c4c644210b07df9b2517453e8d811b3fe2788d196e712,,,,,,,,,,,,,,,,,,,,,,,,,,,,,,,,,,,,,,,existing,GSE116992,GPL21145,BAFopathy,BAFopathy,"ARID1A,ARID1B,SMARCB1,SMARCA4,SMARCA2",case,none none none none,"CpGCorpus,existing",True,True,False,cpgcorpus,2026-02-18T12:08:40.543840,data/ajhg2020/GSE116992/GPL21145/betas/QCDPB.arrow,ae8c0245f746bf774b0636a41b24d00e8db8bf680733ea49d277223958098d2b,22.0,865920.0,data/ajhg2020/GSE116992/GPL21145/metadata/metadata.arrow,44643b37822dd38dd82a4e2ff431aba9941f46f8558b3918a3dd505293ce1c74,,,,,,,,,,,,,,,,,,,,,,,,,,,,,,,,,,,,,,,existing,GSE116992,GPL21145,BAFopathy,BAFopathy,"ARID1A,ARID1B,SMARCB1,SMARCA4,SMARCA2",case,ms1163_coffin-siris syndrome 3 ms1163 disease state: coffin-siris syndrome sample 3,CpGCorpus,True,True,False,cpgcorpus,2026-02-18T12:08:40.543840,data/ajhg2020/GSE116992/GPL21145/betas/QCDPB.arrow,ae8c0245f746bf774b0636a41b24d00e8db8bf680733ea49d277223958098d2b,22.0,865920.0,data/ajhg2020/GSE116992/GPL21145/metadata/metadata.arrow,44643b37822dd38dd82a4e2ff431aba9941f46f8558b3918a3dd505293ce1c74,GSM3267113,MS1163_Coffin-Siris Syndrome 3,GSM3267113,Public on Nov 07 2018,Jul 12 2018,Nov 07 2018,genomic,1,MS1163,Homo sapiens,disease state: Coffin-Siris syndrome,tissue: Whole Blood,N/A,N/A,genomic DNA,Standard DNA extraction from blood,Cy5 and Cy3,According to the manufacturer's protocol,9606,According to the manufacturer's protocol,iScan,SAMPLE 3,"Illumina Normalization method with background correction, using minfi package in R 3.4.2",GPL21145,"Bekim,,Sadikovic",bekim.sadikovic@lhsc.on.ca,Pathology and Laboratory Medicine,University of Western Ontario,800 Commissioners Rd E,London,Ontario,N6A 5W9,Canada,ftp://ftp.ncbi.nlm.nih.gov/geo/samples/GSM3267nnn/GSM3267113/suppl/GSM3267113_200969820172_R08C01_Grn.idat.gz,ftp://ftp.ncbi.nlm.nih.gov/geo/samples/GSM3267nnn/GSM3267113/suppl/GSM3267113_200969820172_R08C01_Red.idat.gz,866091,Coffin-Siris syndrome,Whole Blood,cpgcorpus,,,,,,BAFopathy,"ARID1A,ARID1B,SMARCB1,SMARCA4,SMARCA2",614607; 135900; 614609; 614608; 601358,50.0,19.0,yes,CSS1,ARID1B,,,,,,BAFopathy,"ARID1A,ARID1B,SMARCB1,SMARCA4,SMARCA2",614607; 135900; 614609; 614608; 601358,50.0,19.0,yes,CSS3,SMARCB1,,,,,,BAFopathy,"ARID1A,ARID1B,SMARCB1,SMARCA4,SMARCA2",614607; 135900; 614609; 614608; 601358,50.0,19.0,yes,CSS1,ARID1B
GSE116992_GPL13534_sample_75,GSE116992,GPL13534,BAFopathy,BAFopathy,"ARID1A,ARID1B,SMARCB1,SMARCA4,SMARCA2",case,ms1168_coffin-siris syndrome 4 ms1168 disease state: coffin-siris syndrome sample 4,"CpGCorpus,existing",True,True,False,cpgcorpus,2026-02-18T12:08:16.114837,data/ajhg2020/GSE116992/GPL13534/betas/QCDPB.arrow,fe0f76ef5a2ad4cd5fc014fb2292df31fa0c6aa32294a7a6b25cdbde88a44e99,7.0,485579.0,data/ajhg2020/GSE116992/GPL13534/metadata/metadata.arrow,370d204121de92891c6c4c644210b07df9b2517453e8d811b3fe2788d196e712,,,,,,,,,,,,,,,,,,,,,,,,,,,,,,,,,,,,,,,existing,GSE116992,GPL21145,BAFopathy,BAFopathy,"ARID1A,ARID1B,SMARCB1,SMARCA4,SMARCA2",case,none none none none,"CpGCorpus,existing",True,True,False,cpgcorpus,2026-02-18T12:08:40.543840,data/ajhg2020/GSE116992/GPL21145/betas/QCDPB.arrow,ae8c0245f746bf774b0636a41b24d00e8db8bf680733ea49d277223958098d2b,22.0,865920.0,data/ajhg2020/GSE116992/GPL21145/metadata/metadata.arrow,44643b37822dd38dd82a4e2ff431aba9941f46f8558b3918a3dd505293ce1c74,,,,,,,,,,,,,,,,,,,,,,,,,,,,,,,,,,,,,,,existing,GSE116992,GPL21145,BAFopathy,BAFopathy,"ARID1A,ARID1B,SMARCB1,SMARCA4,SMARCA2",case,ms1168_coffin-siris syndrome 4 ms1168 disease state: coffin-siris syndrome sample 4,CpGCorpus,True,True,False,cpgcorpus,2026-02-18T12:08:40.543840,data/ajhg2020/GSE116992/GPL21145/betas/QCDPB.arrow,ae8c0245f746bf774b0636a41b24d00e8db8bf680733ea49d277223958098d2b,22.0,865920.0,data/ajhg2020/GSE116992/GPL21145/metadata/metadata.arrow,44643b37822dd38dd82a4e2ff431aba9941f46f8558b3918a3dd505293ce1c74,GSM3267114,MS1168_Coffin-Siris Syndrome 4,GSM3267114,Public on Nov 07 2018,Jul 12 2018,Nov 07 2018,genomic,1,MS1168,Homo sapiens,disease state: Coffin-Siris syndrome,tissue: Whole Blood,N/A,N/A,genomic DNA,Standard DNA extraction from blood,Cy5 and Cy3,According to the manufacturer's protocol,9606,According to the manufacturer's protocol,iScan,SAMPLE 4,"Illumina Normalization method with background correction, using minfi package in R 3.4.2",GPL21145,"Bekim,,Sadikovic",bekim.sadikovic@lhsc.on.ca,Pathology and Laboratory Medicine,University of Western Ontario,800 Commissioners Rd E,London,Ontario,N6A 5W9,Canada,ftp://ftp.ncbi.nlm.nih.gov/geo/samples/GSM3267nnn/GSM3267114/suppl/GSM3267114_202081120218_R05C01_Grn.idat.gz,ftp://ftp.ncbi.nlm.nih.gov/geo/samples/GSM3267nnn/GSM3267114/suppl/GSM3267114_202081120218_R05C01_Red.idat.gz,866091,Coffin-Siris syndrome,Whole Blood,cpgcorpus,,,,,,BAFopathy,"ARID1A,ARID1B,SMARCB1,SMARCA4,SMARCA2",614607; 135900; 614609; 614608; 601358,50.0,19.0,yes,CSS1,ARID1B,,,,,,BAFopathy,"ARID1A,ARID1B,SMARCB1,SMARCA4,SMARCA2",614607; 135900; 614609; 614608; 601358,50.0,19.0,yes,CSS4,SMARCA4,,,,,,BAFopathy,"ARID1A,ARID1B,SMARCB1,SMARCA4,SMARCA2",614607; 135900; 614609; 614608; 601358,50.0,19.0,yes,CSS1,ARID1B
GSE116992_GPL13534_sample_76,GSE116992,GPL13534,BAFopathy,BAFopathy,"ARID1A,ARID1B,SMARCB1,SMARCA4,SMARCA2",case,ms1169_coffin-siris syndrome 1 ms1169 disease state: coffin-siris syndrome sample 5,"CpGCorpus,existing",True,True,False,cpgcorpus,2026-02-18T12:08:16.114837,data/ajhg2020/GSE116992/GPL13534/betas/QCDPB.arrow,fe0f76ef5a2ad4cd5fc014fb2292df31fa0c6aa32294a7a6b25cdbde88a44e99,7.0,485579.0,data/ajhg2020/GSE116992/GPL13534/metadata/metadata.arrow,370d204121de92891c6c4c644210b07df9b2517453e8d811b3fe2788d196e712,,,,,,,,,,,,,,,,,,,,,,,,,,,,,,,,,,,,,,,existing,GSE116992,GPL21145,BAFopathy,BAFopathy,"ARID1A,ARID1B,SMARCB1,SMARCA4,SMARCA2",case,none none none none,"CpGCorpus,existing",True,True,False,cpgcorpus,2026-02-18T12:08:40.543840,data/ajhg2020/GSE116992/GPL21145/betas/QCDPB.arrow,ae8c0245f746bf774b0636a41b24d00e8db8bf680733ea49d277223958098d2b,22.0,865920.0,data/ajhg2020/GSE116992/GPL21145/metadata/metadata.arrow,44643b37822dd38dd82a4e2ff431aba9941f46f8558b3918a3dd505293ce1c74,,,,,,,,,,,,,,,,,,,,,,,,,,,,,,,,,,,,,,,existing,GSE116992,GPL21145,BAFopathy,BAFopathy,"ARID1A,ARID1B,SMARCB1,SMARCA4,SMARCA2",case,ms1169_coffin-siris syndrome 1 ms1169 disease state: coffin-siris syndrome sample 5,CpGCorpus,True,True,False,cpgcorpus,2026-02-18T12:08:40.543840,data/ajhg2020/GSE116992/GPL21145/betas/QCDPB.arrow,ae8c0245f746bf774b0636a41b24d00e8db8bf680733ea49d277223958098d2b,22.0,865920.0,data/ajhg2020/GSE116992/GPL21145/metadata/metadata.arrow,44643b37822dd38dd82a4e2ff431aba9941f46f8558b3918a3dd505293ce1c74,GSM3267115,MS1169_Coffin-Siris Syndrome 1,GSM3267115,Public on Nov 07 2018,Jul 12 2018,Nov 07 2018,genomic,1,MS1169,Homo sapiens,disease state: Coffin-Siris syndrome,tissue: Whole Blood,N/A,N/A,genomic DNA,Standard DNA extraction from blood,Cy5 and Cy3,According to the manufacturer's protocol,9606,According to the manufacturer's protocol,iScan,SAMPLE 5,"Illumina Normalization method with background correction, using minfi package in R 3.4.2",GPL21145,"Bekim,,Sadikovic",bekim.sadikovic@lhsc.on.ca,Pathology and Laboratory Medicine,University of Western Ontario,800 Commissioners Rd E,London,Ontario,N6A 5W9,Canada,ftp://ftp.ncbi.nlm.nih.gov/geo/samples/GSM3267nnn/GSM3267115/suppl/GSM3267115_202081120218_R06C01_Grn.idat.gz,ftp://ftp.ncbi.nlm.nih.gov/geo/samples/GSM3267nnn/GSM3267115/suppl/GSM3267115_202081120218_R06C01_Red.idat.gz,866091,Coffin-Siris syndrome,Whole Blood,cpgcorpus,,,,,,BAFopathy,"ARID1A,ARID1B,SMARCB1,SMARCA4,SMARCA2",614607; 135900; 614609; 614608; 601358,50.0,19.0,yes,CSS1,ARID1B,,,,,,BAFopathy,"ARID1A,ARID1B,SMARCB1,SMARCA4,SMARCA2",614607; 135900; 614609; 614608; 601358,50.0,19.0,yes,CSS1,ARID1B,,,,,,BAFopathy,"ARID1A,ARID1B,SMARCB1,SMARCA4,SMARCA2",614607; 135900; 614609; 614608; 601358,50.0,19.0,yes,CSS1,ARID1B
GSE116992_GPL13534_sample_77,GSE116992,GPL13534,BAFopathy,BAFopathy,"ARID1A,ARID1B,SMARCB1,SMARCA4,SMARCA2",case,ms1170_coffin-siris syndrome 1 ms1170 disease state: coffin-siris syndrome sample 6,"CpGCorpus,existing",True,True,False,cpgcorpus,2026-02-18T12:08:16.114837,data/ajhg2020/GSE116992/GPL13534/betas/QCDPB.arrow,fe0f76ef5a2ad4cd5fc014fb2292df31fa0c6aa32294a7a6b25cdbde88a44e99,7.0,485579.0,data/ajhg2020/GSE116992/GPL13534/metadata/metadata.arrow,370d204121de92891c6c4c644210b07df9b2517453e8d811b3fe2788d196e712,,,,,,,,,,,,,,,,,,,,,,,,,,,,,,,,,,,,,,,existing,GSE116992,GPL21145,BAFopathy,BAFopathy,"ARID1A,ARID1B,SMARCB1,SMARCA4,SMARCA2",case,none none none none,"CpGCorpus,existing",True,True,False,cpgcorpus,2026-02-18T12:08:40.543840,data/ajhg2020/GSE116992/GPL21145/betas/QCDPB.arrow,ae8c0245f746bf774b0636a41b24d00e8db8bf680733ea49d277223958098d2b,22.0,865920.0,data/ajhg2020/GSE116992/GPL21145/metadata/metadata.arrow,44643b37822dd38dd82a4e2ff431aba9941f46f8558b3918a3dd505293ce1c74,,,,,,,,,,,,,,,,,,,,,,,,,,,,,,,,,,,,,,,existing,GSE116992,GPL21145,BAFopathy,BAFopathy,"ARID1A,ARID1B,SMARCB1,SMARCA4,SMARCA2",case,ms1170_coffin-siris syndrome 1 ms1170 disease state: coffin-siris syndrome sample 6,CpGCorpus,True,True,False,cpgcorpus,2026-02-18T12:08:40.543840,data/ajhg2020/GSE116992/GPL21145/betas/QCDPB.arrow,ae8c0245f746bf774b0636a41b24d00e8db8bf680733ea49d277223958098d2b,22.0,865920.0,data/ajhg2020/GSE116992/GPL21145/metadata/metadata.arrow,44643b37822dd38dd82a4e2ff431aba9941f46f8558b3918a3dd505293ce1c74,GSM3267116,MS1170_Coffin-Siris Syndrome 1,GSM3267116,Public on Nov 07 2018,Jul 12 2018,Nov 07 2018,genomic,1,MS1170,Homo sapiens,disease state: Coffin-Siris syndrome,tissue: Whole Blood,N/A,N/A,genomic DNA,Standard DNA extraction from blood,Cy5 and Cy3,According to the manufacturer's protocol,9606,According to the manufacturer's protocol,iScan,SAMPLE 6,"Illumina Normalization method with background correction, using minfi package in R 3.4.2",GPL21145,"Bekim,,Sadikovic",bekim.sadikovic@lhsc.on.ca,Pathology and Laboratory Medicine,University of Western Ontario,800 Commissioners Rd E,London,Ontario,N6A 5W9,Canada,ftp://ftp.ncbi.nlm.nih.gov/geo/samples/GSM3267nnn/GSM3267116/suppl/GSM3267116_202081120218_R07C01_Grn.idat.gz,ftp://ftp.ncbi.nlm.nih.gov/geo/samples/GSM3267nnn/GSM3267116/suppl/GSM3267116_202081120218_R07C01_Red.idat.gz,866091,Coffin-Siris syndrome,Whole Blood,cpgcorpus,,,,,,BAFopathy,"ARID1A,ARID1B,SMARCB1,SMARCA4,SMARCA2",614607; 135900; 614609; 614608; 601358,50.0,19.0,yes,CSS1,ARID1B,,,,,,BAFopathy,"ARID1A,ARID1B,SMARCB1,SMARCA4,SMARCA2",614607; 135900; 614609; 614608; 601358,50.0,19.0,yes,CSS1,ARID1B,,,,,,BAFopathy,"ARID1A,ARID1B,SMARCB1,SMARCA4,SMARCA2",614607; 135900; 614609; 614608; 601358,50.0,19.0,yes,CSS1,ARID1B
GSE116992_GPL13534_sample_78,GSE116992,GPL13534,BAFopathy,BAFopathy,"ARID1A,ARID1B,SMARCB1,SMARCA4,SMARCA2",case,ms1176_coffin-siris syndrome 1 ms1176 disease state: coffin-siris syndrome sample 7,"CpGCorpus,existing",True,True,False,cpgcorpus,2026-02-18T12:08:16.114837,data/ajhg2020/GSE116992/GPL13534/betas/QCDPB.arrow,fe0f76ef5a2ad4cd5fc014fb2292df31fa0c6aa32294a7a6b25cdbde88a44e99,7.0,485579.0,data/ajhg2020/GSE116992/GPL13534/metadata/metadata.arrow,370d204121de92891c6c4c644210b07df9b2517453e8d811b3fe2788d196e712,,,,,,,,,,,,,,,,,,,,,,,,,,,,,,,,,,,,,,,existing,GSE116992,GPL21145,BAFopathy,BAFopathy,"ARID1A,ARID1B,SMARCB1,SMARCA4,SMARCA2",case,none none none none,"CpGCorpus,existing",True,True,False,cpgcorpus,2026-02-18T12:08:40.543840,data/ajhg2020/GSE116992/GPL21145/betas/QCDPB.arrow,ae8c0245f746bf774b0636a41b24d00e8db8bf680733ea49d277223958098d2b,22.0,865920.0,data/ajhg2020/GSE116992/GPL21145/metadata/metadata.arrow,44643b37822dd38dd82a4e2ff431aba9941f46f8558b3918a3dd505293ce1c74,,,,,,,,,,,,,,,,,,,,,,,,,,,,,,,,,,,,,,,existing,GSE116992,GPL21145,BAFopathy,BAFopathy,"ARID1A,ARID1B,SMARCB1,SMARCA4,SMARCA2",case,ms1176_coffin-siris syndrome 1 ms1176 disease state: coffin-siris syndrome sample 7,CpGCorpus,True,True,False,cpgcorpus,2026-02-18T12:08:40.543840,data/ajhg2020/GSE116992/GPL21145/betas/QCDPB.arrow,ae8c0245f746bf774b0636a41b24d00e8db8bf680733ea49d277223958098d2b,22.0,865920.0,data/ajhg2020/GSE116992/GPL21145/metadata/metadata.arrow,44643b37822dd38dd82a4e2ff431aba9941f46f8558b3918a3dd505293ce1c74,GSM3267117,MS1176_Coffin-Siris Syndrome 1,GSM3267117,Public on Nov 07 2018,Jul 12 2018,Nov 07 2018,genomic,1,MS1176,Homo sapiens,disease state: Coffin-Siris syndrome,tissue: Whole Blood,N/A,N/A,genomic DNA,Standard DNA extraction from blood,Cy5 and Cy3,According to the manufacturer's protocol,9606,According to the manufacturer's protocol,iScan,SAMPLE 7,"Illumina Normalization method with background correction, using minfi package in R 3.4.2",GPL21145,"Bekim,,Sadikovic",bekim.sadikovic@lhsc.on.ca,Pathology and Laboratory Medicine,University of Western Ontario,800 Commissioners Rd E,London,Ontario,N6A 5W9,Canada,ftp://ftp.ncbi.nlm.nih.gov/geo/samples/GSM3267nnn/GSM3267117/suppl/GSM3267117_202081130042_R05C01_Grn.idat.gz,ftp://ftp.ncbi.nlm.nih.gov/geo/samples/GSM3267nnn/GSM3267117/suppl/GSM3267117_202081130042_R05C01_Red.idat.gz,866091,Coffin-Siris syndrome,Whole Blood,cpgcorpus,,,,,,BAFopathy,"ARID1A,ARID1B,SMARCB1,SMARCA4,SMARCA2",614607; 135900; 614609; 614608; 601358,50.0,19.0,yes,CSS1,ARID1B,,,,,,BAFopathy,"ARID1A,ARID1B,SMARCB1,SMARCA4,SMARCA2",614607; 135900; 614609; 614608; 601358,50.0,19.0,yes,CSS1,ARID1B,,,,,,BAFopathy,"ARID1A,ARID1B,SMARCB1,SMARCA4,SMARCA2",614607; 135900; 614609; 614608; 601358,50.0,19.0,yes,CSS1,ARID1B
GSE116992_GPL13534_sample_79,GSE116992,GPL13534,BAFopathy,BAFopathy,"ARID1A,ARID1B,SMARCB1,SMARCA4,SMARCA2",case,ms1177_coffin-siris syndrome 1 ms1177 disease state: coffin-siris syndrome sample 8,"CpGCorpus,existing",True,True,False,cpgcorpus,2026-02-18T12:08:16.114837,data/ajhg2020/GSE116992/GPL13534/betas/QCDPB.arrow,fe0f76ef5a2ad4cd5fc014fb2292df31fa0c6aa32294a7a6b25cdbde88a44e99,7.0,485579.0,data/ajhg2020/GSE116992/GPL13534/metadata/metadata.arrow,370d204121de92891c6c4c644210b07df9b2517453e8d811b3fe2788d196e712,,,,,,,,,,,,,,,,,,,,,,,,,,,,,,,,,,,,,,,existing,GSE116992,GPL21145,BAFopathy,BAFopathy,"ARID1A,ARID1B,SMARCB1,SMARCA4,SMARCA2",case,none none none none,"CpGCorpus,existing",True,True,False,cpgcorpus,2026-02-18T12:08:40.543840,data/ajhg2020/GSE116992/GPL21145/betas/QCDPB.arrow,ae8c0245f746bf774b0636a41b24d00e8db8bf680733ea49d277223958098d2b,22.0,865920.0,data/ajhg2020/GSE116992/GPL21145/metadata/metadata.arrow,44643b37822dd38dd82a4e2ff431aba9941f46f8558b3918a3dd505293ce1c74,,,,,,,,,,,,,,,,,,,,,,,,,,,,,,,,,,,,,,,existing,GSE116992,GPL21145,BAFopathy,BAFopathy,"ARID1A,ARID1B,SMARCB1,SMARCA4,SMARCA2",case,ms1177_coffin-siris syndrome 1 ms1177 disease state: coffin-siris syndrome sample 8,CpGCorpus,True,True,False,cpgcorpus,2026-02-18T12:08:40.543840,data/ajhg2020/GSE116992/GPL21145/betas/QCDPB.arrow,ae8c0245f746bf774b0636a41b24d00e8db8bf680733ea49d277223958098d2b,22.0,865920.0,data/ajhg2020/GSE116992/GPL21145/metadata/metadata.arrow,44643b37822dd38dd82a4e2ff431aba9941f46f8558b3918a3dd505293ce1c74,GSM3267118,MS1177_Coffin-Siris Syndrome 1,GSM3267118,Public on Nov 07 2018,Jul 12 2018,Nov 07 2018,genomic,1,MS1177,Homo sapiens,disease state: Coffin-Siris syndrome,tissue: Whole Blood,N/A,N/A,genomic DNA,Standard DNA extraction from blood,Cy5 and Cy3,According to the manufacturer's protocol,9606,According to the manufacturer's protocol,iScan,SAMPLE 8,"Illumina Normalization method with background correction, using minfi package in R 3.4.2",GPL21145,"Bekim,,Sadikovic",bekim.sadikovic@lhsc.on.ca,Pathology and Laboratory Medicine,University of Western Ontario,800 Commissioners Rd E,London,Ontario,N6A 5W9,Canada,ftp://ftp.ncbi.nlm.nih.gov/geo/samples/GSM3267nnn/GSM3267118/suppl/GSM3267118_202081130042_R06C01_Grn.idat.gz,ftp://ftp.ncbi.nlm.nih.gov/geo/samples/GSM3267nnn/GSM3267118/suppl/GSM3267118_202081130042_R06C01_Red.idat.gz,866091,Coffin-Siris syndrome,Whole Blood,cpgcorpus,,,,,,BAFopathy,"ARID1A,ARID1B,SMARCB1,SMARCA4,SMARCA2",614607; 135900; 614609; 614608; 601358,50.0,19.0,yes,CSS1,ARID1B,,,,,,BAFopathy,"ARID1A,ARID1B,SMARCB1,SMARCA4,SMARCA2",614607; 135900; 614609; 614608; 601358,50.0,19.0,yes,CSS1,ARID1B,,,,,,BAFopathy,"ARID1A,ARID1B,SMARCB1,SMARCA4,SMARCA2",614607; 135900; 614609; 614608; 601358,50.0,19.0,yes,CSS1,ARID1B
GSE116992_GPL13534_sample_80,GSE116992,GPL13534,BAFopathy,BAFopathy,"ARID1A,ARID1B,SMARCB1,SMARCA4,SMARCA2",case,ms1221_nicolaides-baraitser syndrome ms1221 disease state: nicolaides-baraitser syndrome sample 9,"CpGCorpus,existing",True,True,False,cpgcorpus,2026-02-18T12:08:16.114837,data/ajhg2020/GSE116992/GPL13534/betas/QCDPB.arrow,fe0f76ef5a2ad4cd5fc014fb2292df31fa0c6aa32294a7a6b25cdbde88a44e99,7.0,485579.0,data/ajhg2020/GSE116992/GPL13534/metadata/metadata.arrow,370d204121de92891c6c4c644210b07df9b2517453e8d811b3fe2788d196e712,,,,,,,,,,,,,,,,,,,,,,,,,,,,,,,,,,,,,,,existing,GSE116992,GPL21145,BAFopathy,BAFopathy,"ARID1A,ARID1B,SMARCB1,SMARCA4,SMARCA2",case,none none none none,"CpGCorpus,existing",True,True,False,cpgcorpus,2026-02-18T12:08:40.543840,data/ajhg2020/GSE116992/GPL21145/betas/QCDPB.arrow,ae8c0245f746bf774b0636a41b24d00e8db8bf680733ea49d277223958098d2b,22.0,865920.0,data/ajhg2020/GSE116992/GPL21145/metadata/metadata.arrow,44643b37822dd38dd82a4e2ff431aba9941f46f8558b3918a3dd505293ce1c74,,,,,,,,,,,,,,,,,,,,,,,,,,,,,,,,,,,,,,,existing,GSE116992,GPL21145,BAFopathy,BAFopathy,"ARID1A,ARID1B,SMARCB1,SMARCA4,SMARCA2",case,ms1221_nicolaides-baraitser syndrome ms1221 disease state: nicolaides-baraitser syndrome sample 9,CpGCorpus,True,True,False,cpgcorpus,2026-02-18T12:08:40.543840,data/ajhg2020/GSE116992/GPL21145/betas/QCDPB.arrow,ae8c0245f746bf774b0636a41b24d00e8db8bf680733ea49d277223958098d2b,22.0,865920.0,data/ajhg2020/GSE116992/GPL21145/metadata/metadata.arrow,44643b37822dd38dd82a4e2ff431aba9941f46f8558b3918a3dd505293ce1c74,GSM3267119,MS1221_Nicolaides-Baraitser syndrome,GSM3267119,Public on Nov 07 2018,Jul 12 2018,Nov 07 2018,genomic,1,MS1221,Homo sapiens,disease state: Nicolaides-Baraitser syndrome,tissue: Whole Blood,N/A,N/A,genomic DNA,Standard DNA extraction from blood,Cy5 and Cy3,According to the manufacturer's protocol,9606,According to the manufacturer's protocol,iScan,SAMPLE 9,"Illumina Normalization method with background correction, using minfi package in R 3.4.2",GPL21145,"Bekim,,Sadikovic",bekim.sadikovic@lhsc.on.ca,Pathology and Laboratory Medicine,University of Western Ontario,800 Commissioners Rd E,London,Ontario,N6A 5W9,Canada,ftp://ftp.ncbi.nlm.nih.gov/geo/samples/GSM3267nnn/GSM3267119/suppl/GSM3267119_202226320152_R02C01_Grn.idat.gz,ftp://ftp.ncbi.nlm.nih.gov/geo/samples/GSM3267nnn/GSM3267119/suppl/GSM3267119_202226320152_R02C01_Red.idat.gz,866091,Nicolaides-Baraitser syndrome,Whole Blood,cpgcorpus,,,,,,BAFopathy,"ARID1A,ARID1B,SMARCB1,SMARCA4,SMARCA2",614607; 135900; 614609; 614608; 601358,50.0,19.0,yes,NCBRS,SMARCA2,,,,,,BAFopathy,"ARID1A,ARID1B,SMARCB1,SMARCA4,SMARCA2",614607; 135900; 614609; 614608; 601358,50.0,19.0,yes,NCBRS,SMARCA2,,,,,,BAFopathy,"ARID1A,ARID1B,SMARCB1,SMARCA4,SMARCA2",614607; 135900; 614609; 614608; 601358,50.0,19.0,yes,NCBRS,SMARCA2
GSE116992_GPL13534_sample_81,GSE116992,GPL13534,BAFopathy,BAFopathy,"ARID1A,ARID1B,SMARCB1,SMARCA4,SMARCA2",case,ms1222_nicolaides-baraitser syndrome ms1222 disease state: nicolaides-baraitser syndrome sample 10,"CpGCorpus,existing",True,True,False,cpgcorpus,2026-02-18T12:08:16.114837,data/ajhg2020/GSE116992/GPL13534/betas/QCDPB.arrow,fe0f76ef5a2ad4cd5fc014fb2292df31fa0c6aa32294a7a6b25cdbde88a44e99,7.0,485579.0,data/ajhg2020/GSE116992/GPL13534/metadata/metadata.arrow,370d204121de92891c6c4c644210b07df9b2517453e8d811b3fe2788d196e712,,,,,,,,,,,,,,,,,,,,,,,,,,,,,,,,,,,,,,,existing,GSE116992,GPL21145,BAFopathy,BAFopathy,"ARID1A,ARID1B,SMARCB1,SMARCA4,SMARCA2",case,none none none none,"CpGCorpus,existing",True,True,False,cpgcorpus,2026-02-18T12:08:40.543840,data/ajhg2020/GSE116992/GPL21145/betas/QCDPB.arrow,ae8c0245f746bf774b0636a41b24d00e8db8bf680733ea49d277223958098d2b,22.0,865920.0,data/ajhg2020/GSE116992/GPL21145/metadata/metadata.arrow,44643b37822dd38dd82a4e2ff431aba9941f46f8558b3918a3dd505293ce1c74,,,,,,,,,,,,,,,,,,,,,,,,,,,,,,,,,,,,,,,existing,GSE116992,GPL21145,BAFopathy,BAFopathy,"ARID1A,ARID1B,SMARCB1,SMARCA4,SMARCA2",case,ms1222_nicolaides-baraitser syndrome ms1222 disease state: nicolaides-baraitser syndrome sample 10,CpGCorpus,True,True,False,cpgcorpus,2026-02-18T12:08:40.543840,data/ajhg2020/GSE116992/GPL21145/betas/QCDPB.arrow,ae8c0245f746bf774b0636a41b24d00e8db8bf680733ea49d277223958098d2b,22.0,865920.0,data/ajhg2020/GSE116992/GPL21145/metadata/metadata.arrow,44643b37822dd38dd82a4e2ff431aba9941f46f8558b3918a3dd505293ce1c74,GSM3267120,MS1222_Nicolaides-Baraitser syndrome,GSM3267120,Public on Nov 07 2018,Jul 12 2018,Nov 07 2018,genomic,1,MS1222,Homo sapiens,disease state: Nicolaides-Baraitser syndrome,tissue: Whole Blood,N/A,N/A,genomic DNA,Standard DNA extraction from blood,Cy5 and Cy3,According to the manufacturer's protocol,9606,According to the manufacturer's protocol,iScan,SAMPLE 10,"Illumina Normalization method with background correction, using minfi package in R 3.4.2",GPL21145,"Bekim,,Sadikovic",bekim.sadikovic@lhsc.on.ca,Pathology and Laboratory Medicine,University of Western Ontario,800 Commissioners Rd E,London,Ontario,N6A 5W9,Canada,ftp://ftp.ncbi.nlm.nih.gov/geo/samples/GSM3267nnn/GSM3267120/suppl/GSM3267120_202226320152_R03C01_Grn.idat.gz,ftp://ftp.ncbi.nlm.nih.gov/geo/samples/GSM3267nnn/GSM3267120/suppl/GSM3267120_202226320152_R03C01_Red.idat.gz,866091,Nicolaides-Baraitser syndrome,Whole Blood,cpgcorpus,,,,,,BAFopathy,"ARID1A,ARID1B,SMARCB1,SMARCA4,SMARCA2",614607; 135900; 614609; 614608; 601358,50.0,19.0,yes,NCBRS,SMARCA2,,,,,,BAFopathy,"ARID1A,ARID1B,SMARCB1,SMARCA4,SMARCA2",614607; 135900; 614609; 614608; 601358,50.0,19.0,yes,NCBRS,SMARCA2,,,,,,BAFopathy,"ARID1A,ARID1B,SMARCB1,SMARCA4,SMARCA2",614607; 135900; 614609; 614608; 601358,50.0,19.0,yes,NCBRS,SMARCA2
GSE116992_GPL13534_sample_82,GSE116992,GPL13534,BAFopathy,BAFopathy,"ARID1A,ARID1B,SMARCB1,SMARCA4,SMARCA2",case,ms1223_nicolaides-baraitser syndrome ms1223 disease state: nicolaides-baraitser syndrome sample 11,"CpGCorpus,existing",True,True,False,cpgcorpus,2026-02-18T12:08:16.114837,data/ajhg2020/GSE116992/GPL13534/betas/QCDPB.arrow,fe0f76ef5a2ad4cd5fc014fb2292df31fa0c6aa32294a7a6b25cdbde88a44e99,7.0,485579.0,data/ajhg2020/GSE116992/GPL13534/metadata/metadata.arrow,370d204121de92891c6c4c644210b07df9b2517453e8d811b3fe2788d196e712,,,,,,,,,,,,,,,,,,,,,,,,,,,,,,,,,,,,,,,existing,GSE116992,GPL21145,BAFopathy,BAFopathy,"ARID1A,ARID1B,SMARCB1,SMARCA4,SMARCA2",case,none none none none,"CpGCorpus,existing",True,True,False,cpgcorpus,2026-02-18T12:08:40.543840,data/ajhg2020/GSE116992/GPL21145/betas/QCDPB.arrow,ae8c0245f746bf774b0636a41b24d00e8db8bf680733ea49d277223958098d2b,22.0,865920.0,data/ajhg2020/GSE116992/GPL21145/metadata/metadata.arrow,44643b37822dd38dd82a4e2ff431aba9941f46f8558b3918a3dd505293ce1c74,,,,,,,,,,,,,,,,,,,,,,,,,,,,,,,,,,,,,,,existing,GSE116992,GPL21145,BAFopathy,BAFopathy,"ARID1A,ARID1B,SMARCB1,SMARCA4,SMARCA2",case,ms1223_nicolaides-baraitser syndrome ms1223 disease state: nicolaides-baraitser syndrome sample 11,CpGCorpus,True,True,False,cpgcorpus,2026-02-18T12:08:40.543840,data/ajhg2020/GSE116992/GPL21145/betas/QCDPB.arrow,ae8c0245f746bf774b0636a41b24d00e8db8bf680733ea49d277223958098d2b,22.0,865920.0,data/ajhg2020/GSE116992/GPL21145/metadata/metadata.arrow,44643b37822dd38dd82a4e2ff431aba9941f46f8558b3918a3dd505293ce1c74,GSM3267121,MS1223_Nicolaides-Baraitser syndrome,GSM3267121,Public on Nov 07 2018,Jul 12 2018,Nov 07 2018,genomic,1,MS1223,Homo sapiens,disease state: Nicolaides-Baraitser syndrome,tissue: Whole Blood,N/A,N/A,genomic DNA,Standard DNA extraction from blood,Cy5 and Cy3,According to the manufacturer's protocol,9606,According to the manufacturer's protocol,iScan,SAMPLE 11,"Illumina Normalization method with background correction, using minfi package in R 3.4.2",GPL21145,"Bekim,,Sadikovic",bekim.sadikovic@lhsc.on.ca,Pathology and Laboratory Medicine,University of Western Ontario,800 Commissioners Rd E,London,Ontario,N6A 5W9,Canada,ftp://ftp.ncbi.nlm.nih.gov/geo/samples/GSM3267nnn/GSM3267121/suppl/GSM3267121_202226320152_R04C01_Grn.idat.gz,ftp://ftp.ncbi.nlm.nih.gov/geo/samples/GSM3267nnn/GSM3267121/suppl/GSM3267121_202226320152_R04C01_Red.idat.gz,866091,Nicolaides-Baraitser syndrome,Whole Blood,cpgcorpus,,,,,,BAFopathy,"ARID1A,ARID1B,SMARCB1,SMARCA4,SMARCA2",614607; 135900; 614609; 614608; 601358,50.0,19.0,yes,NCBRS,SMARCA2,,,,,,BAFopathy,"ARID1A,ARID1B,SMARCB1,SMARCA4,SMARCA2",614607; 135900; 614609; 614608; 601358,50.0,19.0,yes,NCBRS,SMARCA2,,,,,,BAFopathy,"ARID1A,ARID1B,SMARCB1,SMARCA4,SMARCA2",614607; 135900; 614609; 614608; 601358,50.0,19.0,yes,NCBRS,SMARCA2
GSE116992_GPL13534_sample_83,GSE116992,GPL13534,BAFopathy,BAFopathy,"ARID1A,ARID1B,SMARCB1,SMARCA4,SMARCA2",case,ms1227_nicolaides-baraitser syndrome ms1227 disease state: nicolaides-baraitser syndrome sample 12,"CpGCorpus,existing",True,True,False,cpgcorpus,2026-02-18T12:08:16.114837,data/ajhg2020/GSE116992/GPL13534/betas/QCDPB.arrow,fe0f76ef5a2ad4cd5fc014fb2292df31fa0c6aa32294a7a6b25cdbde88a44e99,7.0,485579.0,data/ajhg2020/GSE116992/GPL13534/metadata/metadata.arrow,370d204121de92891c6c4c644210b07df9b2517453e8d811b3fe2788d196e712,,,,,,,,,,,,,,,,,,,,,,,,,,,,,,,,,,,,,,,existing,GSE116992,GPL21145,BAFopathy,BAFopathy,"ARID1A,ARID1B,SMARCB1,SMARCA4,SMARCA2",case,none none none none,"CpGCorpus,existing",True,True,False,cpgcorpus,2026-02-18T12:08:40.543840,data/ajhg2020/GSE116992/GPL21145/betas/QCDPB.arrow,ae8c0245f746bf774b0636a41b24d00e8db8bf680733ea49d277223958098d2b,22.0,865920.0,data/ajhg2020/GSE116992/GPL21145/metadata/metadata.arrow,44643b37822dd38dd82a4e2ff431aba9941f46f8558b3918a3dd505293ce1c74,,,,,,,,,,,,,,,,,,,,,,,,,,,,,,,,,,,,,,,existing,GSE116992,GPL21145,BAFopathy,BAFopathy,"ARID1A,ARID1B,SMARCB1,SMARCA4,SMARCA2",case,ms1227_nicolaides-baraitser syndrome ms1227 disease state: nicolaides-baraitser syndrome sample 12,CpGCorpus,True,True,False,cpgcorpus,2026-02-18T12:08:40.543840,data/ajhg2020/GSE116992/GPL21145/betas/QCDPB.arrow,ae8c0245f746bf774b0636a41b24d00e8db8bf680733ea49d277223958098d2b,22.0,865920.0,data/ajhg2020/GSE116992/GPL21145/metadata/metadata.arrow,44643b37822dd38dd82a4e2ff431aba9941f46f8558b3918a3dd505293ce1c74,GSM3267122,MS1227_Nicolaides-Baraitser syndrome,GSM3267122,Public on Nov 07 2018,Jul 12 2018,Nov 07 2018,genomic,1,MS1227,Homo sapiens,disease state: Nicolaides-Baraitser syndrome,tissue: Whole Blood,N/A,N/A,genomic DNA,Standard DNA extraction from blood,Cy5 and Cy3,According to the manufacturer's protocol,9606,According to the manufacturer's protocol,iScan,SAMPLE 12,"Illumina Normalization method with background correction, using minfi package in R 3.4.2",GPL21145,"Bekim,,Sadikovic",bekim.sadikovic@lhsc.on.ca,Pathology and Laboratory Medicine,University of Western Ontario,800 Commissioners Rd E,London,Ontario,N6A 5W9,Canada,ftp://ftp.ncbi.nlm.nih.gov/geo/samples/GSM3267nnn/GSM3267122/suppl/GSM3267122_202226320152_R08C01_Grn.idat.gz,ftp://ftp.ncbi.nlm.nih.gov/geo/samples/GSM3267nnn/GSM3267122/suppl/GSM3267122_202226320152_R08C01_Red.idat.gz,866091,Nicolaides-Baraitser syndrome,Whole Blood,cpgcorpus,,,,,,BAFopathy,"ARID1A,ARID1B,SMARCB1,SMARCA4,SMARCA2",614607; 135900; 614609; 614608; 601358,50.0,19.0,yes,NCBRS,SMARCA2,,,,,,BAFopathy,"ARID1A,ARID1B,SMARCB1,SMARCA4,SMARCA2",614607; 135900; 614609; 614608; 601358,50.0,19.0,yes,NCBRS,SMARCA2,,,,,,BAFopathy,"ARID1A,ARID1B,SMARCB1,SMARCA4,SMARCA2",614607; 135900; 614609; 614608; 601358,50.0,19.0,yes,NCBRS,SMARCA2
GSE116992_GPL13534_sample_84,GSE116992,GPL13534,BAFopathy,BAFopathy,"ARID1A,ARID1B,SMARCB1,SMARCA4,SMARCA2",case,ms1237_nicolaides-baraitser syndrome ms1237 disease state: nicolaides-baraitser syndrome sample 13,"CpGCorpus,existing",True,True,False,cpgcorpus,2026-02-18T12:08:16.114837,data/ajhg2020/GSE116992/GPL13534/betas/QCDPB.arrow,fe0f76ef5a2ad4cd5fc014fb2292df31fa0c6aa32294a7a6b25cdbde88a44e99,7.0,485579.0,data/ajhg2020/GSE116992/GPL13534/metadata/metadata.arrow,370d204121de92891c6c4c644210b07df9b2517453e8d811b3fe2788d196e712,,,,,,,,,,,,,,,,,,,,,,,,,,,,,,,,,,,,,,,existing,GSE116992,GPL21145,BAFopathy,BAFopathy,"ARID1A,ARID1B,SMARCB1,SMARCA4,SMARCA2",case,none none none none,"CpGCorpus,existing",True,True,False,cpgcorpus,2026-02-18T12:08:40.543840,data/ajhg2020/GSE116992/GPL21145/betas/QCDPB.arrow,ae8c0245f746bf774b0636a41b24d00e8db8bf680733ea49d277223958098d2b,22.0,865920.0,data/ajhg2020/GSE116992/GPL21145/metadata/metadata.arrow,44643b37822dd38dd82a4e2ff431aba9941f46f8558b3918a3dd505293ce1c74,,,,,,,,,,,,,,,,,,,,,,,,,,,,,,,,,,,,,,,existing,GSE116992,GPL21145,BAFopathy,BAFopathy,"ARID1A,ARID1B,SMARCB1,SMARCA4,SMARCA2",case,ms1237_nicolaides-baraitser syndrome ms1237 disease state: nicolaides-baraitser syndrome sample 13,CpGCorpus,True,True,False,cpgcorpus,2026-02-18T12:08:40.543840,data/ajhg2020/GSE116992/GPL21145/betas/QCDPB.arrow,ae8c0245f746bf774b0636a41b24d00e8db8bf680733ea49d277223958098d2b,22.0,865920.0,data/ajhg2020/GSE116992/GPL21145/metadata/metadata.arrow,44643b37822dd38dd82a4e2ff431aba9941f46f8558b3918a3dd505293ce1c74,GSM3267123,MS1237_Nicolaides-Baraitser syndrome,GSM3267123,Public on Nov 07 2018,Jul 12 2018,Nov 07 2018,genomic,1,MS1237,Homo sapiens,disease state: Nicolaides-Baraitser syndrome,tissue: Whole Blood,N/A,N/A,genomic DNA,Standard DNA extraction from blood,Cy5 and Cy3,According to the manufacturer's protocol,9606,According to the manufacturer's protocol,iScan,SAMPLE 13,"Illumina Normalization method with background correction, using minfi package in R 3.4.2",GPL21145,"Bekim,,Sadikovic",bekim.sadikovic@lhsc.on.ca,Pathology and Laboratory Medicine,University of Western Ontario,800 Commissioners Rd E,London,Ontario,N6A 5W9,Canada,ftp://ftp.ncbi.nlm.nih.gov/geo/samples/GSM3267nnn/GSM3267123/suppl/GSM3267123_202226320201_R02C01_Grn.idat.gz,ftp://ftp.ncbi.nlm.nih.gov/geo/samples/GSM3267nnn/GSM3267123/suppl/GSM3267123_202226320201_R02C01_Red.idat.gz,866091,Nicolaides-Baraitser syndrome,Whole Blood,cpgcorpus,,,,,,BAFopathy,"ARID1A,ARID1B,SMARCB1,SMARCA4,SMARCA2",614607; 135900; 614609; 614608; 601358,50.0,19.0,yes,NCBRS,SMARCA2,,,,,,BAFopathy,"ARID1A,ARID1B,SMARCB1,SMARCA4,SMARCA2",614607; 135900; 614609; 614608; 601358,50.0,19.0,yes,NCBRS,SMARCA2,,,,,,BAFopathy,"ARID1A,ARID1B,SMARCB1,SMARCA4,SMARCA2",614607; 135900; 614609; 614608; 601358,50.0,19.0,yes,NCBRS,SMARCA2
GSE116992_GPL13534_sample_85,GSE116992,GPL13534,BAFopathy,BAFopathy,"ARID1A,ARID1B,SMARCB1,SMARCA4,SMARCA2",case,ms1238_nicolaides-baraitser syndrome ms1238 disease state: nicolaides-baraitser syndrome sample 14,"CpGCorpus,existing",True,True,False,cpgcorpus,2026-02-18T12:08:16.114837,data/ajhg2020/GSE116992/GPL13534/betas/QCDPB.arrow,fe0f76ef5a2ad4cd5fc014fb2292df31fa0c6aa32294a7a6b25cdbde88a44e99,7.0,485579.0,data/ajhg2020/GSE116992/GPL13534/metadata/metadata.arrow,370d204121de92891c6c4c644210b07df9b2517453e8d811b3fe2788d196e712,,,,,,,,,,,,,,,,,,,,,,,,,,,,,,,,,,,,,,,existing,GSE116992,GPL21145,BAFopathy,BAFopathy,"ARID1A,ARID1B,SMARCB1,SMARCA4,SMARCA2",case,none none none none,"CpGCorpus,existing",True,True,False,cpgcorpus,2026-02-18T12:08:40.543840,data/ajhg2020/GSE116992/GPL21145/betas/QCDPB.arrow,ae8c0245f746bf774b0636a41b24d00e8db8bf680733ea49d277223958098d2b,22.0,865920.0,data/ajhg2020/GSE116992/GPL21145/metadata/metadata.arrow,44643b37822dd38dd82a4e2ff431aba9941f46f8558b3918a3dd505293ce1c74,,,,,,,,,,,,,,,,,,,,,,,,,,,,,,,,,,,,,,,existing,GSE116992,GPL21145,BAFopathy,BAFopathy,"ARID1A,ARID1B,SMARCB1,SMARCA4,SMARCA2",case,ms1238_nicolaides-baraitser syndrome ms1238 disease state: nicolaides-baraitser syndrome sample 14,CpGCorpus,True,True,False,cpgcorpus,2026-02-18T12:08:40.543840,data/ajhg2020/GSE116992/GPL21145/betas/QCDPB.arrow,ae8c0245f746bf774b0636a41b24d00e8db8bf680733ea49d277223958098d2b,22.0,865920.0,data/ajhg2020/GSE116992/GPL21145/metadata/metadata.arrow,44643b37822dd38dd82a4e2ff431aba9941f46f8558b3918a3dd505293ce1c74,GSM3267124,MS1238_Nicolaides-Baraitser syndrome,GSM3267124,Public on Nov 07 2018,Jul 12 2018,Nov 07 2018,genomic,1,MS1238,Homo sapiens,disease state: Nicolaides-Baraitser syndrome,tissue: Whole Blood,N/A,N/A,genomic DNA,Standard DNA extraction from blood,Cy5 and Cy3,According to the manufacturer's protocol,9606,According to the manufacturer's protocol,iScan,SAMPLE 14,"Illumina Normalization method with background correction, using minfi package in R 3.4.2",GPL21145,"Bekim,,Sadikovic",bekim.sadikovic@lhsc.on.ca,Pathology and Laboratory Medicine,University of Western Ontario,800 Commissioners Rd E,London,Ontario,N6A 5W9,Canada,ftp://ftp.ncbi.nlm.nih.gov/geo/samples/GSM3267nnn/GSM3267124/suppl/GSM3267124_202226320201_R03C01_Grn.idat.gz,ftp://ftp.ncbi.nlm.nih.gov/geo/samples/GSM3267nnn/GSM3267124/suppl/GSM3267124_202226320201_R03C01_Red.idat.gz,866091,Nicolaides-Baraitser syndrome,Whole Blood,cpgcorpus,,,,,,BAFopathy,"ARID1A,ARID1B,SMARCB1,SMARCA4,SMARCA2",614607; 135900; 614609; 614608; 601358,50.0,19.0,yes,NCBRS,SMARCA2,,,,,,BAFopathy,"ARID1A,ARID1B,SMARCB1,SMARCA4,SMARCA2",614607; 135900; 614609; 614608; 601358,50.0,19.0,yes,NCBRS,SMARCA2,,,,,,BAFopathy,"ARID1A,ARID1B,SMARCB1,SMARCA4,SMARCA2",614607; 135900; 614609; 614608; 601358,50.0,19.0,yes,NCBRS,SMARCA2
GSE116992_GPL13534_sample_86,GSE116992,GPL13534,BAFopathy,BAFopathy,"ARID1A,ARID1B,SMARCB1,SMARCA4,SMARCA2",case,ms1243_nicolaides-baraitser syndrome ms1243 disease state: nicolaides-baraitser syndrome sample 15,"CpGCorpus,existing",True,True,False,cpgcorpus,2026-02-18T12:08:16.114837,data/ajhg2020/GSE116992/GPL13534/betas/QCDPB.arrow,fe0f76ef5a2ad4cd5fc014fb2292df31fa0c6aa32294a7a6b25cdbde88a44e99,7.0,485579.0,data/ajhg2020/GSE116992/GPL13534/metadata/metadata.arrow,370d204121de92891c6c4c644210b07df9b2517453e8d811b3fe2788d196e712,,,,,,,,,,,,,,,,,,,,,,,,,,,,,,,,,,,,,,,existing,GSE116992,GPL21145,BAFopathy,BAFopathy,"ARID1A,ARID1B,SMARCB1,SMARCA4,SMARCA2",case,none none none none,"CpGCorpus,existing",True,True,False,cpgcorpus,2026-02-18T12:08:40.543840,data/ajhg2020/GSE116992/GPL21145/betas/QCDPB.arrow,ae8c0245f746bf774b0636a41b24d00e8db8bf680733ea49d277223958098d2b,22.0,865920.0,data/ajhg2020/GSE116992/GPL21145/metadata/metadata.arrow,44643b37822dd38dd82a4e2ff431aba9941f46f8558b3918a3dd505293ce1c74,,,,,,,,,,,,,,,,,,,,,,,,,,,,,,,,,,,,,,,existing,GSE116992,GPL21145,BAFopathy,BAFopathy,"ARID1A,ARID1B,SMARCB1,SMARCA4,SMARCA2",case,ms1243_nicolaides-baraitser syndrome ms1243 disease state: nicolaides-baraitser syndrome sample 15,CpGCorpus,True,True,False,cpgcorpus,2026-02-18T12:08:40.543840,data/ajhg2020/GSE116992/GPL21145/betas/QCDPB.arrow,ae8c0245f746bf774b0636a41b24d00e8db8bf680733ea49d277223958098d2b,22.0,865920.0,data/ajhg2020/GSE116992/GPL21145/metadata/metadata.arrow,44643b37822dd38dd82a4e2ff431aba9941f46f8558b3918a3dd505293ce1c74,GSM3267125,MS1243_Nicolaides-Baraitser syndrome,GSM3267125,Public on Nov 07 2018,Jul 12 2018,Nov 07 2018,genomic,1,MS1243,Homo sapiens,disease state: Nicolaides-Baraitser syndrome,tissue: Whole Blood,N/A,N/A,genomic DNA,Standard DNA extraction from blood,Cy5 and Cy3,According to the manufacturer's protocol,9606,According to the manufacturer's protocol,iScan,SAMPLE 15,"Illumina Normalization method with background correction, using minfi package in R 3.4.2",GPL21145,"Bekim,,Sadikovic",bekim.sadikovic@lhsc.on.ca,Pathology and Laboratory Medicine,University of Western Ontario,800 Commissioners Rd E,London,Ontario,N6A 5W9,Canada,ftp://ftp.ncbi.nlm.nih.gov/geo/samples/GSM3267nnn/GSM3267125/suppl/GSM3267125_202226320201_R08C01_Grn.idat.gz,ftp://ftp.ncbi.nlm.nih.gov/geo/samples/GSM3267nnn/GSM3267125/suppl/GSM3267125_202226320201_R08C01_Red.idat.gz,866091,Nicolaides-Baraitser syndrome,Whole Blood,cpgcorpus,,,,,,BAFopathy,"ARID1A,ARID1B,SMARCB1,SMARCA4,SMARCA2",614607; 135900; 614609; 614608; 601358,50.0,19.0,yes,NCBRS,SMARCA2,,,,,,BAFopathy,"ARID1A,ARID1B,SMARCB1,SMARCA4,SMARCA2",614607; 135900; 614609; 614608; 601358,50.0,19.0,yes,NCBRS,SMARCA2,,,,,,BAFopathy,"ARID1A,ARID1B,SMARCB1,SMARCA4,SMARCA2",614607; 135900; 614609; 614608; 601358,50.0,19.0,yes,NCBRS,SMARCA2
GSE116992_GPL13534_sample_87,GSE116992,GPL13534,BAFopathy,BAFopathy,"ARID1A,ARID1B,SMARCB1,SMARCA4,SMARCA2",case,ms1201_coffin-siris syndrome 1 ms1201 disease state: coffin-siris syndrome sample 16,"CpGCorpus,existing",True,True,False,cpgcorpus,2026-02-18T12:08:16.114837,data/ajhg2020/GSE116992/GPL13534/betas/QCDPB.arrow,fe0f76ef5a2ad4cd5fc014fb2292df31fa0c6aa32294a7a6b25cdbde88a44e99,7.0,485579.0,data/ajhg2020/GSE116992/GPL13534/metadata/metadata.arrow,370d204121de92891c6c4c644210b07df9b2517453e8d811b3fe2788d196e712,,,,,,,,,,,,,,,,,,,,,,,,,,,,,,,,,,,,,,,existing,GSE116992,GPL21145,BAFopathy,BAFopathy,"ARID1A,ARID1B,SMARCB1,SMARCA4,SMARCA2",case,none none none none,"CpGCorpus,existing",True,True,False,cpgcorpus,2026-02-18T12:08:40.543840,data/ajhg2020/GSE116992/GPL21145/betas/QCDPB.arrow,ae8c0245f746bf774b0636a41b24d00e8db8bf680733ea49d277223958098d2b,22.0,865920.0,data/ajhg2020/GSE116992/GPL21145/metadata/metadata.arrow,44643b37822dd38dd82a4e2ff431aba9941f46f8558b3918a3dd505293ce1c74,,,,,,,,,,,,,,,,,,,,,,,,,,,,,,,,,,,,,,,existing,GSE116992,GPL21145,BAFopathy,BAFopathy,"ARID1A,ARID1B,SMARCB1,SMARCA4,SMARCA2",case,ms1201_coffin-siris syndrome 1 ms1201 disease state: coffin-siris syndrome sample 16,CpGCorpus,True,True,False,cpgcorpus,2026-02-18T12:08:40.543840,data/ajhg2020/GSE116992/GPL21145/betas/QCDPB.arrow,ae8c0245f746bf774b0636a41b24d00e8db8bf680733ea49d277223958098d2b,22.0,865920.0,data/ajhg2020/GSE116992/GPL21145/metadata/metadata.arrow,44643b37822dd38dd82a4e2ff431aba9941f46f8558b3918a3dd505293ce1c74,GSM3267126,MS1201_Coffin-Siris Syndrome 1,GSM3267126,Public on Nov 07 2018,Jul 12 2018,Nov 07 2018,genomic,1,MS1201,Homo sapiens,disease state: Coffin-Siris syndrome,tissue: Whole Blood,N/A,N/A,genomic DNA,Standard DNA extraction from blood,Cy5 and Cy3,According to the manufacturer's protocol,9606,According to the manufacturer's protocol,iScan,SAMPLE 16,"Illumina Normalization method with background correction, using minfi package in R 3.4.2",GPL21145,"Bekim,,Sadikovic",bekim.sadikovic@lhsc.on.ca,Pathology and Laboratory Medicine,University of Western Ontario,800 Commissioners Rd E,London,Ontario,N6A 5W9,Canada,ftp://ftp.ncbi.nlm.nih.gov/geo/samples/GSM3267nnn/GSM3267126/suppl/GSM3267126_202240580107_R06C01_Grn.idat.gz,ftp://ftp.ncbi.nlm.nih.gov/geo/samples/GSM3267nnn/GSM3267126/suppl/GSM3267126_202240580107_R06C01_Red.idat.gz,866091,Coffin-Siris syndrome,Whole Blood,cpgcorpus,,,,,,BAFopathy,"ARID1A,ARID1B,SMARCB1,SMARCA4,SMARCA2",614607; 135900; 614609; 614608; 601358,50.0,19.0,yes,CSS1,ARID1B,,,,,,BAFopathy,"ARID1A,ARID1B,SMARCB1,SMARCA4,SMARCA2",614607; 135900; 614609; 614608; 601358,50.0,19.0,yes,CSS1,ARID1B,,,,,,BAFopathy,"ARID1A,ARID1B,SMARCB1,SMARCA4,SMARCA2",614607; 135900; 614609; 614608; 601358,50.0,19.0,yes,CSS1,ARID1B
GSE116992_GPL13534_sample_88,GSE116992,GPL13534,BAFopathy,BAFopathy,"ARID1A,ARID1B,SMARCB1,SMARCA4,SMARCA2",case,ms1209_coffin-siris syndrome 4 ms1209 disease state: coffin-siris syndrome sample 17,"CpGCorpus,existing",True,True,False,cpgcorpus,2026-02-18T12:08:16.114837,data/ajhg2020/GSE116992/GPL13534/betas/QCDPB.arrow,fe0f76ef5a2ad4cd5fc014fb2292df31fa0c6aa32294a7a6b25cdbde88a44e99,7.0,485579.0,data/ajhg2020/GSE116992/GPL13534/metadata/metadata.arrow,370d204121de92891c6c4c644210b07df9b2517453e8d811b3fe2788d196e712,,,,,,,,,,,,,,,,,,,,,,,,,,,,,,,,,,,,,,,existing,GSE116992,GPL21145,BAFopathy,BAFopathy,"ARID1A,ARID1B,SMARCB1,SMARCA4,SMARCA2",case,none none none none,"CpGCorpus,existing",True,True,False,cpgcorpus,2026-02-18T12:08:40.543840,data/ajhg2020/GSE116992/GPL21145/betas/QCDPB.arrow,ae8c0245f746bf774b0636a41b24d00e8db8bf680733ea49d277223958098d2b,22.0,865920.0,data/ajhg2020/GSE116992/GPL21145/metadata/metadata.arrow,44643b37822dd38dd82a4e2ff431aba9941f46f8558b3918a3dd505293ce1c74,,,,,,,,,,,,,,,,,,,,,,,,,,,,,,,,,,,,,,,existing,GSE116992,GPL21145,BAFopathy,BAFopathy,"ARID1A,ARID1B,SMARCB1,SMARCA4,SMARCA2",case,ms1209_coffin-siris syndrome 4 ms1209 disease state: coffin-siris syndrome sample 17,CpGCorpus,True,True,False,cpgcorpus,2026-02-18T12:08:40.543840,data/ajhg2020/GSE116992/GPL21145/betas/QCDPB.arrow,ae8c0245f746bf774b0636a41b24d00e8db8bf680733ea49d277223958098d2b,22.0,865920.0,data/ajhg2020/GSE116992/GPL21145/metadata/metadata.arrow,44643b37822dd38dd82a4e2ff431aba9941f46f8558b3918a3dd505293ce1c74,GSM3267127,MS1209_Coffin-Siris Syndrome 4,GSM3267127,Public on Nov 07 2018,Jul 12 2018,Nov 07 2018,genomic,1,MS1209,Homo sapiens,disease state: Coffin-Siris syndrome,tissue: Whole Blood,N/A,N/A,genomic DNA,Standard DNA extraction from blood,Cy5 and Cy3,According to the manufacturer's protocol,9606,According to the manufacturer's protocol,iScan,SAMPLE 17,"Illumina Normalization method with background correction, using minfi package in R 3.4.2",GPL21145,"Bekim,,Sadikovic",bekim.sadikovic@lhsc.on.ca,Pathology and Laboratory Medicine,University of Western Ontario,800 Commissioners Rd E,London,Ontario,N6A 5W9,Canada,ftp://ftp.ncbi.nlm.nih.gov/geo/samples/GSM3267nnn/GSM3267127/suppl/GSM3267127_202240580157_R06C01_Grn.idat.gz,ftp://ftp.ncbi.nlm.nih.gov/geo/samples/GSM3267nnn/GSM3267127/suppl/GSM3267127_202240580157_R06C01_Red.idat.gz,866091,Coffin-Siris syndrome,Whole Blood,cpgcorpus,,,,,,BAFopathy,"ARID1A,ARID1B,SMARCB1,SMARCA4,SMARCA2",614607; 135900; 614609; 614608; 601358,50.0,19.0,yes,CSS1,ARID1B,,,,,,BAFopathy,"ARID1A,ARID1B,SMARCB1,SMARCA4,SMARCA2",614607; 135900; 614609; 614608; 601358,50.0,19.0,yes,CSS4,SMARCA4,,,,,,BAFopathy,"ARID1A,ARID1B,SMARCB1,SMARCA4,SMARCA2",614607; 135900; 614609; 614608; 601358,50.0,19.0,yes,CSS1,ARID1B
GSE116992_GPL13534_sample_89,GSE116992,GPL13534,BAFopathy,BAFopathy,"ARID1A,ARID1B,SMARCB1,SMARCA4,SMARCA2",case,ms1212_coffin-siris syndrome 1 ms1212 disease state: coffin-siris syndrome sample 18,"CpGCorpus,existing",True,True,False,cpgcorpus,2026-02-18T12:08:16.114837,data/ajhg2020/GSE116992/GPL13534/betas/QCDPB.arrow,fe0f76ef5a2ad4cd5fc014fb2292df31fa0c6aa32294a7a6b25cdbde88a44e99,7.0,485579.0,data/ajhg2020/GSE116992/GPL13534/metadata/metadata.arrow,370d204121de92891c6c4c644210b07df9b2517453e8d811b3fe2788d196e712,,,,,,,,,,,,,,,,,,,,,,,,,,,,,,,,,,,,,,,existing,GSE116992,GPL21145,BAFopathy,BAFopathy,"ARID1A,ARID1B,SMARCB1,SMARCA4,SMARCA2",case,none none none none,"CpGCorpus,existing",True,True,False,cpgcorpus,2026-02-18T12:08:40.543840,data/ajhg2020/GSE116992/GPL21145/betas/QCDPB.arrow,ae8c0245f746bf774b0636a41b24d00e8db8bf680733ea49d277223958098d2b,22.0,865920.0,data/ajhg2020/GSE116992/GPL21145/metadata/metadata.arrow,44643b37822dd38dd82a4e2ff431aba9941f46f8558b3918a3dd505293ce1c74,,,,,,,,,,,,,,,,,,,,,,,,,,,,,,,,,,,,,,,existing,GSE116992,GPL21145,BAFopathy,BAFopathy,"ARID1A,ARID1B,SMARCB1,SMARCA4,SMARCA2",case,ms1212_coffin-siris syndrome 1 ms1212 disease state: coffin-siris syndrome sample 18,CpGCorpus,True,True,False,cpgcorpus,2026-02-18T12:08:40.543840,data/ajhg2020/GSE116992/GPL21145/betas/QCDPB.arrow,ae8c0245f746bf774b0636a41b24d00e8db8bf680733ea49d277223958098d2b,22.0,865920.0,data/ajhg2020/GSE116992/GPL21145/metadata/metadata.arrow,44643b37822dd38dd82a4e2ff431aba9941f46f8558b3918a3dd505293ce1c74,GSM3267128,MS1212_Coffin-Siris Syndrome 1,GSM3267128,Public on Nov 07 2018,Jul 12 2018,Nov 07 2018,genomic,1,MS1212,Homo sapiens,disease state: Coffin-Siris syndrome,tissue: Whole Blood,N/A,N/A,genomic DNA,Standard DNA extraction from blood,Cy5 and Cy3,According to the manufacturer's protocol,9606,According to the manufacturer's protocol,iScan,SAMPLE 18,"Illumina Normalization method with background correction, using minfi package in R 3.4.2",GPL21145,"Bekim,,Sadikovic",bekim.sadikovic@lhsc.on.ca,Pathology and Laboratory Medicine,University of Western Ontario,800 Commissioners Rd E,London,Ontario,N6A 5W9,Canada,ftp://ftp.ncbi.nlm.nih.gov/geo/samples/GSM3267nnn/GSM3267128/suppl/GSM3267128_202240580159_R01C01_Grn.idat.gz,ftp://ftp.ncbi.nlm.nih.gov/geo/samples/GSM3267nnn/GSM3267128/suppl/GSM3267128_202240580159_R01C01_Red.idat.gz,866091,Coffin-Siris syndrome,Whole Blood,cpgcorpus,,,,,,BAFopathy,"ARID1A,ARID1B,SMARCB1,SMARCA4,SMARCA2",614607; 135900; 614609; 614608; 601358,50.0,19.0,yes,CSS1,ARID1B,,,,,,BAFopathy,"ARID1A,ARID1B,SMARCB1,SMARCA4,SMARCA2",614607; 135900; 614609; 614608; 601358,50.0,19.0,yes,CSS1,ARID1B,,,,,,BAFopathy,"ARID1A,ARID1B,SMARCB1,SMARCA4,SMARCA2",614607; 135900; 614609; 614608; 601358,50.0,19.0,yes,CSS1,ARID1B
GSE116992_GPL13534_sample_90,GSE116992,GPL13534,BAFopathy,BAFopathy,"ARID1A,ARID1B,SMARCB1,SMARCA4,SMARCA2",case,ms1213_coffin-siris syndrome 1 ms1213 disease state: coffin-siris syndrome sample 19,"CpGCorpus,existing",True,True,False,cpgcorpus,2026-02-18T12:08:16.114837,data/ajhg2020/GSE116992/GPL13534/betas/QCDPB.arrow,fe0f76ef5a2ad4cd5fc014fb2292df31fa0c6aa32294a7a6b25cdbde88a44e99,7.0,485579.0,data/ajhg2020/GSE116992/GPL13534/metadata/metadata.arrow,370d204121de92891c6c4c644210b07df9b2517453e8d811b3fe2788d196e712,,,,,,,,,,,,,,,,,,,,,,,,,,,,,,,,,,,,,,,existing,GSE116992,GPL21145,BAFopathy,BAFopathy,"ARID1A,ARID1B,SMARCB1,SMARCA4,SMARCA2",case,none none none none,"CpGCorpus,existing",True,True,False,cpgcorpus,2026-02-18T12:08:40.543840,data/ajhg2020/GSE116992/GPL21145/betas/QCDPB.arrow,ae8c0245f746bf774b0636a41b24d00e8db8bf680733ea49d277223958098d2b,22.0,865920.0,data/ajhg2020/GSE116992/GPL21145/metadata/metadata.arrow,44643b37822dd38dd82a4e2ff431aba9941f46f8558b3918a3dd505293ce1c74,,,,,,,,,,,,,,,,,,,,,,,,,,,,,,,,,,,,,,,existing,GSE116992,GPL21145,BAFopathy,BAFopathy,"ARID1A,ARID1B,SMARCB1,SMARCA4,SMARCA2",case,ms1213_coffin-siris syndrome 1 ms1213 disease state: coffin-siris syndrome sample 19,CpGCorpus,True,True,False,cpgcorpus,2026-02-18T12:08:40.543840,data/ajhg2020/GSE116992/GPL21145/betas/QCDPB.arrow,ae8c0245f746bf774b0636a41b24d00e8db8bf680733ea49d277223958098d2b,22.0,865920.0,data/ajhg2020/GSE116992/GPL21145/metadata/metadata.arrow,44643b37822dd38dd82a4e2ff431aba9941f46f8558b3918a3dd505293ce1c74,GSM3267129,MS1213_Coffin-Siris Syndrome 1,GSM3267129,Public on Nov 07 2018,Jul 12 2018,Nov 07 2018,genomic,1,MS1213,Homo sapiens,disease state: Coffin-Siris syndrome,tissue: Whole Blood,N/A,N/A,genomic DNA,Standard DNA extraction from blood,Cy5 and Cy3,According to the manufacturer's protocol,9606,According to the manufacturer's protocol,iScan,SAMPLE 19,"Illumina Normalization method with background correction, using minfi package in R 3.4.2",GPL21145,"Bekim,,Sadikovic",bekim.sadikovic@lhsc.on.ca,Pathology and Laboratory Medicine,University of Western Ontario,800 Commissioners Rd E,London,Ontario,N6A 5W9,Canada,ftp://ftp.ncbi.nlm.nih.gov/geo/samples/GSM3267nnn/GSM3267129/suppl/GSM3267129_202240580159_R02C01_Grn.idat.gz,ftp://ftp.ncbi.nlm.nih.gov/geo/samples/GSM3267nnn/GSM3267129/suppl/GSM3267129_202240580159_R02C01_Red.idat.gz,866091,Coffin-Siris syndrome,Whole Blood,cpgcorpus,,,,,,BAFopathy,"ARID1A,ARID1B,SMARCB1,SMARCA4,SMARCA2",614607; 135900; 614609; 614608; 601358,50.0,19.0,yes,CSS1,ARID1B,,,,,,BAFopathy,"ARID1A,ARID1B,SMARCB1,SMARCA4,SMARCA2",614607; 135900; 614609; 614608; 601358,50.0,19.0,yes,CSS1,ARID1B,,,,,,BAFopathy,"ARID1A,ARID1B,SMARCB1,SMARCA4,SMARCA2",614607; 135900; 614609; 614608; 601358,50.0,19.0,yes,CSS1,ARID1B
GSE116992_GPL13534_sample_91,GSE116992,GPL13534,BAFopathy,BAFopathy,"ARID1A,ARID1B,SMARCB1,SMARCA4,SMARCA2",case,ms1215_coffin-siris syndrome 1 ms1215 disease state: coffin-siris syndrome sample 20,"CpGCorpus,existing",True,True,False,cpgcorpus,2026-02-18T12:08:16.114837,data/ajhg2020/GSE116992/GPL13534/betas/QCDPB.arrow,fe0f76ef5a2ad4cd5fc014fb2292df31fa0c6aa32294a7a6b25cdbde88a44e99,7.0,485579.0,data/ajhg2020/GSE116992/GPL13534/metadata/metadata.arrow,370d204121de92891c6c4c644210b07df9b2517453e8d811b3fe2788d196e712,,,,,,,,,,,,,,,,,,,,,,,,,,,,,,,,,,,,,,,existing,GSE116992,GPL21145,BAFopathy,BAFopathy,"ARID1A,ARID1B,SMARCB1,SMARCA4,SMARCA2",case,none none none none,"CpGCorpus,existing",True,True,False,cpgcorpus,2026-02-18T12:08:40.543840,data/ajhg2020/GSE116992/GPL21145/betas/QCDPB.arrow,ae8c0245f746bf774b0636a41b24d00e8db8bf680733ea49d277223958098d2b,22.0,865920.0,data/ajhg2020/GSE116992/GPL21145/metadata/metadata.arrow,44643b37822dd38dd82a4e2ff431aba9941f46f8558b3918a3dd505293ce1c74,,,,,,,,,,,,,,,,,,,,,,,,,,,,,,,,,,,,,,,existing,GSE116992,GPL21145,BAFopathy,BAFopathy,"ARID1A,ARID1B,SMARCB1,SMARCA4,SMARCA2",case,ms1215_coffin-siris syndrome 1 ms1215 disease state: coffin-siris syndrome sample 20,CpGCorpus,True,True,False,cpgcorpus,2026-02-18T12:08:40.543840,data/ajhg2020/GSE116992/GPL21145/betas/QCDPB.arrow,ae8c0245f746bf774b0636a41b24d00e8db8bf680733ea49d277223958098d2b,22.0,865920.0,data/ajhg2020/GSE116992/GPL21145/metadata/metadata.arrow,44643b37822dd38dd82a4e2ff431aba9941f46f8558b3918a3dd505293ce1c74,GSM3267130,MS1215_Coffin-Siris Syndrome 1,GSM3267130,Public on Nov 07 2018,Jul 12 2018,Nov 07 2018,genomic,1,MS1215,Homo sapiens,disease state: Coffin-Siris syndrome,tissue: Whole Blood,N/A,N/A,genomic DNA,Standard DNA extraction from blood,Cy5 and Cy3,According to the manufacturer's protocol,9606,According to the manufacturer's protocol,iScan,SAMPLE 20,"Illumina Normalization method with background correction, using minfi package in R 3.4.2",GPL21145,"Bekim,,Sadikovic",bekim.sadikovic@lhsc.on.ca,Pathology and Laboratory Medicine,University of Western Ontario,800 Commissioners Rd E,London,Ontario,N6A 5W9,Canada,ftp://ftp.ncbi.nlm.nih.gov/geo/samples/GSM3267nnn/GSM3267130/suppl/GSM3267130_202240580159_R04C01_Grn.idat.gz,ftp://ftp.ncbi.nlm.nih.gov/geo/samples/GSM3267nnn/GSM3267130/suppl/GSM3267130_202240580159_R04C01_Red.idat.gz,866091,Coffin-Siris syndrome,Whole Blood,cpgcorpus,,,,,,BAFopathy,"ARID1A,ARID1B,SMARCB1,SMARCA4,SMARCA2",614607; 135900; 614609; 614608; 601358,50.0,19.0,yes,CSS1,ARID1B,,,,,,BAFopathy,"ARID1A,ARID1B,SMARCB1,SMARCA4,SMARCA2",614607; 135900; 614609; 614608; 601358,50.0,19.0,yes,CSS1,ARID1B,,,,,,BAFopathy,"ARID1A,ARID1B,SMARCB1,SMARCA4,SMARCA2",614607; 135900; 614609; 614608; 601358,50.0,19.0,yes,CSS1,ARID1B
GSE116992_GPL13534_sample_92,GSE116992,GPL13534,BAFopathy,BAFopathy,"ARID1A,ARID1B,SMARCB1,SMARCA4,SMARCA2",case,ms1216_coffin-siris syndrome 1 ms1216 disease state: coffin-siris syndrome sample 21,"CpGCorpus,existing",True,True,False,cpgcorpus,2026-02-18T12:08:16.114837,data/ajhg2020/GSE116992/GPL13534/betas/QCDPB.arrow,fe0f76ef5a2ad4cd5fc014fb2292df31fa0c6aa32294a7a6b25cdbde88a44e99,7.0,485579.0,data/ajhg2020/GSE116992/GPL13534/metadata/metadata.arrow,370d204121de92891c6c4c644210b07df9b2517453e8d811b3fe2788d196e712,,,,,,,,,,,,,,,,,,,,,,,,,,,,,,,,,,,,,,,existing,GSE116992,GPL21145,BAFopathy,BAFopathy,"ARID1A,ARID1B,SMARCB1,SMARCA4,SMARCA2",case,none none none none,"CpGCorpus,existing",True,True,False,cpgcorpus,2026-02-18T12:08:40.543840,data/ajhg2020/GSE116992/GPL21145/betas/QCDPB.arrow,ae8c0245f746bf774b0636a41b24d00e8db8bf680733ea49d277223958098d2b,22.0,865920.0,data/ajhg2020/GSE116992/GPL21145/metadata/metadata.arrow,44643b37822dd38dd82a4e2ff431aba9941f46f8558b3918a3dd505293ce1c74,,,,,,,,,,,,,,,,,,,,,,,,,,,,,,,,,,,,,,,existing,GSE116992,GPL21145,BAFopathy,BAFopathy,"ARID1A,ARID1B,SMARCB1,SMARCA4,SMARCA2",case,ms1216_coffin-siris syndrome 1 ms1216 disease state: coffin-siris syndrome sample 21,CpGCorpus,True,True,False,cpgcorpus,2026-02-18T12:08:40.543840,data/ajhg2020/GSE116992/GPL21145/betas/QCDPB.arrow,ae8c0245f746bf774b0636a41b24d00e8db8bf680733ea49d277223958098d2b,22.0,865920.0,data/ajhg2020/GSE116992/GPL21145/metadata/metadata.arrow,44643b37822dd38dd82a4e2ff431aba9941f46f8558b3918a3dd505293ce1c74,GSM3267131,MS1216_Coffin-Siris Syndrome 1,GSM3267131,Public on Nov 07 2018,Jul 12 2018,Nov 07 2018,genomic,1,MS1216,Homo sapiens,disease state: Coffin-Siris syndrome,tissue: Whole Blood,N/A,N/A,genomic DNA,Standard DNA extraction from blood,Cy5 and Cy3,According to the manufacturer's protocol,9606,According to the manufacturer's protocol,iScan,SAMPLE 21,"Illumina Normalization method with background correction, using minfi package in R 3.4.2",GPL21145,"Bekim,,Sadikovic",bekim.sadikovic@lhsc.on.ca,Pathology and Laboratory Medicine,University of Western Ontario,800 Commissioners Rd E,London,Ontario,N6A 5W9,Canada,ftp://ftp.ncbi.nlm.nih.gov/geo/samples/GSM3267nnn/GSM3267131/suppl/GSM3267131_202240580159_R05C01_Grn.idat.gz,ftp://ftp.ncbi.nlm.nih.gov/geo/samples/GSM3267nnn/GSM3267131/suppl/GSM3267131_202240580159_R05C01_Red.idat.gz,866091,Coffin-Siris syndrome,Whole Blood,cpgcorpus,,,,,,BAFopathy,"ARID1A,ARID1B,SMARCB1,SMARCA4,SMARCA2",614607; 135900; 614609; 614608; 601358,50.0,19.0,yes,CSS1,ARID1B,,,,,,BAFopathy,"ARID1A,ARID1B,SMARCB1,SMARCA4,SMARCA2",614607; 135900; 614609; 614608; 601358,50.0,19.0,yes,CSS1,ARID1B,,,,,,BAFopathy,"ARID1A,ARID1B,SMARCB1,SMARCA4,SMARCA2",614607; 135900; 614609; 614608; 601358,50.0,19.0,yes,CSS1,ARID1B
GSE116992_GPL13534_sample_93,GSE116992,GPL13534,BAFopathy,BAFopathy,"ARID1A,ARID1B,SMARCB1,SMARCA4,SMARCA2",case,ms1217_coffin-siris syndrome 1 ms1217 disease state: coffin-siris syndrome sample 22,"CpGCorpus,existing",True,True,False,cpgcorpus,2026-02-18T12:08:16.114837,data/ajhg2020/GSE116992/GPL13534/betas/QCDPB.arrow,fe0f76ef5a2ad4cd5fc014fb2292df31fa0c6aa32294a7a6b25cdbde88a44e99,7.0,485579.0,data/ajhg2020/GSE116992/GPL13534/metadata/metadata.arrow,370d204121de92891c6c4c644210b07df9b2517453e8d811b3fe2788d196e712,,,,,,,,,,,,,,,,,,,,,,,,,,,,,,,,,,,,,,,existing,GSE116992,GPL21145,BAFopathy,BAFopathy,"ARID1A,ARID1B,SMARCB1,SMARCA4,SMARCA2",case,none none none none,"CpGCorpus,existing",True,True,False,cpgcorpus,2026-02-18T12:08:40.543840,data/ajhg2020/GSE116992/GPL21145/betas/QCDPB.arrow,ae8c0245f746bf774b0636a41b24d00e8db8bf680733ea49d277223958098d2b,22.0,865920.0,data/ajhg2020/GSE116992/GPL21145/metadata/metadata.arrow,44643b37822dd38dd82a4e2ff431aba9941f46f8558b3918a3dd505293ce1c74,,,,,,,,,,,,,,,,,,,,,,,,,,,,,,,,,,,,,,,existing,GSE116992,GPL21145,BAFopathy,BAFopathy,"ARID1A,ARID1B,SMARCB1,SMARCA4,SMARCA2",case,ms1217_coffin-siris syndrome 1 ms1217 disease state: coffin-siris syndrome sample 22,CpGCorpus,True,True,False,cpgcorpus,2026-02-18T12:08:40.543840,data/ajhg2020/GSE116992/GPL21145/betas/QCDPB.arrow,ae8c0245f746bf774b0636a41b24d00e8db8bf680733ea49d277223958098d2b,22.0,865920.0,data/ajhg2020/GSE116992/GPL21145/metadata/metadata.arrow,44643b37822dd38dd82a4e2ff431aba9941f46f8558b3918a3dd505293ce1c74,GSM3267132,MS1217_Coffin-Siris Syndrome 1,GSM3267132,Public on Nov 07 2018,Jul 12 2018,Nov 07 2018,genomic,1,MS1217,Homo sapiens,disease state: Coffin-Siris syndrome,tissue: Whole Blood,N/A,N/A,genomic DNA,Standard DNA extraction from blood,Cy5 and Cy3,According to the manufacturer's protocol,9606,According to the manufacturer's protocol,iScan,SAMPLE 22,"Illumina Normalization method with background correction, using minfi package in R 3.4.2",GPL21145,"Bekim,,Sadikovic",bekim.sadikovic@lhsc.on.ca,Pathology and Laboratory Medicine,University of Western Ontario,800 Commissioners Rd E,London,Ontario,N6A 5W9,Canada,ftp://ftp.ncbi.nlm.nih.gov/geo/samples/GSM3267nnn/GSM3267132/suppl/GSM3267132_202240580159_R06C01_Grn.idat.gz,ftp://ftp.ncbi.nlm.nih.gov/geo/samples/GSM3267nnn/GSM3267132/suppl/GSM3267132_202240580159_R06C01_Red.idat.gz,866091,Coffin-Siris syndrome,Whole Blood,cpgcorpus,,,,,,BAFopathy,"ARID1A,ARID1B,SMARCB1,SMARCA4,SMARCA2",614607; 135900; 614609; 614608; 601358,50.0,19.0,yes,CSS1,ARID1B,,,,,,BAFopathy,"ARID1A,ARID1B,SMARCB1,SMARCA4,SMARCA2",614607; 135900; 614609; 614608; 601358,50.0,19.0,yes,CSS1,ARID1B,,,,,,BAFopathy,"ARID1A,ARID1B,SMARCB1,SMARCA4,SMARCA2",614607; 135900; 614609; 614608; 601358,50.0,19.0,yes,CSS1,ARID1B
GSE116992_GPL21145_sample_0,GSE116992,GPL21145,BAFopathy,BAFopathy,"ARID1A,ARID1B,SMARCB1,SMARCA4,SMARCA2",case,ms1160_nicolaides-baraitser syndrome ms1160 disease state: nicolaides-baraitser syndrome sample 1,"CpGCorpus,existing",True,True,False,cpgcorpus,2026-02-18T12:08:40.543840,data/ajhg2020/GSE116992/GPL21145/betas/QCDPB.arrow,ae8c0245f746bf774b0636a41b24d00e8db8bf680733ea49d277223958098d2b,22.0,865920.0,data/ajhg2020/GSE116992/GPL21145/metadata/metadata.arrow,44643b37822dd38dd82a4e2ff431aba9941f46f8558b3918a3dd505293ce1c74,GSM3267111,MS1160_Nicolaides-Baraitser syndrome,GSM3267111,Public on Nov 07 2018,Jul 12 2018,Nov 07 2018,genomic,1,MS1160,Homo sapiens,disease state: Nicolaides-Baraitser syndrome,tissue: Whole Blood,N/A,N/A,genomic DNA,Standard DNA extraction from blood,Cy5 and Cy3,According to the manufacturer's protocol,9606,According to the manufacturer's protocol,iScan,SAMPLE 1,"Illumina Normalization method with background correction, using minfi package in R 3.4.2",GPL21145,"Bekim,,Sadikovic",bekim.sadikovic@lhsc.on.ca,Pathology and Laboratory Medicine,University of Western Ontario,800 Commissioners Rd E,London,Ontario,N6A 5W9,Canada,ftp://ftp.ncbi.nlm.nih.gov/geo/samples/GSM3267nnn/GSM3267111/suppl/GSM3267111_200969820172_R05C01_Grn.idat.gz,ftp://ftp.ncbi.nlm.nih.gov/geo/samples/GSM3267nnn/GSM3267111/suppl/GSM3267111_200969820172_R05C01_Red.idat.gz,866091,Nicolaides-Baraitser syndrome,Whole Blood,cpgcorpus,,,,,,,,,,,,,,,,,,,,,,,,,,,,,,,,,,,,,,,,,,,,,,,,,,,,,,,,,,,,,,,,,,,,,,,,,,,,,,,,,,,,,,,,,,,,,,,,,,,,,,,,,,,,,,,,,,,,,,,,,,,,,,,,,,,,,,,,,,,,,,,,,,,,BAFopathy,"ARID1A,ARID1B,SMARCB1,SMARCA4,SMARCA2",614607; 135900; 614609; 614608; 601358,50.0,19.0,yes,NCBRS,SMARCA2
GSE116992_GPL21145_sample_1,GSE116992,GPL21145,BAFopathy,BAFopathy,"ARID1A,ARID1B,SMARCB1,SMARCA4,SMARCA2",case,ms1162_coffin-siris syndrome 3 ms1162 disease state: coffin-siris syndrome sample 2,"CpGCorpus,existing",True,True,False,cpgcorpus,2026-02-18T12:08:40.543840,data/ajhg2020/GSE116992/GPL21145/betas/QCDPB.arrow,ae8c0245f746bf774b0636a41b24d00e8db8bf680733ea49d277223958098d2b,22.0,865920.0,data/ajhg2020/GSE116992/GPL21145/metadata/metadata.arrow,44643b37822dd38dd82a4e2ff431aba9941f46f8558b3918a3dd505293ce1c74,GSM3267112,MS1162_Coffin-Siris Syndrome 3,GSM3267112,Public on Nov 07 2018,Jul 12 2018,Nov 07 2018,genomic,1,MS1162,Homo sapiens,disease state: Coffin-Siris syndrome,tissue: Whole Blood,N/A,N/A,genomic DNA,Standard DNA extraction from blood,Cy5 and Cy3,According to the manufacturer's protocol,9606,According to the manufacturer's protocol,iScan,SAMPLE 2,"Illumina Normalization method with background correction, using minfi package in R 3.4.2",GPL21145,"Bekim,,Sadikovic",bekim.sadikovic@lhsc.on.ca,Pathology and Laboratory Medicine,University of Western Ontario,800 Commissioners Rd E,London,Ontario,N6A 5W9,Canada,ftp://ftp.ncbi.nlm.nih.gov/geo/samples/GSM3267nnn/GSM3267112/suppl/GSM3267112_200969820172_R07C01_Grn.idat.gz,ftp://ftp.ncbi.nlm.nih.gov/geo/samples/GSM3267nnn/GSM3267112/suppl/GSM3267112_200969820172_R07C01_Red.idat.gz,866091,Coffin-Siris syndrome,Whole Blood,cpgcorpus,,,,,,,,,,,,,,,,,,,,,,,,,,,,,,,,,,,,,,,,,,,,,,,,,,,,,,,,,,,,,,,,,,,,,,,,,,,,,,,,,,,,,,,,,,,,,,,,,,,,,,,,,,,,,,,,,,,,,,,,,,,,,,,,,,,,,,,,,,,,,,,,,,,,BAFopathy,"ARID1A,ARID1B,SMARCB1,SMARCA4,SMARCA2",614607; 135900; 614609; 614608; 601358,50.0,19.0,yes,CSS1,ARID1B
GSE116992_GPL21145_sample_2,GSE116992,GPL21145,BAFopathy,BAFopathy,"ARID1A,ARID1B,SMARCB1,SMARCA4,SMARCA2",case,ms1163_coffin-siris syndrome 3 ms1163 disease state: coffin-siris syndrome sample 3,"CpGCorpus,existing",True,True,False,cpgcorpus,2026-02-18T12:08:40.543840,data/ajhg2020/GSE116992/GPL21145/betas/QCDPB.arrow,ae8c0245f746bf774b0636a41b24d00e8db8bf680733ea49d277223958098d2b,22.0,865920.0,data/ajhg2020/GSE116992/GPL21145/metadata/metadata.arrow,44643b37822dd38dd82a4e2ff431aba9941f46f8558b3918a3dd505293ce1c74,GSM3267113,MS1163_Coffin-Siris Syndrome 3,GSM3267113,Public on Nov 07 2018,Jul 12 2018,Nov 07 2018,genomic,1,MS1163,Homo sapiens,disease state: Coffin-Siris syndrome,tissue: Whole Blood,N/A,N/A,genomic DNA,Standard DNA extraction from blood,Cy5 and Cy3,According to the manufacturer's protocol,9606,According to the manufacturer's protocol,iScan,SAMPLE 3,"Illumina Normalization method with background correction, using minfi package in R 3.4.2",GPL21145,"Bekim,,Sadikovic",bekim.sadikovic@lhsc.on.ca,Pathology and Laboratory Medicine,University of Western Ontario,800 Commissioners Rd E,London,Ontario,N6A 5W9,Canada,ftp://ftp.ncbi.nlm.nih.gov/geo/samples/GSM3267nnn/GSM3267113/suppl/GSM3267113_200969820172_R08C01_Grn.idat.gz,ftp://ftp.ncbi.nlm.nih.gov/geo/samples/GSM3267nnn/GSM3267113/suppl/GSM3267113_200969820172_R08C01_Red.idat.gz,866091,Coffin-Siris syndrome,Whole Blood,cpgcorpus,,,,,,,,,,,,,,,,,,,,,,,,,,,,,,,,,,,,,,,,,,,,,,,,,,,,,,,,,,,,,,,,,,,,,,,,,,,,,,,,,,,,,,,,,,,,,,,,,,,,,,,,,,,,,,,,,,,,,,,,,,,,,,,,,,,,,,,,,,,,,,,,,,,,BAFopathy,"ARID1A,ARID1B,SMARCB1,SMARCA4,SMARCA2",614607; 135900; 614609; 614608; 601358,50.0,19.0,yes,CSS1,ARID1B
GSE116992_GPL21145_sample_3,GSE116992,GPL21145,BAFopathy,BAFopathy,"ARID1A,ARID1B,SMARCB1,SMARCA4,SMARCA2",case,ms1168_coffin-siris syndrome 4 ms1168 disease state: coffin-siris syndrome sample 4,"CpGCorpus,existing",True,True,False,cpgcorpus,2026-02-18T12:08:40.543840,data/ajhg2020/GSE116992/GPL21145/betas/QCDPB.arrow,ae8c0245f746bf774b0636a41b24d00e8db8bf680733ea49d277223958098d2b,22.0,865920.0,data/ajhg2020/GSE116992/GPL21145/metadata/metadata.arrow,44643b37822dd38dd82a4e2ff431aba9941f46f8558b3918a3dd505293ce1c74,GSM3267114,MS1168_Coffin-Siris Syndrome 4,GSM3267114,Public on Nov 07 2018,Jul 12 2018,Nov 07 2018,genomic,1,MS1168,Homo sapiens,disease state: Coffin-Siris syndrome,tissue: Whole Blood,N/A,N/A,genomic DNA,Standard DNA extraction from blood,Cy5 and Cy3,According to the manufacturer's protocol,9606,According to the manufacturer's protocol,iScan,SAMPLE 4,"Illumina Normalization method with background correction, using minfi package in R 3.4.2",GPL21145,"Bekim,,Sadikovic",bekim.sadikovic@lhsc.on.ca,Pathology and Laboratory Medicine,University of Western Ontario,800 Commissioners Rd E,London,Ontario,N6A 5W9,Canada,ftp://ftp.ncbi.nlm.nih.gov/geo/samples/GSM3267nnn/GSM3267114/suppl/GSM3267114_202081120218_R05C01_Grn.idat.gz,ftp://ftp.ncbi.nlm.nih.gov/geo/samples/GSM3267nnn/GSM3267114/suppl/GSM3267114_202081120218_R05C01_Red.idat.gz,866091,Coffin-Siris syndrome,Whole Blood,cpgcorpus,,,,,,,,,,,,,,,,,,,,,,,,,,,,,,,,,,,,,,,,,,,,,,,,,,,,,,,,,,,,,,,,,,,,,,,,,,,,,,,,,,,,,,,,,,,,,,,,,,,,,,,,,,,,,,,,,,,,,,,,,,,,,,,,,,,,,,,,,,,,,,,,,,,,BAFopathy,"ARID1A,ARID1B,SMARCB1,SMARCA4,SMARCA2",614607; 135900; 614609; 614608; 601358,50.0,19.0,yes,CSS1,ARID1B
GSE116992_GPL21145_sample_4,GSE116992,GPL21145,BAFopathy,BAFopathy,"ARID1A,ARID1B,SMARCB1,SMARCA4,SMARCA2",case,ms1169_coffin-siris syndrome 1 ms1169 disease state: coffin-siris syndrome sample 5,"CpGCorpus,existing",True,True,False,cpgcorpus,2026-02-18T12:08:40.543840,data/ajhg2020/GSE116992/GPL21145/betas/QCDPB.arrow,ae8c0245f746bf774b0636a41b24d00e8db8bf680733ea49d277223958098d2b,22.0,865920.0,data/ajhg2020/GSE116992/GPL21145/metadata/metadata.arrow,44643b37822dd38dd82a4e2ff431aba9941f46f8558b3918a3dd505293ce1c74,GSM3267115,MS1169_Coffin-Siris Syndrome 1,GSM3267115,Public on Nov 07 2018,Jul 12 2018,Nov 07 2018,genomic,1,MS1169,Homo sapiens,disease state: Coffin-Siris syndrome,tissue: Whole Blood,N/A,N/A,genomic DNA,Standard DNA extraction from blood,Cy5 and Cy3,According to the manufacturer's protocol,9606,According to the manufacturer's protocol,iScan,SAMPLE 5,"Illumina Normalization method with background correction, using minfi package in R 3.4.2",GPL21145,"Bekim,,Sadikovic",bekim.sadikovic@lhsc.on.ca,Pathology and Laboratory Medicine,University of Western Ontario,800 Commissioners Rd E,London,Ontario,N6A 5W9,Canada,ftp://ftp.ncbi.nlm.nih.gov/geo/samples/GSM3267nnn/GSM3267115/suppl/GSM3267115_202081120218_R06C01_Grn.idat.gz,ftp://ftp.ncbi.nlm.nih.gov/geo/samples/GSM3267nnn/GSM3267115/suppl/GSM3267115_202081120218_R06C01_Red.idat.gz,866091,Coffin-Siris syndrome,Whole Blood,cpgcorpus,,,,,,,,,,,,,,,,,,,,,,,,,,,,,,,,,,,,,,,,,,,,,,,,,,,,,,,,,,,,,,,,,,,,,,,,,,,,,,,,,,,,,,,,,,,,,,,,,,,,,,,,,,,,,,,,,,,,,,,,,,,,,,,,,,,,,,,,,,,,,,,,,,,,BAFopathy,"ARID1A,ARID1B,SMARCB1,SMARCA4,SMARCA2",614607; 135900; 614609; 614608; 601358,50.0,19.0,yes,CSS1,ARID1B
GSE116992_GPL21145_sample_5,GSE116992,GPL21145,BAFopathy,BAFopathy,"ARID1A,ARID1B,SMARCB1,SMARCA4,SMARCA2",case,ms1170_coffin-siris syndrome 1 ms1170 disease state: coffin-siris syndrome sample 6,"CpGCorpus,existing",True,True,False,cpgcorpus,2026-02-18T12:08:40.543840,data/ajhg2020/GSE116992/GPL21145/betas/QCDPB.arrow,ae8c0245f746bf774b0636a41b24d00e8db8bf680733ea49d277223958098d2b,22.0,865920.0,data/ajhg2020/GSE116992/GPL21145/metadata/metadata.arrow,44643b37822dd38dd82a4e2ff431aba9941f46f8558b3918a3dd505293ce1c74,GSM3267116,MS1170_Coffin-Siris Syndrome 1,GSM3267116,Public on Nov 07 2018,Jul 12 2018,Nov 07 2018,genomic,1,MS1170,Homo sapiens,disease state: Coffin-Siris syndrome,tissue: Whole Blood,N/A,N/A,genomic DNA,Standard DNA extraction from blood,Cy5 and Cy3,According to the manufacturer's protocol,9606,According to the manufacturer's protocol,iScan,SAMPLE 6,"Illumina Normalization method with background correction, using minfi package in R 3.4.2",GPL21145,"Bekim,,Sadikovic",bekim.sadikovic@lhsc.on.ca,Pathology and Laboratory Medicine,University of Western Ontario,800 Commissioners Rd E,London,Ontario,N6A 5W9,Canada,ftp://ftp.ncbi.nlm.nih.gov/geo/samples/GSM3267nnn/GSM3267116/suppl/GSM3267116_202081120218_R07C01_Grn.idat.gz,ftp://ftp.ncbi.nlm.nih.gov/geo/samples/GSM3267nnn/GSM3267116/suppl/GSM3267116_202081120218_R07C01_Red.idat.gz,866091,Coffin-Siris syndrome,Whole Blood,cpgcorpus,,,,,,,,,,,,,,,,,,,,,,,,,,,,,,,,,,,,,,,,,,,,,,,,,,,,,,,,,,,,,,,,,,,,,,,,,,,,,,,,,,,,,,,,,,,,,,,,,,,,,,,,,,,,,,,,,,,,,,,,,,,,,,,,,,,,,,,,,,,,,,,,,,,,BAFopathy,"ARID1A,ARID1B,SMARCB1,SMARCA4,SMARCA2",614607; 135900; 614609; 614608; 601358,50.0,19.0,yes,CSS1,ARID1B
GSE116992_GPL21145_sample_6,GSE116992,GPL21145,BAFopathy,BAFopathy,"ARID1A,ARID1B,SMARCB1,SMARCA4,SMARCA2",case,ms1176_coffin-siris syndrome 1 ms1176 disease state: coffin-siris syndrome sample 7,"CpGCorpus,existing",True,True,False,cpgcorpus,2026-02-18T12:08:40.543840,data/ajhg2020/GSE116992/GPL21145/betas/QCDPB.arrow,ae8c0245f746bf774b0636a41b24d00e8db8bf680733ea49d277223958098d2b,22.0,865920.0,data/ajhg2020/GSE116992/GPL21145/metadata/metadata.arrow,44643b37822dd38dd82a4e2ff431aba9941f46f8558b3918a3dd505293ce1c74,GSM3267117,MS1176_Coffin-Siris Syndrome 1,GSM3267117,Public on Nov 07 2018,Jul 12 2018,Nov 07 2018,genomic,1,MS1176,Homo sapiens,disease state: Coffin-Siris syndrome,tissue: Whole Blood,N/A,N/A,genomic DNA,Standard DNA extraction from blood,Cy5 and Cy3,According to the manufacturer's protocol,9606,According to the manufacturer's protocol,iScan,SAMPLE 7,"Illumina Normalization method with background correction, using minfi package in R 3.4.2",GPL21145,"Bekim,,Sadikovic",bekim.sadikovic@lhsc.on.ca,Pathology and Laboratory Medicine,University of Western Ontario,800 Commissioners Rd E,London,Ontario,N6A 5W9,Canada,ftp://ftp.ncbi.nlm.nih.gov/geo/samples/GSM3267nnn/GSM3267117/suppl/GSM3267117_202081130042_R05C01_Grn.idat.gz,ftp://ftp.ncbi.nlm.nih.gov/geo/samples/GSM3267nnn/GSM3267117/suppl/GSM3267117_202081130042_R05C01_Red.idat.gz,866091,Coffin-Siris syndrome,Whole Blood,cpgcorpus,,,,,,,,,,,,,,,,,,,,,,,,,,,,,,,,,,,,,,,,,,,,,,,,,,,,,,,,,,,,,,,,,,,,,,,,,,,,,,,,,,,,,,,,,,,,,,,,,,,,,,,,,,,,,,,,,,,,,,,,,,,,,,,,,,,,,,,,,,,,,,,,,,,,BAFopathy,"ARID1A,ARID1B,SMARCB1,SMARCA4,SMARCA2",614607; 135900; 614609; 614608; 601358,50.0,19.0,yes,CSS1,ARID1B
GSE116992_GPL21145_sample_7,GSE116992,GPL21145,BAFopathy,BAFopathy,"ARID1A,ARID1B,SMARCB1,SMARCA4,SMARCA2",case,ms1177_coffin-siris syndrome 1 ms1177 disease state: coffin-siris syndrome sample 8,"CpGCorpus,existing",True,True,False,cpgcorpus,2026-02-18T12:08:40.543840,data/ajhg2020/GSE116992/GPL21145/betas/QCDPB.arrow,ae8c0245f746bf774b0636a41b24d00e8db8bf680733ea49d277223958098d2b,22.0,865920.0,data/ajhg2020/GSE116992/GPL21145/metadata/metadata.arrow,44643b37822dd38dd82a4e2ff431aba9941f46f8558b3918a3dd505293ce1c74,GSM3267118,MS1177_Coffin-Siris Syndrome 1,GSM3267118,Public on Nov 07 2018,Jul 12 2018,Nov 07 2018,genomic,1,MS1177,Homo sapiens,disease state: Coffin-Siris syndrome,tissue: Whole Blood,N/A,N/A,genomic DNA,Standard DNA extraction from blood,Cy5 and Cy3,According to the manufacturer's protocol,9606,According to the manufacturer's protocol,iScan,SAMPLE 8,"Illumina Normalization method with background correction, using minfi package in R 3.4.2",GPL21145,"Bekim,,Sadikovic",bekim.sadikovic@lhsc.on.ca,Pathology and Laboratory Medicine,University of Western Ontario,800 Commissioners Rd E,London,Ontario,N6A 5W9,Canada,ftp://ftp.ncbi.nlm.nih.gov/geo/samples/GSM3267nnn/GSM3267118/suppl/GSM3267118_202081130042_R06C01_Grn.idat.gz,ftp://ftp.ncbi.nlm.nih.gov/geo/samples/GSM3267nnn/GSM3267118/suppl/GSM3267118_202081130042_R06C01_Red.idat.gz,866091,Coffin-Siris syndrome,Whole Blood,cpgcorpus,,,,,,,,,,,,,,,,,,,,,,,,,,,,,,,,,,,,,,,,,,,,,,,,,,,,,,,,,,,,,,,,,,,,,,,,,,,,,,,,,,,,,,,,,,,,,,,,,,,,,,,,,,,,,,,,,,,,,,,,,,,,,,,,,,,,,,,,,,,,,,,,,,,,BAFopathy,"ARID1A,ARID1B,SMARCB1,SMARCA4,SMARCA2",614607; 135900; 614609; 614608; 601358,50.0,19.0,yes,CSS1,ARID1B
GSE116992_GPL21145_sample_8,GSE116992,GPL21145,BAFopathy,BAFopathy,"ARID1A,ARID1B,SMARCB1,SMARCA4,SMARCA2",case,ms1221_nicolaides-baraitser syndrome ms1221 disease state: nicolaides-baraitser syndrome sample 9,"CpGCorpus,existing",True,True,False,cpgcorpus,2026-02-18T12:08:40.543840,data/ajhg2020/GSE116992/GPL21145/betas/QCDPB.arrow,ae8c0245f746bf774b0636a41b24d00e8db8bf680733ea49d277223958098d2b,22.0,865920.0,data/ajhg2020/GSE116992/GPL21145/metadata/metadata.arrow,44643b37822dd38dd82a4e2ff431aba9941f46f8558b3918a3dd505293ce1c74,GSM3267119,MS1221_Nicolaides-Baraitser syndrome,GSM3267119,Public on Nov 07 2018,Jul 12 2018,Nov 07 2018,genomic,1,MS1221,Homo sapiens,disease state: Nicolaides-Baraitser syndrome,tissue: Whole Blood,N/A,N/A,genomic DNA,Standard DNA extraction from blood,Cy5 and Cy3,According to the manufacturer's protocol,9606,According to the manufacturer's protocol,iScan,SAMPLE 9,"Illumina Normalization method with background correction, using minfi package in R 3.4.2",GPL21145,"Bekim,,Sadikovic",bekim.sadikovic@lhsc.on.ca,Pathology and Laboratory Medicine,University of Western Ontario,800 Commissioners Rd E,London,Ontario,N6A 5W9,Canada,ftp://ftp.ncbi.nlm.nih.gov/geo/samples/GSM3267nnn/GSM3267119/suppl/GSM3267119_202226320152_R02C01_Grn.idat.gz,ftp://ftp.ncbi.nlm.nih.gov/geo/samples/GSM3267nnn/GSM3267119/suppl/GSM3267119_202226320152_R02C01_Red.idat.gz,866091,Nicolaides-Baraitser syndrome,Whole Blood,cpgcorpus,,,,,,,,,,,,,,,,,,,,,,,,,,,,,,,,,,,,,,,,,,,,,,,,,,,,,,,,,,,,,,,,,,,,,,,,,,,,,,,,,,,,,,,,,,,,,,,,,,,,,,,,,,,,,,,,,,,,,,,,,,,,,,,,,,,,,,,,,,,,,,,,,,,,BAFopathy,"ARID1A,ARID1B,SMARCB1,SMARCA4,SMARCA2",614607; 135900; 614609; 614608; 601358,50.0,19.0,yes,NCBRS,SMARCA2
GSE116992_GPL21145_sample_9,GSE116992,GPL21145,BAFopathy,BAFopathy,"ARID1A,ARID1B,SMARCB1,SMARCA4,SMARCA2",case,ms1222_nicolaides-baraitser syndrome ms1222 disease state: nicolaides-baraitser syndrome sample 10,"CpGCorpus,existing",True,True,False,cpgcorpus,2026-02-18T12:08:40.543840,data/ajhg2020/GSE116992/GPL21145/betas/QCDPB.arrow,ae8c0245f746bf774b0636a41b24d00e8db8bf680733ea49d277223958098d2b,22.0,865920.0,data/ajhg2020/GSE116992/GPL21145/metadata/metadata.arrow,44643b37822dd38dd82a4e2ff431aba9941f46f8558b3918a3dd505293ce1c74,GSM3267120,MS1222_Nicolaides-Baraitser syndrome,GSM3267120,Public on Nov 07 2018,Jul 12 2018,Nov 07 2018,genomic,1,MS1222,Homo sapiens,disease state: Nicolaides-Baraitser syndrome,tissue: Whole Blood,N/A,N/A,genomic DNA,Standard DNA extraction from blood,Cy5 and Cy3,According to the manufacturer's protocol,9606,According to the manufacturer's protocol,iScan,SAMPLE 10,"Illumina Normalization method with background correction, using minfi package in R 3.4.2",GPL21145,"Bekim,,Sadikovic",bekim.sadikovic@lhsc.on.ca,Pathology and Laboratory Medicine,University of Western Ontario,800 Commissioners Rd E,London,Ontario,N6A 5W9,Canada,ftp://ftp.ncbi.nlm.nih.gov/geo/samples/GSM3267nnn/GSM3267120/suppl/GSM3267120_202226320152_R03C01_Grn.idat.gz,ftp://ftp.ncbi.nlm.nih.gov/geo/samples/GSM3267nnn/GSM3267120/suppl/GSM3267120_202226320152_R03C01_Red.idat.gz,866091,Nicolaides-Baraitser syndrome,Whole Blood,cpgcorpus,,,,,,,,,,,,,,,,,,,,,,,,,,,,,,,,,,,,,,,,,,,,,,,,,,,,,,,,,,,,,,,,,,,,,,,,,,,,,,,,,,,,,,,,,,,,,,,,,,,,,,,,,,,,,,,,,,,,,,,,,,,,,,,,,,,,,,,,,,,,,,,,,,,,BAFopathy,"ARID1A,ARID1B,SMARCB1,SMARCA4,SMARCA2",614607; 135900; 614609; 614608; 601358,50.0,19.0,yes,NCBRS,SMARCA2
GSE116992_GPL21145_sample_10,GSE116992,GPL21145,BAFopathy,BAFopathy,"ARID1A,ARID1B,SMARCB1,SMARCA4,SMARCA2",case,ms1223_nicolaides-baraitser syndrome ms1223 disease state: nicolaides-baraitser syndrome sample 11,"CpGCorpus,existing",True,True,False,cpgcorpus,2026-02-18T12:08:40.543840,data/ajhg2020/GSE116992/GPL21145/betas/QCDPB.arrow,ae8c0245f746bf774b0636a41b24d00e8db8bf680733ea49d277223958098d2b,22.0,865920.0,data/ajhg2020/GSE116992/GPL21145/metadata/metadata.arrow,44643b37822dd38dd82a4e2ff431aba9941f46f8558b3918a3dd505293ce1c74,GSM3267121,MS1223_Nicolaides-Baraitser syndrome,GSM3267121,Public on Nov 07 2018,Jul 12 2018,Nov 07 2018,genomic,1,MS1223,Homo sapiens,disease state: Nicolaides-Baraitser syndrome,tissue: Whole Blood,N/A,N/A,genomic DNA,Standard DNA extraction from blood,Cy5 and Cy3,According to the manufacturer's protocol,9606,According to the manufacturer's protocol,iScan,SAMPLE 11,"Illumina Normalization method with background correction, using minfi package in R 3.4.2",GPL21145,"Bekim,,Sadikovic",bekim.sadikovic@lhsc.on.ca,Pathology and Laboratory Medicine,University of Western Ontario,800 Commissioners Rd E,London,Ontario,N6A 5W9,Canada,ftp://ftp.ncbi.nlm.nih.gov/geo/samples/GSM3267nnn/GSM3267121/suppl/GSM3267121_202226320152_R04C01_Grn.idat.gz,ftp://ftp.ncbi.nlm.nih.gov/geo/samples/GSM3267nnn/GSM3267121/suppl/GSM3267121_202226320152_R04C01_Red.idat.gz,866091,Nicolaides-Baraitser syndrome,Whole Blood,cpgcorpus,,,,,,,,,,,,,,,,,,,,,,,,,,,,,,,,,,,,,,,,,,,,,,,,,,,,,,,,,,,,,,,,,,,,,,,,,,,,,,,,,,,,,,,,,,,,,,,,,,,,,,,,,,,,,,,,,,,,,,,,,,,,,,,,,,,,,,,,,,,,,,,,,,,,BAFopathy,"ARID1A,ARID1B,SMARCB1,SMARCA4,SMARCA2",614607; 135900; 614609; 614608; 601358,50.0,19.0,yes,NCBRS,SMARCA2
GSE116992_GPL21145_sample_11,GSE116992,GPL21145,BAFopathy,BAFopathy,"ARID1A,ARID1B,SMARCB1,SMARCA4,SMARCA2",case,ms1227_nicolaides-baraitser syndrome ms1227 disease state: nicolaides-baraitser syndrome sample 12,"CpGCorpus,existing",True,True,False,cpgcorpus,2026-02-18T12:08:40.543840,data/ajhg2020/GSE116992/GPL21145/betas/QCDPB.arrow,ae8c0245f746bf774b0636a41b24d00e8db8bf680733ea49d277223958098d2b,22.0,865920.0,data/ajhg2020/GSE116992/GPL21145/metadata/metadata.arrow,44643b37822dd38dd82a4e2ff431aba9941f46f8558b3918a3dd505293ce1c74,GSM3267122,MS1227_Nicolaides-Baraitser syndrome,GSM3267122,Public on Nov 07 2018,Jul 12 2018,Nov 07 2018,genomic,1,MS1227,Homo sapiens,disease state: Nicolaides-Baraitser syndrome,tissue: Whole Blood,N/A,N/A,genomic DNA,Standard DNA extraction from blood,Cy5 and Cy3,According to the manufacturer's protocol,9606,According to the manufacturer's protocol,iScan,SAMPLE 12,"Illumina Normalization method with background correction, using minfi package in R 3.4.2",GPL21145,"Bekim,,Sadikovic",bekim.sadikovic@lhsc.on.ca,Pathology and Laboratory Medicine,University of Western Ontario,800 Commissioners Rd E,London,Ontario,N6A 5W9,Canada,ftp://ftp.ncbi.nlm.nih.gov/geo/samples/GSM3267nnn/GSM3267122/suppl/GSM3267122_202226320152_R08C01_Grn.idat.gz,ftp://ftp.ncbi.nlm.nih.gov/geo/samples/GSM3267nnn/GSM3267122/suppl/GSM3267122_202226320152_R08C01_Red.idat.gz,866091,Nicolaides-Baraitser syndrome,Whole Blood,cpgcorpus,,,,,,,,,,,,,,,,,,,,,,,,,,,,,,,,,,,,,,,,,,,,,,,,,,,,,,,,,,,,,,,,,,,,,,,,,,,,,,,,,,,,,,,,,,,,,,,,,,,,,,,,,,,,,,,,,,,,,,,,,,,,,,,,,,,,,,,,,,,,,,,,,,,,BAFopathy,"ARID1A,ARID1B,SMARCB1,SMARCA4,SMARCA2",614607; 135900; 614609; 614608; 601358,50.0,19.0,yes,NCBRS,SMARCA2
GSE116992_GPL21145_sample_12,GSE116992,GPL21145,BAFopathy,BAFopathy,"ARID1A,ARID1B,SMARCB1,SMARCA4,SMARCA2",case,ms1237_nicolaides-baraitser syndrome ms1237 disease state: nicolaides-baraitser syndrome sample 13,"CpGCorpus,existing",True,True,False,cpgcorpus,2026-02-18T12:08:40.543840,data/ajhg2020/GSE116992/GPL21145/betas/QCDPB.arrow,ae8c0245f746bf774b0636a41b24d00e8db8bf680733ea49d277223958098d2b,22.0,865920.0,data/ajhg2020/GSE116992/GPL21145/metadata/metadata.arrow,44643b37822dd38dd82a4e2ff431aba9941f46f8558b3918a3dd505293ce1c74,GSM3267123,MS1237_Nicolaides-Baraitser syndrome,GSM3267123,Public on Nov 07 2018,Jul 12 2018,Nov 07 2018,genomic,1,MS1237,Homo sapiens,disease state: Nicolaides-Baraitser syndrome,tissue: Whole Blood,N/A,N/A,genomic DNA,Standard DNA extraction from blood,Cy5 and Cy3,According to the manufacturer's protocol,9606,According to the manufacturer's protocol,iScan,SAMPLE 13,"Illumina Normalization method with background correction, using minfi package in R 3.4.2",GPL21145,"Bekim,,Sadikovic",bekim.sadikovic@lhsc.on.ca,Pathology and Laboratory Medicine,University of Western Ontario,800 Commissioners Rd E,London,Ontario,N6A 5W9,Canada,ftp://ftp.ncbi.nlm.nih.gov/geo/samples/GSM3267nnn/GSM3267123/suppl/GSM3267123_202226320201_R02C01_Grn.idat.gz,ftp://ftp.ncbi.nlm.nih.gov/geo/samples/GSM3267nnn/GSM3267123/suppl/GSM3267123_202226320201_R02C01_Red.idat.gz,866091,Nicolaides-Baraitser syndrome,Whole Blood,cpgcorpus,,,,,,,,,,,,,,,,,,,,,,,,,,,,,,,,,,,,,,,,,,,,,,,,,,,,,,,,,,,,,,,,,,,,,,,,,,,,,,,,,,,,,,,,,,,,,,,,,,,,,,,,,,,,,,,,,,,,,,,,,,,,,,,,,,,,,,,,,,,,,,,,,,,,BAFopathy,"ARID1A,ARID1B,SMARCB1,SMARCA4,SMARCA2",614607; 135900; 614609; 614608; 601358,50.0,19.0,yes,NCBRS,SMARCA2
GSE116992_GPL21145_sample_13,GSE116992,GPL21145,BAFopathy,BAFopathy,"ARID1A,ARID1B,SMARCB1,SMARCA4,SMARCA2",case,ms1238_nicolaides-baraitser syndrome ms1238 disease state: nicolaides-baraitser syndrome sample 14,"CpGCorpus,existing",True,True,False,cpgcorpus,2026-02-18T12:08:40.543840,data/ajhg2020/GSE116992/GPL21145/betas/QCDPB.arrow,ae8c0245f746bf774b0636a41b24d00e8db8bf680733ea49d277223958098d2b,22.0,865920.0,data/ajhg2020/GSE116992/GPL21145/metadata/metadata.arrow,44643b37822dd38dd82a4e2ff431aba9941f46f8558b3918a3dd505293ce1c74,GSM3267124,MS1238_Nicolaides-Baraitser syndrome,GSM3267124,Public on Nov 07 2018,Jul 12 2018,Nov 07 2018,genomic,1,MS1238,Homo sapiens,disease state: Nicolaides-Baraitser syndrome,tissue: Whole Blood,N/A,N/A,genomic DNA,Standard DNA extraction from blood,Cy5 and Cy3,According to the manufacturer's protocol,9606,According to the manufacturer's protocol,iScan,SAMPLE 14,"Illumina Normalization method with background correction, using minfi package in R 3.4.2",GPL21145,"Bekim,,Sadikovic",bekim.sadikovic@lhsc.on.ca,Pathology and Laboratory Medicine,University of Western Ontario,800 Commissioners Rd E,London,Ontario,N6A 5W9,Canada,ftp://ftp.ncbi.nlm.nih.gov/geo/samples/GSM3267nnn/GSM3267124/suppl/GSM3267124_202226320201_R03C01_Grn.idat.gz,ftp://ftp.ncbi.nlm.nih.gov/geo/samples/GSM3267nnn/GSM3267124/suppl/GSM3267124_202226320201_R03C01_Red.idat.gz,866091,Nicolaides-Baraitser syndrome,Whole Blood,cpgcorpus,,,,,,,,,,,,,,,,,,,,,,,,,,,,,,,,,,,,,,,,,,,,,,,,,,,,,,,,,,,,,,,,,,,,,,,,,,,,,,,,,,,,,,,,,,,,,,,,,,,,,,,,,,,,,,,,,,,,,,,,,,,,,,,,,,,,,,,,,,,,,,,,,,,,BAFopathy,"ARID1A,ARID1B,SMARCB1,SMARCA4,SMARCA2",614607; 135900; 614609; 614608; 601358,50.0,19.0,yes,NCBRS,SMARCA2
GSE116992_GPL21145_sample_14,GSE116992,GPL21145,BAFopathy,BAFopathy,"ARID1A,ARID1B,SMARCB1,SMARCA4,SMARCA2",case,ms1243_nicolaides-baraitser syndrome ms1243 disease state: nicolaides-baraitser syndrome sample 15,"CpGCorpus,existing",True,True,False,cpgcorpus,2026-02-18T12:08:40.543840,data/ajhg2020/GSE116992/GPL21145/betas/QCDPB.arrow,ae8c0245f746bf774b0636a41b24d00e8db8bf680733ea49d277223958098d2b,22.0,865920.0,data/ajhg2020/GSE116992/GPL21145/metadata/metadata.arrow,44643b37822dd38dd82a4e2ff431aba9941f46f8558b3918a3dd505293ce1c74,GSM3267125,MS1243_Nicolaides-Baraitser syndrome,GSM3267125,Public on Nov 07 2018,Jul 12 2018,Nov 07 2018,genomic,1,MS1243,Homo sapiens,disease state: Nicolaides-Baraitser syndrome,tissue: Whole Blood,N/A,N/A,genomic DNA,Standard DNA extraction from blood,Cy5 and Cy3,According to the manufacturer's protocol,9606,According to the manufacturer's protocol,iScan,SAMPLE 15,"Illumina Normalization method with background correction, using minfi package in R 3.4.2",GPL21145,"Bekim,,Sadikovic",bekim.sadikovic@lhsc.on.ca,Pathology and Laboratory Medicine,University of Western Ontario,800 Commissioners Rd E,London,Ontario,N6A 5W9,Canada,ftp://ftp.ncbi.nlm.nih.gov/geo/samples/GSM3267nnn/GSM3267125/suppl/GSM3267125_202226320201_R08C01_Grn.idat.gz,ftp://ftp.ncbi.nlm.nih.gov/geo/samples/GSM3267nnn/GSM3267125/suppl/GSM3267125_202226320201_R08C01_Red.idat.gz,866091,Nicolaides-Baraitser syndrome,Whole Blood,cpgcorpus,,,,,,,,,,,,,,,,,,,,,,,,,,,,,,,,,,,,,,,,,,,,,,,,,,,,,,,,,,,,,,,,,,,,,,,,,,,,,,,,,,,,,,,,,,,,,,,,,,,,,,,,,,,,,,,,,,,,,,,,,,,,,,,,,,,,,,,,,,,,,,,,,,,,BAFopathy,"ARID1A,ARID1B,SMARCB1,SMARCA4,SMARCA2",614607; 135900; 614609; 614608; 601358,50.0,19.0,yes,NCBRS,SMARCA2
GSE116992_GPL21145_sample_15,GSE116992,GPL21145,BAFopathy,BAFopathy,"ARID1A,ARID1B,SMARCB1,SMARCA4,SMARCA2",case,ms1201_coffin-siris syndrome 1 ms1201 disease state: coffin-siris syndrome sample 16,"CpGCorpus,existing",True,True,False,cpgcorpus,2026-02-18T12:08:40.543840,data/ajhg2020/GSE116992/GPL21145/betas/QCDPB.arrow,ae8c0245f746bf774b0636a41b24d00e8db8bf680733ea49d277223958098d2b,22.0,865920.0,data/ajhg2020/GSE116992/GPL21145/metadata/metadata.arrow,44643b37822dd38dd82a4e2ff431aba9941f46f8558b3918a3dd505293ce1c74,GSM3267126,MS1201_Coffin-Siris Syndrome 1,GSM3267126,Public on Nov 07 2018,Jul 12 2018,Nov 07 2018,genomic,1,MS1201,Homo sapiens,disease state: Coffin-Siris syndrome,tissue: Whole Blood,N/A,N/A,genomic DNA,Standard DNA extraction from blood,Cy5 and Cy3,According to the manufacturer's protocol,9606,According to the manufacturer's protocol,iScan,SAMPLE 16,"Illumina Normalization method with background correction, using minfi package in R 3.4.2",GPL21145,"Bekim,,Sadikovic",bekim.sadikovic@lhsc.on.ca,Pathology and Laboratory Medicine,University of Western Ontario,800 Commissioners Rd E,London,Ontario,N6A 5W9,Canada,ftp://ftp.ncbi.nlm.nih.gov/geo/samples/GSM3267nnn/GSM3267126/suppl/GSM3267126_202240580107_R06C01_Grn.idat.gz,ftp://ftp.ncbi.nlm.nih.gov/geo/samples/GSM3267nnn/GSM3267126/suppl/GSM3267126_202240580107_R06C01_Red.idat.gz,866091,Coffin-Siris syndrome,Whole Blood,cpgcorpus,,,,,,,,,,,,,,,,,,,,,,,,,,,,,,,,,,,,,,,,,,,,,,,,,,,,,,,,,,,,,,,,,,,,,,,,,,,,,,,,,,,,,,,,,,,,,,,,,,,,,,,,,,,,,,,,,,,,,,,,,,,,,,,,,,,,,,,,,,,,,,,,,,,,BAFopathy,"ARID1A,ARID1B,SMARCB1,SMARCA4,SMARCA2",614607; 135900; 614609; 614608; 601358,50.0,19.0,yes,CSS1,ARID1B
GSE116992_GPL21145_sample_16,GSE116992,GPL21145,BAFopathy,BAFopathy,"ARID1A,ARID1B,SMARCB1,SMARCA4,SMARCA2",case,ms1209_coffin-siris syndrome 4 ms1209 disease state: coffin-siris syndrome sample 17,"CpGCorpus,existing",True,True,False,cpgcorpus,2026-02-18T12:08:40.543840,data/ajhg2020/GSE116992/GPL21145/betas/QCDPB.arrow,ae8c0245f746bf774b0636a41b24d00e8db8bf680733ea49d277223958098d2b,22.0,865920.0,data/ajhg2020/GSE116992/GPL21145/metadata/metadata.arrow,44643b37822dd38dd82a4e2ff431aba9941f46f8558b3918a3dd505293ce1c74,GSM3267127,MS1209_Coffin-Siris Syndrome 4,GSM3267127,Public on Nov 07 2018,Jul 12 2018,Nov 07 2018,genomic,1,MS1209,Homo sapiens,disease state: Coffin-Siris syndrome,tissue: Whole Blood,N/A,N/A,genomic DNA,Standard DNA extraction from blood,Cy5 and Cy3,According to the manufacturer's protocol,9606,According to the manufacturer's protocol,iScan,SAMPLE 17,"Illumina Normalization method with background correction, using minfi package in R 3.4.2",GPL21145,"Bekim,,Sadikovic",bekim.sadikovic@lhsc.on.ca,Pathology and Laboratory Medicine,University of Western Ontario,800 Commissioners Rd E,London,Ontario,N6A 5W9,Canada,ftp://ftp.ncbi.nlm.nih.gov/geo/samples/GSM3267nnn/GSM3267127/suppl/GSM3267127_202240580157_R06C01_Grn.idat.gz,ftp://ftp.ncbi.nlm.nih.gov/geo/samples/GSM3267nnn/GSM3267127/suppl/GSM3267127_202240580157_R06C01_Red.idat.gz,866091,Coffin-Siris syndrome,Whole Blood,cpgcorpus,,,,,,,,,,,,,,,,,,,,,,,,,,,,,,,,,,,,,,,,,,,,,,,,,,,,,,,,,,,,,,,,,,,,,,,,,,,,,,,,,,,,,,,,,,,,,,,,,,,,,,,,,,,,,,,,,,,,,,,,,,,,,,,,,,,,,,,,,,,,,,,,,,,,BAFopathy,"ARID1A,ARID1B,SMARCB1,SMARCA4,SMARCA2",614607; 135900; 614609; 614608; 601358,50.0,19.0,yes,CSS1,ARID1B
GSE116992_GPL21145_sample_17,GSE116992,GPL21145,BAFopathy,BAFopathy,"ARID1A,ARID1B,SMARCB1,SMARCA4,SMARCA2",case,ms1212_coffin-siris syndrome 1 ms1212 disease state: coffin-siris syndrome sample 18,"CpGCorpus,existing",True,True,False,cpgcorpus,2026-02-18T12:08:40.543840,data/ajhg2020/GSE116992/GPL21145/betas/QCDPB.arrow,ae8c0245f746bf774b0636a41b24d00e8db8bf680733ea49d277223958098d2b,22.0,865920.0,data/ajhg2020/GSE116992/GPL21145/metadata/metadata.arrow,44643b37822dd38dd82a4e2ff431aba9941f46f8558b3918a3dd505293ce1c74,GSM3267128,MS1212_Coffin-Siris Syndrome 1,GSM3267128,Public on Nov 07 2018,Jul 12 2018,Nov 07 2018,genomic,1,MS1212,Homo sapiens,disease state: Coffin-Siris syndrome,tissue: Whole Blood,N/A,N/A,genomic DNA,Standard DNA extraction from blood,Cy5 and Cy3,According to the manufacturer's protocol,9606,According to the manufacturer's protocol,iScan,SAMPLE 18,"Illumina Normalization method with background correction, using minfi package in R 3.4.2",GPL21145,"Bekim,,Sadikovic",bekim.sadikovic@lhsc.on.ca,Pathology and Laboratory Medicine,University of Western Ontario,800 Commissioners Rd E,London,Ontario,N6A 5W9,Canada,ftp://ftp.ncbi.nlm.nih.gov/geo/samples/GSM3267nnn/GSM3267128/suppl/GSM3267128_202240580159_R01C01_Grn.idat.gz,ftp://ftp.ncbi.nlm.nih.gov/geo/samples/GSM3267nnn/GSM3267128/suppl/GSM3267128_202240580159_R01C01_Red.idat.gz,866091,Coffin-Siris syndrome,Whole Blood,cpgcorpus,,,,,,,,,,,,,,,,,,,,,,,,,,,,,,,,,,,,,,,,,,,,,,,,,,,,,,,,,,,,,,,,,,,,,,,,,,,,,,,,,,,,,,,,,,,,,,,,,,,,,,,,,,,,,,,,,,,,,,,,,,,,,,,,,,,,,,,,,,,,,,,,,,,,BAFopathy,"ARID1A,ARID1B,SMARCB1,SMARCA4,SMARCA2",614607; 135900; 614609; 614608; 601358,50.0,19.0,yes,CSS1,ARID1B
GSE116992_GPL21145_sample_18,GSE116992,GPL21145,BAFopathy,BAFopathy,"ARID1A,ARID1B,SMARCB1,SMARCA4,SMARCA2",case,ms1213_coffin-siris syndrome 1 ms1213 disease state: coffin-siris syndrome sample 19,"CpGCorpus,existing",True,True,False,cpgcorpus,2026-02-18T12:08:40.543840,data/ajhg2020/GSE116992/GPL21145/betas/QCDPB.arrow,ae8c0245f746bf774b0636a41b24d00e8db8bf680733ea49d277223958098d2b,22.0,865920.0,data/ajhg2020/GSE116992/GPL21145/metadata/metadata.arrow,44643b37822dd38dd82a4e2ff431aba9941f46f8558b3918a3dd505293ce1c74,GSM3267129,MS1213_Coffin-Siris Syndrome 1,GSM3267129,Public on Nov 07 2018,Jul 12 2018,Nov 07 2018,genomic,1,MS1213,Homo sapiens,disease state: Coffin-Siris syndrome,tissue: Whole Blood,N/A,N/A,genomic DNA,Standard DNA extraction from blood,Cy5 and Cy3,According to the manufacturer's protocol,9606,According to the manufacturer's protocol,iScan,SAMPLE 19,"Illumina Normalization method with background correction, using minfi package in R 3.4.2",GPL21145,"Bekim,,Sadikovic",bekim.sadikovic@lhsc.on.ca,Pathology and Laboratory Medicine,University of Western Ontario,800 Commissioners Rd E,London,Ontario,N6A 5W9,Canada,ftp://ftp.ncbi.nlm.nih.gov/geo/samples/GSM3267nnn/GSM3267129/suppl/GSM3267129_202240580159_R02C01_Grn.idat.gz,ftp://ftp.ncbi.nlm.nih.gov/geo/samples/GSM3267nnn/GSM3267129/suppl/GSM3267129_202240580159_R02C01_Red.idat.gz,866091,Coffin-Siris syndrome,Whole Blood,cpgcorpus,,,,,,,,,,,,,,,,,,,,,,,,,,,,,,,,,,,,,,,,,,,,,,,,,,,,,,,,,,,,,,,,,,,,,,,,,,,,,,,,,,,,,,,,,,,,,,,,,,,,,,,,,,,,,,,,,,,,,,,,,,,,,,,,,,,,,,,,,,,,,,,,,,,,BAFopathy,"ARID1A,ARID1B,SMARCB1,SMARCA4,SMARCA2",614607; 135900; 614609; 614608; 601358,50.0,19.0,yes,CSS1,ARID1B
GSE116992_GPL21145_sample_19,GSE116992,GPL21145,BAFopathy,BAFopathy,"ARID1A,ARID1B,SMARCB1,SMARCA4,SMARCA2",case,ms1215_coffin-siris syndrome 1 ms1215 disease state: coffin-siris syndrome sample 20,"CpGCorpus,existing",True,True,False,cpgcorpus,2026-02-18T12:08:40.543840,data/ajhg2020/GSE116992/GPL21145/betas/QCDPB.arrow,ae8c0245f746bf774b0636a41b24d00e8db8bf680733ea49d277223958098d2b,22.0,865920.0,data/ajhg2020/GSE116992/GPL21145/metadata/metadata.arrow,44643b37822dd38dd82a4e2ff431aba9941f46f8558b3918a3dd505293ce1c74,GSM3267130,MS1215_Coffin-Siris Syndrome 1,GSM3267130,Public on Nov 07 2018,Jul 12 2018,Nov 07 2018,genomic,1,MS1215,Homo sapiens,disease state: Coffin-Siris syndrome,tissue: Whole Blood,N/A,N/A,genomic DNA,Standard DNA extraction from blood,Cy5 and Cy3,According to the manufacturer's protocol,9606,According to the manufacturer's protocol,iScan,SAMPLE 20,"Illumina Normalization method with background correction, using minfi package in R 3.4.2",GPL21145,"Bekim,,Sadikovic",bekim.sadikovic@lhsc.on.ca,Pathology and Laboratory Medicine,University of Western Ontario,800 Commissioners Rd E,London,Ontario,N6A 5W9,Canada,ftp://ftp.ncbi.nlm.nih.gov/geo/samples/GSM3267nnn/GSM3267130/suppl/GSM3267130_202240580159_R04C01_Grn.idat.gz,ftp://ftp.ncbi.nlm.nih.gov/geo/samples/GSM3267nnn/GSM3267130/suppl/GSM3267130_202240580159_R04C01_Red.idat.gz,866091,Coffin-Siris syndrome,Whole Blood,cpgcorpus,,,,,,,,,,,,,,,,,,,,,,,,,,,,,,,,,,,,,,,,,,,,,,,,,,,,,,,,,,,,,,,,,,,,,,,,,,,,,,,,,,,,,,,,,,,,,,,,,,,,,,,,,,,,,,,,,,,,,,,,,,,,,,,,,,,,,,,,,,,,,,,,,,,,BAFopathy,"ARID1A,ARID1B,SMARCB1,SMARCA4,SMARCA2",614607; 135900; 614609; 614608; 601358,50.0,19.0,yes,CSS1,ARID1B
GSE116992_GPL21145_sample_20,GSE116992,GPL21145,BAFopathy,BAFopathy,"ARID1A,ARID1B,SMARCB1,SMARCA4,SMARCA2",case,ms1216_coffin-siris syndrome 1 ms1216 disease state: coffin-siris syndrome sample 21,"CpGCorpus,existing",True,True,False,cpgcorpus,2026-02-18T12:08:40.543840,data/ajhg2020/GSE116992/GPL21145/betas/QCDPB.arrow,ae8c0245f746bf774b0636a41b24d00e8db8bf680733ea49d277223958098d2b,22.0,865920.0,data/ajhg2020/GSE116992/GPL21145/metadata/metadata.arrow,44643b37822dd38dd82a4e2ff431aba9941f46f8558b3918a3dd505293ce1c74,GSM3267131,MS1216_Coffin-Siris Syndrome 1,GSM3267131,Public on Nov 07 2018,Jul 12 2018,Nov 07 2018,genomic,1,MS1216,Homo sapiens,disease state: Coffin-Siris syndrome,tissue: Whole Blood,N/A,N/A,genomic DNA,Standard DNA extraction from blood,Cy5 and Cy3,According to the manufacturer's protocol,9606,According to the manufacturer's protocol,iScan,SAMPLE 21,"Illumina Normalization method with background correction, using minfi package in R 3.4.2",GPL21145,"Bekim,,Sadikovic",bekim.sadikovic@lhsc.on.ca,Pathology and Laboratory Medicine,University of Western Ontario,800 Commissioners Rd E,London,Ontario,N6A 5W9,Canada,ftp://ftp.ncbi.nlm.nih.gov/geo/samples/GSM3267nnn/GSM3267131/suppl/GSM3267131_202240580159_R05C01_Grn.idat.gz,ftp://ftp.ncbi.nlm.nih.gov/geo/samples/GSM3267nnn/GSM3267131/suppl/GSM3267131_202240580159_R05C01_Red.idat.gz,866091,Coffin-Siris syndrome,Whole Blood,cpgcorpus,,,,,,,,,,,,,,,,,,,,,,,,,,,,,,,,,,,,,,,,,,,,,,,,,,,,,,,,,,,,,,,,,,,,,,,,,,,,,,,,,,,,,,,,,,,,,,,,,,,,,,,,,,,,,,,,,,,,,,,,,,,,,,,,,,,,,,,,,,,,,,,,,,,,BAFopathy,"ARID1A,ARID1B,SMARCB1,SMARCA4,SMARCA2",614607; 135900; 614609; 614608; 601358,50.0,19.0,yes,CSS1,ARID1B
GSE116992_GPL21145_sample_21,GSE116992,GPL21145,BAFopathy,BAFopathy,"ARID1A,ARID1B,SMARCB1,SMARCA4,SMARCA2",case,ms1217_coffin-siris syndrome 1 ms1217 disease state: coffin-siris syndrome sample 22,"CpGCorpus,existing",True,True,False,cpgcorpus,2026-02-18T12:08:40.543840,data/ajhg2020/GSE116992/GPL21145/betas/QCDPB.arrow,ae8c0245f746bf774b0636a41b24d00e8db8bf680733ea49d277223958098d2b,22.0,865920.0,data/ajhg2020/GSE116992/GPL21145/metadata/metadata.arrow,44643b37822dd38dd82a4e2ff431aba9941f46f8558b3918a3dd505293ce1c74,GSM3267132,MS1217_Coffin-Siris Syndrome 1,GSM3267132,Public on Nov 07 2018,Jul 12 2018,Nov 07 2018,genomic,1,MS1217,Homo sapiens,disease state: Coffin-Siris syndrome,tissue: Whole Blood,N/A,N/A,genomic DNA,Standard DNA extraction from blood,Cy5 and Cy3,According to the manufacturer's protocol,9606,According to the manufacturer's protocol,iScan,SAMPLE 22,"Illumina Normalization method with background correction, using minfi package in R 3.4.2",GPL21145,"Bekim,,Sadikovic",bekim.sadikovic@lhsc.on.ca,Pathology and Laboratory Medicine,University of Western Ontario,800 Commissioners Rd E,London,Ontario,N6A 5W9,Canada,ftp://ftp.ncbi.nlm.nih.gov/geo/samples/GSM3267nnn/GSM3267132/suppl/GSM3267132_202240580159_R06C01_Grn.idat.gz,ftp://ftp.ncbi.nlm.nih.gov/geo/samples/GSM3267nnn/GSM3267132/suppl/GSM3267132_202240580159_R06C01_Red.idat.gz,866091,Coffin-Siris syndrome,Whole Blood,cpgcorpus,,,,,,,,,,,,,,,,,,,,,,,,,,,,,,,,,,,,,,,,,,,,,,,,,,,,,,,,,,,,,,,,,,,,,,,,,,,,,,,,,,,,,,,,,,,,,,,,,,,,,,,,,,,,,,,,,,,,,,,,,,,,,,,,,,,,,,,,,,,,,,,,,,,,BAFopathy,"ARID1A,ARID1B,SMARCB1,SMARCA4,SMARCA2",614607; 135900; 614609; 614608; 601358,50.0,19.0,yes,CSS1,ARID1B
GSE116992_GPL21145_sample_22,GSE116992,GPL21145,BAFopathy,BAFopathy,"ARID1A,ARID1B,SMARCB1,SMARCA4,SMARCA2",case,none none none none,"CpGCorpus,existing",True,True,False,cpgcorpus,2026-02-18T12:08:40.543840,data/ajhg2020/GSE116992/GPL21145/betas/QCDPB.arrow,ae8c0245f746bf774b0636a41b24d00e8db8bf680733ea49d277223958098d2b,22.0,865920.0,data/ajhg2020/GSE116992/GPL21145/metadata/metadata.arrow,44643b37822dd38dd82a4e2ff431aba9941f46f8558b3918a3dd505293ce1c74,,,,,,,,,,,,,,,,,,,,,,,,,,,,,,,,,,,,,,,existing,GSE116992,GPL13534,BAFopathy,BAFopathy,"ARID1A,ARID1B,SMARCB1,SMARCA4,SMARCA2",case,ms0674_coffin-siris syndrome 1 ms0674 disease state: coffin-siris syndrome sample 1,"CpGCorpus,existing",True,True,False,cpgcorpus,2026-02-18T12:08:16.114837,data/ajhg2020/GSE116992/GPL13534/betas/QCDPB.arrow,fe0f76ef5a2ad4cd5fc014fb2292df31fa0c6aa32294a7a6b25cdbde88a44e99,7.0,485579.0,data/ajhg2020/GSE116992/GPL13534/metadata/metadata.arrow,370d204121de92891c6c4c644210b07df9b2517453e8d811b3fe2788d196e712,GSM3267080,MS0674_Coffin-Siris Syndrome 1,GSM3267080,Public on Nov 07 2018,Jul 12 2018,Nov 07 2018,genomic,1,MS0674,Homo sapiens,disease state: Coffin-Siris syndrome,tissue: Whole Blood,N/A,N/A,genomic DNA,Standard DNA extraction from blood,Cy5 and Cy3,According to the manufacturer's protocol,9606,According to the manufacturer's protocol,iScan,SAMPLE 1,"Illumina Normalization method with background correction, using minfi package in R 3.4.2",GPL13534,"Bekim,,Sadikovic",bekim.sadikovic@lhsc.on.ca,Pathology and Laboratory Medicine,University of Western Ontario,800 Commissioners Rd E,London,Ontario,N6A 5W9,Canada,ftp://ftp.ncbi.nlm.nih.gov/geo/samples/GSM3267nnn/GSM3267080/suppl/GSM3267080_101032560039_R02C01_Grn.idat.gz,ftp://ftp.ncbi.nlm.nih.gov/geo/samples/GSM3267nnn/GSM3267080/suppl/GSM3267080_101032560039_R02C01_Red.idat.gz,485512,Coffin-Siris syndrome,Whole Blood,cpgcorpus,,,,,,,,,,,,,,,,,,,,,,,,,,,,,,,,,,,,,,,,,,,,,,,,,,,,,,,,,,,,,,,,,,,,,,,,,,,,,BAFopathy,"ARID1A,ARID1B,SMARCB1,SMARCA4,SMARCA2",614607; 135900; 614609; 614608; 601358,50.0,19.0,yes,CSS1,ARID1B,,,,,,BAFopathy,"ARID1A,ARID1B,SMARCB1,SMARCA4,SMARCA2",614607; 135900; 614609; 614608; 601358,50.0,19.0,yes,CSS1,ARID1B
GSE116992_GPL21145_sample_23,GSE116992,GPL21145,BAFopathy,BAFopathy,"ARID1A,ARID1B,SMARCB1,SMARCA4,SMARCA2",case,none none none none,"CpGCorpus,existing",True,True,False,cpgcorpus,2026-02-18T12:08:40.543840,data/ajhg2020/GSE116992/GPL21145/betas/QCDPB.arrow,ae8c0245f746bf774b0636a41b24d00e8db8bf680733ea49d277223958098d2b,22.0,865920.0,data/ajhg2020/GSE116992/GPL21145/metadata/metadata.arrow,44643b37822dd38dd82a4e2ff431aba9941f46f8558b3918a3dd505293ce1c74,,,,,,,,,,,,,,,,,,,,,,,,,,,,,,,,,,,,,,,existing,GSE116992,GPL13534,BAFopathy,BAFopathy,"ARID1A,ARID1B,SMARCB1,SMARCA4,SMARCA2",case,ms0676_coffin-siris syndrome 1 ms0676 disease state: coffin-siris syndrome sample 2,"CpGCorpus,existing",True,True,False,cpgcorpus,2026-02-18T12:08:16.114837,data/ajhg2020/GSE116992/GPL13534/betas/QCDPB.arrow,fe0f76ef5a2ad4cd5fc014fb2292df31fa0c6aa32294a7a6b25cdbde88a44e99,7.0,485579.0,data/ajhg2020/GSE116992/GPL13534/metadata/metadata.arrow,370d204121de92891c6c4c644210b07df9b2517453e8d811b3fe2788d196e712,GSM3267081,MS0676_Coffin-Siris Syndrome 1,GSM3267081,Public on Nov 07 2018,Jul 12 2018,Nov 07 2018,genomic,1,MS0676,Homo sapiens,disease state: Coffin-Siris syndrome,tissue: Whole Blood,N/A,N/A,genomic DNA,Standard DNA extraction from blood,Cy5 and Cy3,According to the manufacturer's protocol,9606,According to the manufacturer's protocol,iScan,SAMPLE 2,"Illumina Normalization method with background correction, using minfi package in R 3.4.2",GPL13534,"Bekim,,Sadikovic",bekim.sadikovic@lhsc.on.ca,Pathology and Laboratory Medicine,University of Western Ontario,800 Commissioners Rd E,London,Ontario,N6A 5W9,Canada,ftp://ftp.ncbi.nlm.nih.gov/geo/samples/GSM3267nnn/GSM3267081/suppl/GSM3267081_101032560039_R03C01_Grn.idat.gz,ftp://ftp.ncbi.nlm.nih.gov/geo/samples/GSM3267nnn/GSM3267081/suppl/GSM3267081_101032560039_R03C01_Red.idat.gz,485512,Coffin-Siris syndrome,Whole Blood,cpgcorpus,,,,,,,,,,,,,,,,,,,,,,,,,,,,,,,,,,,,,,,,,,,,,,,,,,,,,,,,,,,,,,,,,,,,,,,,,,,,,BAFopathy,"ARID1A,ARID1B,SMARCB1,SMARCA4,SMARCA2",614607; 135900; 614609; 614608; 601358,50.0,19.0,yes,CSS1,ARID1B,,,,,,BAFopathy,"ARID1A,ARID1B,SMARCB1,SMARCA4,SMARCA2",614607; 135900; 614609; 614608; 601358,50.0,19.0,yes,CSS1,ARID1B
GSE116992_GPL21145_sample_24,GSE116992,GPL21145,BAFopathy,BAFopathy,"ARID1A,ARID1B,SMARCB1,SMARCA4,SMARCA2",case,none none none none,"CpGCorpus,existing",True,True,False,cpgcorpus,2026-02-18T12:08:40.543840,data/ajhg2020/GSE116992/GPL21145/betas/QCDPB.arrow,ae8c0245f746bf774b0636a41b24d00e8db8bf680733ea49d277223958098d2b,22.0,865920.0,data/ajhg2020/GSE116992/GPL21145/metadata/metadata.arrow,44643b37822dd38dd82a4e2ff431aba9941f46f8558b3918a3dd505293ce1c74,,,,,,,,,,,,,,,,,,,,,,,,,,,,,,,,,,,,,,,existing,GSE116992,GPL13534,BAFopathy,BAFopathy,"ARID1A,ARID1B,SMARCB1,SMARCA4,SMARCA2",case,ms0678_coffin-siris syndrome 1 ms0678 disease state: coffin-siris syndrome sample 3,"CpGCorpus,existing",True,True,False,cpgcorpus,2026-02-18T12:08:16.114837,data/ajhg2020/GSE116992/GPL13534/betas/QCDPB.arrow,fe0f76ef5a2ad4cd5fc014fb2292df31fa0c6aa32294a7a6b25cdbde88a44e99,7.0,485579.0,data/ajhg2020/GSE116992/GPL13534/metadata/metadata.arrow,370d204121de92891c6c4c644210b07df9b2517453e8d811b3fe2788d196e712,GSM3267082,MS0678_Coffin-Siris Syndrome 1,GSM3267082,Public on Nov 07 2018,Jul 12 2018,Nov 07 2018,genomic,1,MS0678,Homo sapiens,disease state: Coffin-Siris syndrome,tissue: Whole Blood,N/A,N/A,genomic DNA,Standard DNA extraction from blood,Cy5 and Cy3,According to the manufacturer's protocol,9606,According to the manufacturer's protocol,iScan,SAMPLE 3,"Illumina Normalization method with background correction, using minfi package in R 3.4.2",GPL13534,"Bekim,,Sadikovic",bekim.sadikovic@lhsc.on.ca,Pathology and Laboratory Medicine,University of Western Ontario,800 Commissioners Rd E,London,Ontario,N6A 5W9,Canada,ftp://ftp.ncbi.nlm.nih.gov/geo/samples/GSM3267nnn/GSM3267082/suppl/GSM3267082_101032560039_R04C01_Grn.idat.gz,ftp://ftp.ncbi.nlm.nih.gov/geo/samples/GSM3267nnn/GSM3267082/suppl/GSM3267082_101032560039_R04C01_Red.idat.gz,485512,Coffin-Siris syndrome,Whole Blood,cpgcorpus,,,,,,,,,,,,,,,,,,,,,,,,,,,,,,,,,,,,,,,,,,,,,,,,,,,,,,,,,,,,,,,,,,,,,,,,,,,,,BAFopathy,"ARID1A,ARID1B,SMARCB1,SMARCA4,SMARCA2",614607; 135900; 614609; 614608; 601358,50.0,19.0,yes,CSS1,ARID1B,,,,,,BAFopathy,"ARID1A,ARID1B,SMARCB1,SMARCA4,SMARCA2",614607; 135900; 614609; 614608; 601358,50.0,19.0,yes,CSS1,ARID1B
GSE116992_GPL21145_sample_25,GSE116992,GPL21145,BAFopathy,BAFopathy,"ARID1A,ARID1B,SMARCB1,SMARCA4,SMARCA2",case,none none none none,"CpGCorpus,existing",True,True,False,cpgcorpus,2026-02-18T12:08:40.543840,data/ajhg2020/GSE116992/GPL21145/betas/QCDPB.arrow,ae8c0245f746bf774b0636a41b24d00e8db8bf680733ea49d277223958098d2b,22.0,865920.0,data/ajhg2020/GSE116992/GPL21145/metadata/metadata.arrow,44643b37822dd38dd82a4e2ff431aba9941f46f8558b3918a3dd505293ce1c74,,,,,,,,,,,,,,,,,,,,,,,,,,,,,,,,,,,,,,,existing,GSE116992,GPL13534,BAFopathy,BAFopathy,"ARID1A,ARID1B,SMARCB1,SMARCA4,SMARCA2",case,ms0679_coffin-siris syndrome 3 ms0679 disease state: coffin-siris syndrome sample 4,"CpGCorpus,existing",True,True,False,cpgcorpus,2026-02-18T12:08:16.114837,data/ajhg2020/GSE116992/GPL13534/betas/QCDPB.arrow,fe0f76ef5a2ad4cd5fc014fb2292df31fa0c6aa32294a7a6b25cdbde88a44e99,7.0,485579.0,data/ajhg2020/GSE116992/GPL13534/metadata/metadata.arrow,370d204121de92891c6c4c644210b07df9b2517453e8d811b3fe2788d196e712,GSM3267083,MS0679_Coffin-Siris Syndrome 3,GSM3267083,Public on Nov 07 2018,Jul 12 2018,Nov 07 2018,genomic,1,MS0679,Homo sapiens,disease state: Coffin-Siris syndrome,tissue: Whole Blood,N/A,N/A,genomic DNA,Standard DNA extraction from blood,Cy5 and Cy3,According to the manufacturer's protocol,9606,According to the manufacturer's protocol,iScan,SAMPLE 4,"Illumina Normalization method with background correction, using minfi package in R 3.4.2",GPL13534,"Bekim,,Sadikovic",bekim.sadikovic@lhsc.on.ca,Pathology and Laboratory Medicine,University of Western Ontario,800 Commissioners Rd E,London,Ontario,N6A 5W9,Canada,ftp://ftp.ncbi.nlm.nih.gov/geo/samples/GSM3267nnn/GSM3267083/suppl/GSM3267083_101032560039_R04C02_Grn.idat.gz,ftp://ftp.ncbi.nlm.nih.gov/geo/samples/GSM3267nnn/GSM3267083/suppl/GSM3267083_101032560039_R04C02_Red.idat.gz,485512,Coffin-Siris syndrome,Whole Blood,cpgcorpus,,,,,,,,,,,,,,,,,,,,,,,,,,,,,,,,,,,,,,,,,,,,,,,,,,,,,,,,,,,,,,,,,,,,,,,,,,,,,BAFopathy,"ARID1A,ARID1B,SMARCB1,SMARCA4,SMARCA2",614607; 135900; 614609; 614608; 601358,50.0,19.0,yes,CSS3,SMARCB1,,,,,,BAFopathy,"ARID1A,ARID1B,SMARCB1,SMARCA4,SMARCA2",614607; 135900; 614609; 614608; 601358,50.0,19.0,yes,CSS3,SMARCB1
GSE116992_GPL21145_sample_26,GSE116992,GPL21145,BAFopathy,BAFopathy,"ARID1A,ARID1B,SMARCB1,SMARCA4,SMARCA2",case,none none none none,"CpGCorpus,existing",True,True,False,cpgcorpus,2026-02-18T12:08:40.543840,data/ajhg2020/GSE116992/GPL21145/betas/QCDPB.arrow,ae8c0245f746bf774b0636a41b24d00e8db8bf680733ea49d277223958098d2b,22.0,865920.0,data/ajhg2020/GSE116992/GPL21145/metadata/metadata.arrow,44643b37822dd38dd82a4e2ff431aba9941f46f8558b3918a3dd505293ce1c74,,,,,,,,,,,,,,,,,,,,,,,,,,,,,,,,,,,,,,,existing,GSE116992,GPL13534,BAFopathy,BAFopathy,"ARID1A,ARID1B,SMARCB1,SMARCA4,SMARCA2",case,ms0680_coffin-siris syndrome 1 ms0680 disease state: coffin-siris syndrome sample 5,"CpGCorpus,existing",True,True,False,cpgcorpus,2026-02-18T12:08:16.114837,data/ajhg2020/GSE116992/GPL13534/betas/QCDPB.arrow,fe0f76ef5a2ad4cd5fc014fb2292df31fa0c6aa32294a7a6b25cdbde88a44e99,7.0,485579.0,data/ajhg2020/GSE116992/GPL13534/metadata/metadata.arrow,370d204121de92891c6c4c644210b07df9b2517453e8d811b3fe2788d196e712,GSM3267084,MS0680_Coffin-Siris Syndrome 1,GSM3267084,Public on Nov 07 2018,Jul 12 2018,Nov 07 2018,genomic,1,MS0680,Homo sapiens,disease state: Coffin-Siris syndrome,tissue: Whole Blood,N/A,N/A,genomic DNA,Standard DNA extraction from blood,Cy5 and Cy3,According to the manufacturer's protocol,9606,According to the manufacturer's protocol,iScan,SAMPLE 5,"Illumina Normalization method with background correction, using minfi package in R 3.4.2",GPL13534,"Bekim,,Sadikovic",bekim.sadikovic@lhsc.on.ca,Pathology and Laboratory Medicine,University of Western Ontario,800 Commissioners Rd E,London,Ontario,N6A 5W9,Canada,ftp://ftp.ncbi.nlm.nih.gov/geo/samples/GSM3267nnn/GSM3267084/suppl/GSM3267084_101032560039_R05C01_Grn.idat.gz,ftp://ftp.ncbi.nlm.nih.gov/geo/samples/GSM3267nnn/GSM3267084/suppl/GSM3267084_101032560039_R05C01_Red.idat.gz,485512,Coffin-Siris syndrome,Whole Blood,cpgcorpus,,,,,,,,,,,,,,,,,,,,,,,,,,,,,,,,,,,,,,,,,,,,,,,,,,,,,,,,,,,,,,,,,,,,,,,,,,,,,BAFopathy,"ARID1A,ARID1B,SMARCB1,SMARCA4,SMARCA2",614607; 135900; 614609; 614608; 601358,50.0,19.0,yes,CSS1,ARID1B,,,,,,BAFopathy,"ARID1A,ARID1B,SMARCB1,SMARCA4,SMARCA2",614607; 135900; 614609; 614608; 601358,50.0,19.0,yes,CSS1,ARID1B
GSE116992_GPL21145_sample_27,GSE116992,GPL21145,BAFopathy,BAFopathy,"ARID1A,ARID1B,SMARCB1,SMARCA4,SMARCA2",case,none none none none,"CpGCorpus,existing",True,True,False,cpgcorpus,2026-02-18T12:08:40.543840,data/ajhg2020/GSE116992/GPL21145/betas/QCDPB.arrow,ae8c0245f746bf774b0636a41b24d00e8db8bf680733ea49d277223958098d2b,22.0,865920.0,data/ajhg2020/GSE116992/GPL21145/metadata/metadata.arrow,44643b37822dd38dd82a4e2ff431aba9941f46f8558b3918a3dd505293ce1c74,,,,,,,,,,,,,,,,,,,,,,,,,,,,,,,,,,,,,,,existing,GSE116992,GPL13534,BAFopathy,BAFopathy,"ARID1A,ARID1B,SMARCB1,SMARCA4,SMARCA2",case,ms0681_coffin-siris syndrome 3 ms0681 disease state: coffin-siris syndrome sample 6,"CpGCorpus,existing",True,True,False,cpgcorpus,2026-02-18T12:08:16.114837,data/ajhg2020/GSE116992/GPL13534/betas/QCDPB.arrow,fe0f76ef5a2ad4cd5fc014fb2292df31fa0c6aa32294a7a6b25cdbde88a44e99,7.0,485579.0,data/ajhg2020/GSE116992/GPL13534/metadata/metadata.arrow,370d204121de92891c6c4c644210b07df9b2517453e8d811b3fe2788d196e712,GSM3267085,MS0681_Coffin-Siris Syndrome 3,GSM3267085,Public on Nov 07 2018,Jul 12 2018,Nov 07 2018,genomic,1,MS0681,Homo sapiens,disease state: Coffin-Siris syndrome,tissue: Whole Blood,N/A,N/A,genomic DNA,Standard DNA extraction from blood,Cy5 and Cy3,According to the manufacturer's protocol,9606,According to the manufacturer's protocol,iScan,SAMPLE 6,"Illumina Normalization method with background correction, using minfi package in R 3.4.2",GPL13534,"Bekim,,Sadikovic",bekim.sadikovic@lhsc.on.ca,Pathology and Laboratory Medicine,University of Western Ontario,800 Commissioners Rd E,London,Ontario,N6A 5W9,Canada,ftp://ftp.ncbi.nlm.nih.gov/geo/samples/GSM3267nnn/GSM3267085/suppl/GSM3267085_101032560039_R05C02_Grn.idat.gz,ftp://ftp.ncbi.nlm.nih.gov/geo/samples/GSM3267nnn/GSM3267085/suppl/GSM3267085_101032560039_R05C02_Red.idat.gz,485512,Coffin-Siris syndrome,Whole Blood,cpgcorpus,,,,,,,,,,,,,,,,,,,,,,,,,,,,,,,,,,,,,,,,,,,,,,,,,,,,,,,,,,,,,,,,,,,,,,,,,,,,,BAFopathy,"ARID1A,ARID1B,SMARCB1,SMARCA4,SMARCA2",614607; 135900; 614609; 614608; 601358,50.0,19.0,yes,CSS1,ARID1B,,,,,,BAFopathy,"ARID1A,ARID1B,SMARCB1,SMARCA4,SMARCA2",614607; 135900; 614609; 614608; 601358,50.0,19.0,yes,CSS3,SMARCB1
GSE116992_GPL21145_sample_28,GSE116992,GPL21145,BAFopathy,BAFopathy,"ARID1A,ARID1B,SMARCB1,SMARCA4,SMARCA2",case,none none none none,"CpGCorpus,existing",True,True,False,cpgcorpus,2026-02-18T12:08:40.543840,data/ajhg2020/GSE116992/GPL21145/betas/QCDPB.arrow,ae8c0245f746bf774b0636a41b24d00e8db8bf680733ea49d277223958098d2b,22.0,865920.0,data/ajhg2020/GSE116992/GPL21145/metadata/metadata.arrow,44643b37822dd38dd82a4e2ff431aba9941f46f8558b3918a3dd505293ce1c74,,,,,,,,,,,,,,,,,,,,,,,,,,,,,,,,,,,,,,,existing,GSE116992,GPL13534,BAFopathy,BAFopathy,"ARID1A,ARID1B,SMARCB1,SMARCA4,SMARCA2",case,ms0683_coffin-siris syndrome 3 ms0683 disease state: coffin-siris syndrome sample 7,"CpGCorpus,existing",True,True,False,cpgcorpus,2026-02-18T12:08:16.114837,data/ajhg2020/GSE116992/GPL13534/betas/QCDPB.arrow,fe0f76ef5a2ad4cd5fc014fb2292df31fa0c6aa32294a7a6b25cdbde88a44e99,7.0,485579.0,data/ajhg2020/GSE116992/GPL13534/metadata/metadata.arrow,370d204121de92891c6c4c644210b07df9b2517453e8d811b3fe2788d196e712,GSM3267086,MS0683_Coffin-Siris Syndrome 3,GSM3267086,Public on Nov 07 2018,Jul 12 2018,Nov 07 2018,genomic,1,MS0683,Homo sapiens,disease state: Coffin-Siris syndrome,tissue: Whole Blood,N/A,N/A,genomic DNA,Standard DNA extraction from blood,Cy5 and Cy3,According to the manufacturer's protocol,9606,According to the manufacturer's protocol,iScan,SAMPLE 7,"Illumina Normalization method with background correction, using minfi package in R 3.4.2",GPL13534,"Bekim,,Sadikovic",bekim.sadikovic@lhsc.on.ca,Pathology and Laboratory Medicine,University of Western Ontario,800 Commissioners Rd E,London,Ontario,N6A 5W9,Canada,ftp://ftp.ncbi.nlm.nih.gov/geo/samples/GSM3267nnn/GSM3267086/suppl/GSM3267086_101032560039_R06C02_Grn.idat.gz,ftp://ftp.ncbi.nlm.nih.gov/geo/samples/GSM3267nnn/GSM3267086/suppl/GSM3267086_101032560039_R06C02_Red.idat.gz,485512,Coffin-Siris syndrome,Whole Blood,cpgcorpus,,,,,,,,,,,,,,,,,,,,,,,,,,,,,,,,,,,,,,,,,,,,,,,,,,,,,,,,,,,,,,,,,,,,,,,,,,,,,BAFopathy,"ARID1A,ARID1B,SMARCB1,SMARCA4,SMARCA2",614607; 135900; 614609; 614608; 601358,50.0,19.0,yes,CSS3,SMARCB1,,,,,,BAFopathy,"ARID1A,ARID1B,SMARCB1,SMARCA4,SMARCA2",614607; 135900; 614609; 614608; 601358,50.0,19.0,yes,CSS3,SMARCB1
GSE116992_GPL21145_sample_29,GSE116992,GPL21145,BAFopathy,BAFopathy,"ARID1A,ARID1B,SMARCB1,SMARCA4,SMARCA2",case,ms0674_coffin-siris syndrome 1 ms0674 disease state: coffin-siris syndrome sample 1,"CpGCorpus,existing",True,True,False,cpgcorpus,2026-02-18T12:08:40.543840,data/ajhg2020/GSE116992/GPL21145/betas/QCDPB.arrow,ae8c0245f746bf774b0636a41b24d00e8db8bf680733ea49d277223958098d2b,22.0,865920.0,data/ajhg2020/GSE116992/GPL21145/metadata/metadata.arrow,44643b37822dd38dd82a4e2ff431aba9941f46f8558b3918a3dd505293ce1c74,,,,,,,,,,,,,,,,,,,,,,,,,,,,,,,,,,,,,,,existing,GSE116992,GPL13534,BAFopathy,BAFopathy,"ARID1A,ARID1B,SMARCB1,SMARCA4,SMARCA2",case,none none none none,"CpGCorpus,existing",True,True,False,cpgcorpus,2026-02-18T12:08:16.114837,data/ajhg2020/GSE116992/GPL13534/betas/QCDPB.arrow,fe0f76ef5a2ad4cd5fc014fb2292df31fa0c6aa32294a7a6b25cdbde88a44e99,7.0,485579.0,data/ajhg2020/GSE116992/GPL13534/metadata/metadata.arrow,370d204121de92891c6c4c644210b07df9b2517453e8d811b3fe2788d196e712,,,,,,,,,,,,,,,,,,,,,,,,,,,,,,,,,,,,,,,existing,GSE116992,GPL13534,BAFopathy,BAFopathy,"ARID1A,ARID1B,SMARCB1,SMARCA4,SMARCA2",case,ms0674_coffin-siris syndrome 1 ms0674 disease state: coffin-siris syndrome sample 1,CpGCorpus,True,True,False,cpgcorpus,2026-02-18T12:08:16.114837,data/ajhg2020/GSE116992/GPL13534/betas/QCDPB.arrow,fe0f76ef5a2ad4cd5fc014fb2292df31fa0c6aa32294a7a6b25cdbde88a44e99,7.0,485579.0,data/ajhg2020/GSE116992/GPL13534/metadata/metadata.arrow,370d204121de92891c6c4c644210b07df9b2517453e8d811b3fe2788d196e712,GSM3267080,MS0674_Coffin-Siris Syndrome 1,GSM3267080,Public on Nov 07 2018,Jul 12 2018,Nov 07 2018,genomic,1,MS0674,Homo sapiens,disease state: Coffin-Siris syndrome,tissue: Whole Blood,N/A,N/A,genomic DNA,Standard DNA extraction from blood,Cy5 and Cy3,According to the manufacturer's protocol,9606,According to the manufacturer's protocol,iScan,SAMPLE 1,"Illumina Normalization method with background correction, using minfi package in R 3.4.2",GPL13534,"Bekim,,Sadikovic",bekim.sadikovic@lhsc.on.ca,Pathology and Laboratory Medicine,University of Western Ontario,800 Commissioners Rd E,London,Ontario,N6A 5W9,Canada,ftp://ftp.ncbi.nlm.nih.gov/geo/samples/GSM3267nnn/GSM3267080/suppl/GSM3267080_101032560039_R02C01_Grn.idat.gz,ftp://ftp.ncbi.nlm.nih.gov/geo/samples/GSM3267nnn/GSM3267080/suppl/GSM3267080_101032560039_R02C01_Red.idat.gz,485512,Coffin-Siris syndrome,Whole Blood,cpgcorpus,,,,,,BAFopathy,"ARID1A,ARID1B,SMARCB1,SMARCA4,SMARCA2",614607; 135900; 614609; 614608; 601358,50.0,19.0,yes,CSS1,ARID1B,,,,,,BAFopathy,"ARID1A,ARID1B,SMARCB1,SMARCA4,SMARCA2",614607; 135900; 614609; 614608; 601358,50.0,19.0,yes,CSS1,ARID1B,,,,,,BAFopathy,"ARID1A,ARID1B,SMARCB1,SMARCA4,SMARCA2",614607; 135900; 614609; 614608; 601358,50.0,19.0,yes,CSS1,ARID1B
GSE116992_GPL21145_sample_30,GSE116992,GPL21145,BAFopathy,BAFopathy,"ARID1A,ARID1B,SMARCB1,SMARCA4,SMARCA2",case,ms0676_coffin-siris syndrome 1 ms0676 disease state: coffin-siris syndrome sample 2,"CpGCorpus,existing",True,True,False,cpgcorpus,2026-02-18T12:08:40.543840,data/ajhg2020/GSE116992/GPL21145/betas/QCDPB.arrow,ae8c0245f746bf774b0636a41b24d00e8db8bf680733ea49d277223958098d2b,22.0,865920.0,data/ajhg2020/GSE116992/GPL21145/metadata/metadata.arrow,44643b37822dd38dd82a4e2ff431aba9941f46f8558b3918a3dd505293ce1c74,,,,,,,,,,,,,,,,,,,,,,,,,,,,,,,,,,,,,,,existing,GSE116992,GPL13534,BAFopathy,BAFopathy,"ARID1A,ARID1B,SMARCB1,SMARCA4,SMARCA2",case,none none none none,"CpGCorpus,existing",True,True,False,cpgcorpus,2026-02-18T12:08:16.114837,data/ajhg2020/GSE116992/GPL13534/betas/QCDPB.arrow,fe0f76ef5a2ad4cd5fc014fb2292df31fa0c6aa32294a7a6b25cdbde88a44e99,7.0,485579.0,data/ajhg2020/GSE116992/GPL13534/metadata/metadata.arrow,370d204121de92891c6c4c644210b07df9b2517453e8d811b3fe2788d196e712,,,,,,,,,,,,,,,,,,,,,,,,,,,,,,,,,,,,,,,existing,GSE116992,GPL13534,BAFopathy,BAFopathy,"ARID1A,ARID1B,SMARCB1,SMARCA4,SMARCA2",case,ms0676_coffin-siris syndrome 1 ms0676 disease state: coffin-siris syndrome sample 2,CpGCorpus,True,True,False,cpgcorpus,2026-02-18T12:08:16.114837,data/ajhg2020/GSE116992/GPL13534/betas/QCDPB.arrow,fe0f76ef5a2ad4cd5fc014fb2292df31fa0c6aa32294a7a6b25cdbde88a44e99,7.0,485579.0,data/ajhg2020/GSE116992/GPL13534/metadata/metadata.arrow,370d204121de92891c6c4c644210b07df9b2517453e8d811b3fe2788d196e712,GSM3267081,MS0676_Coffin-Siris Syndrome 1,GSM3267081,Public on Nov 07 2018,Jul 12 2018,Nov 07 2018,genomic,1,MS0676,Homo sapiens,disease state: Coffin-Siris syndrome,tissue: Whole Blood,N/A,N/A,genomic DNA,Standard DNA extraction from blood,Cy5 and Cy3,According to the manufacturer's protocol,9606,According to the manufacturer's protocol,iScan,SAMPLE 2,"Illumina Normalization method with background correction, using minfi package in R 3.4.2",GPL13534,"Bekim,,Sadikovic",bekim.sadikovic@lhsc.on.ca,Pathology and Laboratory Medicine,University of Western Ontario,800 Commissioners Rd E,London,Ontario,N6A 5W9,Canada,ftp://ftp.ncbi.nlm.nih.gov/geo/samples/GSM3267nnn/GSM3267081/suppl/GSM3267081_101032560039_R03C01_Grn.idat.gz,ftp://ftp.ncbi.nlm.nih.gov/geo/samples/GSM3267nnn/GSM3267081/suppl/GSM3267081_101032560039_R03C01_Red.idat.gz,485512,Coffin-Siris syndrome,Whole Blood,cpgcorpus,,,,,,BAFopathy,"ARID1A,ARID1B,SMARCB1,SMARCA4,SMARCA2",614607; 135900; 614609; 614608; 601358,50.0,19.0,yes,CSS1,ARID1B,,,,,,BAFopathy,"ARID1A,ARID1B,SMARCB1,SMARCA4,SMARCA2",614607; 135900; 614609; 614608; 601358,50.0,19.0,yes,CSS1,ARID1B,,,,,,BAFopathy,"ARID1A,ARID1B,SMARCB1,SMARCA4,SMARCA2",614607; 135900; 614609; 614608; 601358,50.0,19.0,yes,CSS1,ARID1B
GSE116992_GPL21145_sample_31,GSE116992,GPL21145,BAFopathy,BAFopathy,"ARID1A,ARID1B,SMARCB1,SMARCA4,SMARCA2",case,ms0678_coffin-siris syndrome 1 ms0678 disease state: coffin-siris syndrome sample 3,"CpGCorpus,existing",True,True,False,cpgcorpus,2026-02-18T12:08:40.543840,data/ajhg2020/GSE116992/GPL21145/betas/QCDPB.arrow,ae8c0245f746bf774b0636a41b24d00e8db8bf680733ea49d277223958098d2b,22.0,865920.0,data/ajhg2020/GSE116992/GPL21145/metadata/metadata.arrow,44643b37822dd38dd82a4e2ff431aba9941f46f8558b3918a3dd505293ce1c74,,,,,,,,,,,,,,,,,,,,,,,,,,,,,,,,,,,,,,,existing,GSE116992,GPL13534,BAFopathy,BAFopathy,"ARID1A,ARID1B,SMARCB1,SMARCA4,SMARCA2",case,none none none none,"CpGCorpus,existing",True,True,False,cpgcorpus,2026-02-18T12:08:16.114837,data/ajhg2020/GSE116992/GPL13534/betas/QCDPB.arrow,fe0f76ef5a2ad4cd5fc014fb2292df31fa0c6aa32294a7a6b25cdbde88a44e99,7.0,485579.0,data/ajhg2020/GSE116992/GPL13534/metadata/metadata.arrow,370d204121de92891c6c4c644210b07df9b2517453e8d811b3fe2788d196e712,,,,,,,,,,,,,,,,,,,,,,,,,,,,,,,,,,,,,,,existing,GSE116992,GPL13534,BAFopathy,BAFopathy,"ARID1A,ARID1B,SMARCB1,SMARCA4,SMARCA2",case,ms0678_coffin-siris syndrome 1 ms0678 disease state: coffin-siris syndrome sample 3,CpGCorpus,True,True,False,cpgcorpus,2026-02-18T12:08:16.114837,data/ajhg2020/GSE116992/GPL13534/betas/QCDPB.arrow,fe0f76ef5a2ad4cd5fc014fb2292df31fa0c6aa32294a7a6b25cdbde88a44e99,7.0,485579.0,data/ajhg2020/GSE116992/GPL13534/metadata/metadata.arrow,370d204121de92891c6c4c644210b07df9b2517453e8d811b3fe2788d196e712,GSM3267082,MS0678_Coffin-Siris Syndrome 1,GSM3267082,Public on Nov 07 2018,Jul 12 2018,Nov 07 2018,genomic,1,MS0678,Homo sapiens,disease state: Coffin-Siris syndrome,tissue: Whole Blood,N/A,N/A,genomic DNA,Standard DNA extraction from blood,Cy5 and Cy3,According to the manufacturer's protocol,9606,According to the manufacturer's protocol,iScan,SAMPLE 3,"Illumina Normalization method with background correction, using minfi package in R 3.4.2",GPL13534,"Bekim,,Sadikovic",bekim.sadikovic@lhsc.on.ca,Pathology and Laboratory Medicine,University of Western Ontario,800 Commissioners Rd E,London,Ontario,N6A 5W9,Canada,ftp://ftp.ncbi.nlm.nih.gov/geo/samples/GSM3267nnn/GSM3267082/suppl/GSM3267082_101032560039_R04C01_Grn.idat.gz,ftp://ftp.ncbi.nlm.nih.gov/geo/samples/GSM3267nnn/GSM3267082/suppl/GSM3267082_101032560039_R04C01_Red.idat.gz,485512,Coffin-Siris syndrome,Whole Blood,cpgcorpus,,,,,,BAFopathy,"ARID1A,ARID1B,SMARCB1,SMARCA4,SMARCA2",614607; 135900; 614609; 614608; 601358,50.0,19.0,yes,CSS1,ARID1B,,,,,,BAFopathy,"ARID1A,ARID1B,SMARCB1,SMARCA4,SMARCA2",614607; 135900; 614609; 614608; 601358,50.0,19.0,yes,CSS1,ARID1B,,,,,,BAFopathy,"ARID1A,ARID1B,SMARCB1,SMARCA4,SMARCA2",614607; 135900; 614609; 614608; 601358,50.0,19.0,yes,CSS1,ARID1B
GSE116992_GPL21145_sample_32,GSE116992,GPL21145,BAFopathy,BAFopathy,"ARID1A,ARID1B,SMARCB1,SMARCA4,SMARCA2",case,ms0679_coffin-siris syndrome 3 ms0679 disease state: coffin-siris syndrome sample 4,"CpGCorpus,existing",True,True,False,cpgcorpus,2026-02-18T12:08:40.543840,data/ajhg2020/GSE116992/GPL21145/betas/QCDPB.arrow,ae8c0245f746bf774b0636a41b24d00e8db8bf680733ea49d277223958098d2b,22.0,865920.0,data/ajhg2020/GSE116992/GPL21145/metadata/metadata.arrow,44643b37822dd38dd82a4e2ff431aba9941f46f8558b3918a3dd505293ce1c74,,,,,,,,,,,,,,,,,,,,,,,,,,,,,,,,,,,,,,,existing,GSE116992,GPL13534,BAFopathy,BAFopathy,"ARID1A,ARID1B,SMARCB1,SMARCA4,SMARCA2",case,none none none none,"CpGCorpus,existing",True,True,False,cpgcorpus,2026-02-18T12:08:16.114837,data/ajhg2020/GSE116992/GPL13534/betas/QCDPB.arrow,fe0f76ef5a2ad4cd5fc014fb2292df31fa0c6aa32294a7a6b25cdbde88a44e99,7.0,485579.0,data/ajhg2020/GSE116992/GPL13534/metadata/metadata.arrow,370d204121de92891c6c4c644210b07df9b2517453e8d811b3fe2788d196e712,,,,,,,,,,,,,,,,,,,,,,,,,,,,,,,,,,,,,,,existing,GSE116992,GPL13534,BAFopathy,BAFopathy,"ARID1A,ARID1B,SMARCB1,SMARCA4,SMARCA2",case,ms0679_coffin-siris syndrome 3 ms0679 disease state: coffin-siris syndrome sample 4,CpGCorpus,True,True,False,cpgcorpus,2026-02-18T12:08:16.114837,data/ajhg2020/GSE116992/GPL13534/betas/QCDPB.arrow,fe0f76ef5a2ad4cd5fc014fb2292df31fa0c6aa32294a7a6b25cdbde88a44e99,7.0,485579.0,data/ajhg2020/GSE116992/GPL13534/metadata/metadata.arrow,370d204121de92891c6c4c644210b07df9b2517453e8d811b3fe2788d196e712,GSM3267083,MS0679_Coffin-Siris Syndrome 3,GSM3267083,Public on Nov 07 2018,Jul 12 2018,Nov 07 2018,genomic,1,MS0679,Homo sapiens,disease state: Coffin-Siris syndrome,tissue: Whole Blood,N/A,N/A,genomic DNA,Standard DNA extraction from blood,Cy5 and Cy3,According to the manufacturer's protocol,9606,According to the manufacturer's protocol,iScan,SAMPLE 4,"Illumina Normalization method with background correction, using minfi package in R 3.4.2",GPL13534,"Bekim,,Sadikovic",bekim.sadikovic@lhsc.on.ca,Pathology and Laboratory Medicine,University of Western Ontario,800 Commissioners Rd E,London,Ontario,N6A 5W9,Canada,ftp://ftp.ncbi.nlm.nih.gov/geo/samples/GSM3267nnn/GSM3267083/suppl/GSM3267083_101032560039_R04C02_Grn.idat.gz,ftp://ftp.ncbi.nlm.nih.gov/geo/samples/GSM3267nnn/GSM3267083/suppl/GSM3267083_101032560039_R04C02_Red.idat.gz,485512,Coffin-Siris syndrome,Whole Blood,cpgcorpus,,,,,,BAFopathy,"ARID1A,ARID1B,SMARCB1,SMARCA4,SMARCA2",614607; 135900; 614609; 614608; 601358,50.0,19.0,yes,CSS3,SMARCB1,,,,,,BAFopathy,"ARID1A,ARID1B,SMARCB1,SMARCA4,SMARCA2",614607; 135900; 614609; 614608; 601358,50.0,19.0,yes,CSS3,SMARCB1,,,,,,BAFopathy,"ARID1A,ARID1B,SMARCB1,SMARCA4,SMARCA2",614607; 135900; 614609; 614608; 601358,50.0,19.0,yes,CSS3,SMARCB1
GSE116992_GPL21145_sample_33,GSE116992,GPL21145,BAFopathy,BAFopathy,"ARID1A,ARID1B,SMARCB1,SMARCA4,SMARCA2",case,ms0680_coffin-siris syndrome 1 ms0680 disease state: coffin-siris syndrome sample 5,"CpGCorpus,existing",True,True,False,cpgcorpus,2026-02-18T12:08:40.543840,data/ajhg2020/GSE116992/GPL21145/betas/QCDPB.arrow,ae8c0245f746bf774b0636a41b24d00e8db8bf680733ea49d277223958098d2b,22.0,865920.0,data/ajhg2020/GSE116992/GPL21145/metadata/metadata.arrow,44643b37822dd38dd82a4e2ff431aba9941f46f8558b3918a3dd505293ce1c74,,,,,,,,,,,,,,,,,,,,,,,,,,,,,,,,,,,,,,,existing,GSE116992,GPL13534,BAFopathy,BAFopathy,"ARID1A,ARID1B,SMARCB1,SMARCA4,SMARCA2",case,none none none none,"CpGCorpus,existing",True,True,False,cpgcorpus,2026-02-18T12:08:16.114837,data/ajhg2020/GSE116992/GPL13534/betas/QCDPB.arrow,fe0f76ef5a2ad4cd5fc014fb2292df31fa0c6aa32294a7a6b25cdbde88a44e99,7.0,485579.0,data/ajhg2020/GSE116992/GPL13534/metadata/metadata.arrow,370d204121de92891c6c4c644210b07df9b2517453e8d811b3fe2788d196e712,,,,,,,,,,,,,,,,,,,,,,,,,,,,,,,,,,,,,,,existing,GSE116992,GPL13534,BAFopathy,BAFopathy,"ARID1A,ARID1B,SMARCB1,SMARCA4,SMARCA2",case,ms0680_coffin-siris syndrome 1 ms0680 disease state: coffin-siris syndrome sample 5,CpGCorpus,True,True,False,cpgcorpus,2026-02-18T12:08:16.114837,data/ajhg2020/GSE116992/GPL13534/betas/QCDPB.arrow,fe0f76ef5a2ad4cd5fc014fb2292df31fa0c6aa32294a7a6b25cdbde88a44e99,7.0,485579.0,data/ajhg2020/GSE116992/GPL13534/metadata/metadata.arrow,370d204121de92891c6c4c644210b07df9b2517453e8d811b3fe2788d196e712,GSM3267084,MS0680_Coffin-Siris Syndrome 1,GSM3267084,Public on Nov 07 2018,Jul 12 2018,Nov 07 2018,genomic,1,MS0680,Homo sapiens,disease state: Coffin-Siris syndrome,tissue: Whole Blood,N/A,N/A,genomic DNA,Standard DNA extraction from blood,Cy5 and Cy3,According to the manufacturer's protocol,9606,According to the manufacturer's protocol,iScan,SAMPLE 5,"Illumina Normalization method with background correction, using minfi package in R 3.4.2",GPL13534,"Bekim,,Sadikovic",bekim.sadikovic@lhsc.on.ca,Pathology and Laboratory Medicine,University of Western Ontario,800 Commissioners Rd E,London,Ontario,N6A 5W9,Canada,ftp://ftp.ncbi.nlm.nih.gov/geo/samples/GSM3267nnn/GSM3267084/suppl/GSM3267084_101032560039_R05C01_Grn.idat.gz,ftp://ftp.ncbi.nlm.nih.gov/geo/samples/GSM3267nnn/GSM3267084/suppl/GSM3267084_101032560039_R05C01_Red.idat.gz,485512,Coffin-Siris syndrome,Whole Blood,cpgcorpus,,,,,,BAFopathy,"ARID1A,ARID1B,SMARCB1,SMARCA4,SMARCA2",614607; 135900; 614609; 614608; 601358,50.0,19.0,yes,CSS1,ARID1B,,,,,,BAFopathy,"ARID1A,ARID1B,SMARCB1,SMARCA4,SMARCA2",614607; 135900; 614609; 614608; 601358,50.0,19.0,yes,CSS1,ARID1B,,,,,,BAFopathy,"ARID1A,ARID1B,SMARCB1,SMARCA4,SMARCA2",614607; 135900; 614609; 614608; 601358,50.0,19.0,yes,CSS1,ARID1B
GSE116992_GPL21145_sample_34,GSE116992,GPL21145,BAFopathy,BAFopathy,"ARID1A,ARID1B,SMARCB1,SMARCA4,SMARCA2",case,ms0681_coffin-siris syndrome 3 ms0681 disease state: coffin-siris syndrome sample 6,"CpGCorpus,existing",True,True,False,cpgcorpus,2026-02-18T12:08:40.543840,data/ajhg2020/GSE116992/GPL21145/betas/QCDPB.arrow,ae8c0245f746bf774b0636a41b24d00e8db8bf680733ea49d277223958098d2b,22.0,865920.0,data/ajhg2020/GSE116992/GPL21145/metadata/metadata.arrow,44643b37822dd38dd82a4e2ff431aba9941f46f8558b3918a3dd505293ce1c74,,,,,,,,,,,,,,,,,,,,,,,,,,,,,,,,,,,,,,,existing,GSE116992,GPL13534,BAFopathy,BAFopathy,"ARID1A,ARID1B,SMARCB1,SMARCA4,SMARCA2",case,none none none none,"CpGCorpus,existing",True,True,False,cpgcorpus,2026-02-18T12:08:16.114837,data/ajhg2020/GSE116992/GPL13534/betas/QCDPB.arrow,fe0f76ef5a2ad4cd5fc014fb2292df31fa0c6aa32294a7a6b25cdbde88a44e99,7.0,485579.0,data/ajhg2020/GSE116992/GPL13534/metadata/metadata.arrow,370d204121de92891c6c4c644210b07df9b2517453e8d811b3fe2788d196e712,,,,,,,,,,,,,,,,,,,,,,,,,,,,,,,,,,,,,,,existing,GSE116992,GPL13534,BAFopathy,BAFopathy,"ARID1A,ARID1B,SMARCB1,SMARCA4,SMARCA2",case,ms0681_coffin-siris syndrome 3 ms0681 disease state: coffin-siris syndrome sample 6,CpGCorpus,True,True,False,cpgcorpus,2026-02-18T12:08:16.114837,data/ajhg2020/GSE116992/GPL13534/betas/QCDPB.arrow,fe0f76ef5a2ad4cd5fc014fb2292df31fa0c6aa32294a7a6b25cdbde88a44e99,7.0,485579.0,data/ajhg2020/GSE116992/GPL13534/metadata/metadata.arrow,370d204121de92891c6c4c644210b07df9b2517453e8d811b3fe2788d196e712,GSM3267085,MS0681_Coffin-Siris Syndrome 3,GSM3267085,Public on Nov 07 2018,Jul 12 2018,Nov 07 2018,genomic,1,MS0681,Homo sapiens,disease state: Coffin-Siris syndrome,tissue: Whole Blood,N/A,N/A,genomic DNA,Standard DNA extraction from blood,Cy5 and Cy3,According to the manufacturer's protocol,9606,According to the manufacturer's protocol,iScan,SAMPLE 6,"Illumina Normalization method with background correction, using minfi package in R 3.4.2",GPL13534,"Bekim,,Sadikovic",bekim.sadikovic@lhsc.on.ca,Pathology and Laboratory Medicine,University of Western Ontario,800 Commissioners Rd E,London,Ontario,N6A 5W9,Canada,ftp://ftp.ncbi.nlm.nih.gov/geo/samples/GSM3267nnn/GSM3267085/suppl/GSM3267085_101032560039_R05C02_Grn.idat.gz,ftp://ftp.ncbi.nlm.nih.gov/geo/samples/GSM3267nnn/GSM3267085/suppl/GSM3267085_101032560039_R05C02_Red.idat.gz,485512,Coffin-Siris syndrome,Whole Blood,cpgcorpus,,,,,,BAFopathy,"ARID1A,ARID1B,SMARCB1,SMARCA4,SMARCA2",614607; 135900; 614609; 614608; 601358,50.0,19.0,yes,CSS1,ARID1B,,,,,,BAFopathy,"ARID1A,ARID1B,SMARCB1,SMARCA4,SMARCA2",614607; 135900; 614609; 614608; 601358,50.0,19.0,yes,CSS3,SMARCB1,,,,,,BAFopathy,"ARID1A,ARID1B,SMARCB1,SMARCA4,SMARCA2",614607; 135900; 614609; 614608; 601358,50.0,19.0,yes,CSS1,ARID1B
GSE116992_GPL21145_sample_35,GSE116992,GPL21145,BAFopathy,BAFopathy,"ARID1A,ARID1B,SMARCB1,SMARCA4,SMARCA2",case,ms0683_coffin-siris syndrome 3 ms0683 disease state: coffin-siris syndrome sample 7,"CpGCorpus,existing",True,True,False,cpgcorpus,2026-02-18T12:08:40.543840,data/ajhg2020/GSE116992/GPL21145/betas/QCDPB.arrow,ae8c0245f746bf774b0636a41b24d00e8db8bf680733ea49d277223958098d2b,22.0,865920.0,data/ajhg2020/GSE116992/GPL21145/metadata/metadata.arrow,44643b37822dd38dd82a4e2ff431aba9941f46f8558b3918a3dd505293ce1c74,,,,,,,,,,,,,,,,,,,,,,,,,,,,,,,,,,,,,,,existing,GSE116992,GPL13534,BAFopathy,BAFopathy,"ARID1A,ARID1B,SMARCB1,SMARCA4,SMARCA2",case,none none none none,"CpGCorpus,existing",True,True,False,cpgcorpus,2026-02-18T12:08:16.114837,data/ajhg2020/GSE116992/GPL13534/betas/QCDPB.arrow,fe0f76ef5a2ad4cd5fc014fb2292df31fa0c6aa32294a7a6b25cdbde88a44e99,7.0,485579.0,data/ajhg2020/GSE116992/GPL13534/metadata/metadata.arrow,370d204121de92891c6c4c644210b07df9b2517453e8d811b3fe2788d196e712,,,,,,,,,,,,,,,,,,,,,,,,,,,,,,,,,,,,,,,existing,GSE116992,GPL13534,BAFopathy,BAFopathy,"ARID1A,ARID1B,SMARCB1,SMARCA4,SMARCA2",case,ms0683_coffin-siris syndrome 3 ms0683 disease state: coffin-siris syndrome sample 7,CpGCorpus,True,True,False,cpgcorpus,2026-02-18T12:08:16.114837,data/ajhg2020/GSE116992/GPL13534/betas/QCDPB.arrow,fe0f76ef5a2ad4cd5fc014fb2292df31fa0c6aa32294a7a6b25cdbde88a44e99,7.0,485579.0,data/ajhg2020/GSE116992/GPL13534/metadata/metadata.arrow,370d204121de92891c6c4c644210b07df9b2517453e8d811b3fe2788d196e712,GSM3267086,MS0683_Coffin-Siris Syndrome 3,GSM3267086,Public on Nov 07 2018,Jul 12 2018,Nov 07 2018,genomic,1,MS0683,Homo sapiens,disease state: Coffin-Siris syndrome,tissue: Whole Blood,N/A,N/A,genomic DNA,Standard DNA extraction from blood,Cy5 and Cy3,According to the manufacturer's protocol,9606,According to the manufacturer's protocol,iScan,SAMPLE 7,"Illumina Normalization method with background correction, using minfi package in R 3.4.2",GPL13534,"Bekim,,Sadikovic",bekim.sadikovic@lhsc.on.ca,Pathology and Laboratory Medicine,University of Western Ontario,800 Commissioners Rd E,London,Ontario,N6A 5W9,Canada,ftp://ftp.ncbi.nlm.nih.gov/geo/samples/GSM3267nnn/GSM3267086/suppl/GSM3267086_101032560039_R06C02_Grn.idat.gz,ftp://ftp.ncbi.nlm.nih.gov/geo/samples/GSM3267nnn/GSM3267086/suppl/GSM3267086_101032560039_R06C02_Red.idat.gz,485512,Coffin-Siris syndrome,Whole Blood,cpgcorpus,,,,,,BAFopathy,"ARID1A,ARID1B,SMARCB1,SMARCA4,SMARCA2",614607; 135900; 614609; 614608; 601358,50.0,19.0,yes,CSS3,SMARCB1,,,,,,BAFopathy,"ARID1A,ARID1B,SMARCB1,SMARCA4,SMARCA2",614607; 135900; 614609; 614608; 601358,50.0,19.0,yes,CSS3,SMARCB1,,,,,,BAFopathy,"ARID1A,ARID1B,SMARCB1,SMARCA4,SMARCA2",614607; 135900; 614609; 614608; 601358,50.0,19.0,yes,CSS3,SMARCB1
GSE116992_GPL21145_sample_36,GSE116992,GPL21145,BAFopathy,BAFopathy,"ARID1A,ARID1B,SMARCB1,SMARCA4,SMARCA2",case,ms1160_nicolaides-baraitser syndrome ms1160 disease state: nicolaides-baraitser syndrome sample 1,"CpGCorpus,existing",True,True,False,cpgcorpus,2026-02-18T12:08:40.543840,data/ajhg2020/GSE116992/GPL21145/betas/QCDPB.arrow,ae8c0245f746bf774b0636a41b24d00e8db8bf680733ea49d277223958098d2b,22.0,865920.0,data/ajhg2020/GSE116992/GPL21145/metadata/metadata.arrow,44643b37822dd38dd82a4e2ff431aba9941f46f8558b3918a3dd505293ce1c74,,,,,,,,,,,,,,,,,,,,,,,,,,,,,,,,,,,,,,,existing,GSE116992,GPL13534,BAFopathy,BAFopathy,"ARID1A,ARID1B,SMARCB1,SMARCA4,SMARCA2",case,none none none none,"CpGCorpus,existing",True,True,False,cpgcorpus,2026-02-18T12:08:16.114837,data/ajhg2020/GSE116992/GPL13534/betas/QCDPB.arrow,fe0f76ef5a2ad4cd5fc014fb2292df31fa0c6aa32294a7a6b25cdbde88a44e99,7.0,485579.0,data/ajhg2020/GSE116992/GPL13534/metadata/metadata.arrow,370d204121de92891c6c4c644210b07df9b2517453e8d811b3fe2788d196e712,,,,,,,,,,,,,,,,,,,,,,,,,,,,,,,,,,,,,,,existing,GSE116992,GPL21145,BAFopathy,BAFopathy,"ARID1A,ARID1B,SMARCB1,SMARCA4,SMARCA2",case,ms1160_nicolaides-baraitser syndrome ms1160 disease state: nicolaides-baraitser syndrome sample 1,CpGCorpus,True,True,False,cpgcorpus,2026-02-18T12:08:40.543840,data/ajhg2020/GSE116992/GPL21145/betas/QCDPB.arrow,ae8c0245f746bf774b0636a41b24d00e8db8bf680733ea49d277223958098d2b,22.0,865920.0,data/ajhg2020/GSE116992/GPL21145/metadata/metadata.arrow,44643b37822dd38dd82a4e2ff431aba9941f46f8558b3918a3dd505293ce1c74,GSM3267111,MS1160_Nicolaides-Baraitser syndrome,GSM3267111,Public on Nov 07 2018,Jul 12 2018,Nov 07 2018,genomic,1,MS1160,Homo sapiens,disease state: Nicolaides-Baraitser syndrome,tissue: Whole Blood,N/A,N/A,genomic DNA,Standard DNA extraction from blood,Cy5 and Cy3,According to the manufacturer's protocol,9606,According to the manufacturer's protocol,iScan,SAMPLE 1,"Illumina Normalization method with background correction, using minfi package in R 3.4.2",GPL21145,"Bekim,,Sadikovic",bekim.sadikovic@lhsc.on.ca,Pathology and Laboratory Medicine,University of Western Ontario,800 Commissioners Rd E,London,Ontario,N6A 5W9,Canada,ftp://ftp.ncbi.nlm.nih.gov/geo/samples/GSM3267nnn/GSM3267111/suppl/GSM3267111_200969820172_R05C01_Grn.idat.gz,ftp://ftp.ncbi.nlm.nih.gov/geo/samples/GSM3267nnn/GSM3267111/suppl/GSM3267111_200969820172_R05C01_Red.idat.gz,866091,Nicolaides-Baraitser syndrome,Whole Blood,cpgcorpus,,,,,,BAFopathy,"ARID1A,ARID1B,SMARCB1,SMARCA4,SMARCA2",614607; 135900; 614609; 614608; 601358,50.0,19.0,yes,NCBRS,SMARCA2,,,,,,BAFopathy,"ARID1A,ARID1B,SMARCB1,SMARCA4,SMARCA2",614607; 135900; 614609; 614608; 601358,50.0,19.0,yes,NCBRS,SMARCA2,,,,,,BAFopathy,"ARID1A,ARID1B,SMARCB1,SMARCA4,SMARCA2",614607; 135900; 614609; 614608; 601358,50.0,19.0,yes,NCBRS,SMARCA2
GSE116992_GPL21145_sample_37,GSE116992,GPL21145,BAFopathy,BAFopathy,"ARID1A,ARID1B,SMARCB1,SMARCA4,SMARCA2",case,ms1162_coffin-siris syndrome 3 ms1162 disease state: coffin-siris syndrome sample 2,"CpGCorpus,existing",True,True,False,cpgcorpus,2026-02-18T12:08:40.543840,data/ajhg2020/GSE116992/GPL21145/betas/QCDPB.arrow,ae8c0245f746bf774b0636a41b24d00e8db8bf680733ea49d277223958098d2b,22.0,865920.0,data/ajhg2020/GSE116992/GPL21145/metadata/metadata.arrow,44643b37822dd38dd82a4e2ff431aba9941f46f8558b3918a3dd505293ce1c74,,,,,,,,,,,,,,,,,,,,,,,,,,,,,,,,,,,,,,,existing,GSE116992,GPL13534,BAFopathy,BAFopathy,"ARID1A,ARID1B,SMARCB1,SMARCA4,SMARCA2",case,none none none none,"CpGCorpus,existing",True,True,False,cpgcorpus,2026-02-18T12:08:16.114837,data/ajhg2020/GSE116992/GPL13534/betas/QCDPB.arrow,fe0f76ef5a2ad4cd5fc014fb2292df31fa0c6aa32294a7a6b25cdbde88a44e99,7.0,485579.0,data/ajhg2020/GSE116992/GPL13534/metadata/metadata.arrow,370d204121de92891c6c4c644210b07df9b2517453e8d811b3fe2788d196e712,,,,,,,,,,,,,,,,,,,,,,,,,,,,,,,,,,,,,,,existing,GSE116992,GPL21145,BAFopathy,BAFopathy,"ARID1A,ARID1B,SMARCB1,SMARCA4,SMARCA2",case,ms1162_coffin-siris syndrome 3 ms1162 disease state: coffin-siris syndrome sample 2,CpGCorpus,True,True,False,cpgcorpus,2026-02-18T12:08:40.543840,data/ajhg2020/GSE116992/GPL21145/betas/QCDPB.arrow,ae8c0245f746bf774b0636a41b24d00e8db8bf680733ea49d277223958098d2b,22.0,865920.0,data/ajhg2020/GSE116992/GPL21145/metadata/metadata.arrow,44643b37822dd38dd82a4e2ff431aba9941f46f8558b3918a3dd505293ce1c74,GSM3267112,MS1162_Coffin-Siris Syndrome 3,GSM3267112,Public on Nov 07 2018,Jul 12 2018,Nov 07 2018,genomic,1,MS1162,Homo sapiens,disease state: Coffin-Siris syndrome,tissue: Whole Blood,N/A,N/A,genomic DNA,Standard DNA extraction from blood,Cy5 and Cy3,According to the manufacturer's protocol,9606,According to the manufacturer's protocol,iScan,SAMPLE 2,"Illumina Normalization method with background correction, using minfi package in R 3.4.2",GPL21145,"Bekim,,Sadikovic",bekim.sadikovic@lhsc.on.ca,Pathology and Laboratory Medicine,University of Western Ontario,800 Commissioners Rd E,London,Ontario,N6A 5W9,Canada,ftp://ftp.ncbi.nlm.nih.gov/geo/samples/GSM3267nnn/GSM3267112/suppl/GSM3267112_200969820172_R07C01_Grn.idat.gz,ftp://ftp.ncbi.nlm.nih.gov/geo/samples/GSM3267nnn/GSM3267112/suppl/GSM3267112_200969820172_R07C01_Red.idat.gz,866091,Coffin-Siris syndrome,Whole Blood,cpgcorpus,,,,,,BAFopathy,"ARID1A,ARID1B,SMARCB1,SMARCA4,SMARCA2",614607; 135900; 614609; 614608; 601358,50.0,19.0,yes,CSS1,ARID1B,,,,,,BAFopathy,"ARID1A,ARID1B,SMARCB1,SMARCA4,SMARCA2",614607; 135900; 614609; 614608; 601358,50.0,19.0,yes,CSS3,SMARCB1,,,,,,BAFopathy,"ARID1A,ARID1B,SMARCB1,SMARCA4,SMARCA2",614607; 135900; 614609; 614608; 601358,50.0,19.0,yes,CSS1,ARID1B
GSE116992_GPL21145_sample_38,GSE116992,GPL21145,BAFopathy,BAFopathy,"ARID1A,ARID1B,SMARCB1,SMARCA4,SMARCA2",case,ms1163_coffin-siris syndrome 3 ms1163 disease state: coffin-siris syndrome sample 3,"CpGCorpus,existing",True,True,False,cpgcorpus,2026-02-18T12:08:40.543840,data/ajhg2020/GSE116992/GPL21145/betas/QCDPB.arrow,ae8c0245f746bf774b0636a41b24d00e8db8bf680733ea49d277223958098d2b,22.0,865920.0,data/ajhg2020/GSE116992/GPL21145/metadata/metadata.arrow,44643b37822dd38dd82a4e2ff431aba9941f46f8558b3918a3dd505293ce1c74,,,,,,,,,,,,,,,,,,,,,,,,,,,,,,,,,,,,,,,existing,GSE116992,GPL13534,BAFopathy,BAFopathy,"ARID1A,ARID1B,SMARCB1,SMARCA4,SMARCA2",case,none none none none,"CpGCorpus,existing",True,True,False,cpgcorpus,2026-02-18T12:08:16.114837,data/ajhg2020/GSE116992/GPL13534/betas/QCDPB.arrow,fe0f76ef5a2ad4cd5fc014fb2292df31fa0c6aa32294a7a6b25cdbde88a44e99,7.0,485579.0,data/ajhg2020/GSE116992/GPL13534/metadata/metadata.arrow,370d204121de92891c6c4c644210b07df9b2517453e8d811b3fe2788d196e712,,,,,,,,,,,,,,,,,,,,,,,,,,,,,,,,,,,,,,,existing,GSE116992,GPL21145,BAFopathy,BAFopathy,"ARID1A,ARID1B,SMARCB1,SMARCA4,SMARCA2",case,ms1163_coffin-siris syndrome 3 ms1163 disease state: coffin-siris syndrome sample 3,CpGCorpus,True,True,False,cpgcorpus,2026-02-18T12:08:40.543840,data/ajhg2020/GSE116992/GPL21145/betas/QCDPB.arrow,ae8c0245f746bf774b0636a41b24d00e8db8bf680733ea49d277223958098d2b,22.0,865920.0,data/ajhg2020/GSE116992/GPL21145/metadata/metadata.arrow,44643b37822dd38dd82a4e2ff431aba9941f46f8558b3918a3dd505293ce1c74,GSM3267113,MS1163_Coffin-Siris Syndrome 3,GSM3267113,Public on Nov 07 2018,Jul 12 2018,Nov 07 2018,genomic,1,MS1163,Homo sapiens,disease state: Coffin-Siris syndrome,tissue: Whole Blood,N/A,N/A,genomic DNA,Standard DNA extraction from blood,Cy5 and Cy3,According to the manufacturer's protocol,9606,According to the manufacturer's protocol,iScan,SAMPLE 3,"Illumina Normalization method with background correction, using minfi package in R 3.4.2",GPL21145,"Bekim,,Sadikovic",bekim.sadikovic@lhsc.on.ca,Pathology and Laboratory Medicine,University of Western Ontario,800 Commissioners Rd E,London,Ontario,N6A 5W9,Canada,ftp://ftp.ncbi.nlm.nih.gov/geo/samples/GSM3267nnn/GSM3267113/suppl/GSM3267113_200969820172_R08C01_Grn.idat.gz,ftp://ftp.ncbi.nlm.nih.gov/geo/samples/GSM3267nnn/GSM3267113/suppl/GSM3267113_200969820172_R08C01_Red.idat.gz,866091,Coffin-Siris syndrome,Whole Blood,cpgcorpus,,,,,,BAFopathy,"ARID1A,ARID1B,SMARCB1,SMARCA4,SMARCA2",614607; 135900; 614609; 614608; 601358,50.0,19.0,yes,CSS1,ARID1B,,,,,,BAFopathy,"ARID1A,ARID1B,SMARCB1,SMARCA4,SMARCA2",614607; 135900; 614609; 614608; 601358,50.0,19.0,yes,CSS3,SMARCB1,,,,,,BAFopathy,"ARID1A,ARID1B,SMARCB1,SMARCA4,SMARCA2",614607; 135900; 614609; 614608; 601358,50.0,19.0,yes,CSS1,ARID1B
GSE116992_GPL21145_sample_39,GSE116992,GPL21145,BAFopathy,BAFopathy,"ARID1A,ARID1B,SMARCB1,SMARCA4,SMARCA2",case,ms1168_coffin-siris syndrome 4 ms1168 disease state: coffin-siris syndrome sample 4,"CpGCorpus,existing",True,True,False,cpgcorpus,2026-02-18T12:08:40.543840,data/ajhg2020/GSE116992/GPL21145/betas/QCDPB.arrow,ae8c0245f746bf774b0636a41b24d00e8db8bf680733ea49d277223958098d2b,22.0,865920.0,data/ajhg2020/GSE116992/GPL21145/metadata/metadata.arrow,44643b37822dd38dd82a4e2ff431aba9941f46f8558b3918a3dd505293ce1c74,,,,,,,,,,,,,,,,,,,,,,,,,,,,,,,,,,,,,,,existing,GSE116992,GPL13534,BAFopathy,BAFopathy,"ARID1A,ARID1B,SMARCB1,SMARCA4,SMARCA2",case,none none none none,"CpGCorpus,existing",True,True,False,cpgcorpus,2026-02-18T12:08:16.114837,data/ajhg2020/GSE116992/GPL13534/betas/QCDPB.arrow,fe0f76ef5a2ad4cd5fc014fb2292df31fa0c6aa32294a7a6b25cdbde88a44e99,7.0,485579.0,data/ajhg2020/GSE116992/GPL13534/metadata/metadata.arrow,370d204121de92891c6c4c644210b07df9b2517453e8d811b3fe2788d196e712,,,,,,,,,,,,,,,,,,,,,,,,,,,,,,,,,,,,,,,existing,GSE116992,GPL21145,BAFopathy,BAFopathy,"ARID1A,ARID1B,SMARCB1,SMARCA4,SMARCA2",case,ms1168_coffin-siris syndrome 4 ms1168 disease state: coffin-siris syndrome sample 4,CpGCorpus,True,True,False,cpgcorpus,2026-02-18T12:08:40.543840,data/ajhg2020/GSE116992/GPL21145/betas/QCDPB.arrow,ae8c0245f746bf774b0636a41b24d00e8db8bf680733ea49d277223958098d2b,22.0,865920.0,data/ajhg2020/GSE116992/GPL21145/metadata/metadata.arrow,44643b37822dd38dd82a4e2ff431aba9941f46f8558b3918a3dd505293ce1c74,GSM3267114,MS1168_Coffin-Siris Syndrome 4,GSM3267114,Public on Nov 07 2018,Jul 12 2018,Nov 07 2018,genomic,1,MS1168,Homo sapiens,disease state: Coffin-Siris syndrome,tissue: Whole Blood,N/A,N/A,genomic DNA,Standard DNA extraction from blood,Cy5 and Cy3,According to the manufacturer's protocol,9606,According to the manufacturer's protocol,iScan,SAMPLE 4,"Illumina Normalization method with background correction, using minfi package in R 3.4.2",GPL21145,"Bekim,,Sadikovic",bekim.sadikovic@lhsc.on.ca,Pathology and Laboratory Medicine,University of Western Ontario,800 Commissioners Rd E,London,Ontario,N6A 5W9,Canada,ftp://ftp.ncbi.nlm.nih.gov/geo/samples/GSM3267nnn/GSM3267114/suppl/GSM3267114_202081120218_R05C01_Grn.idat.gz,ftp://ftp.ncbi.nlm.nih.gov/geo/samples/GSM3267nnn/GSM3267114/suppl/GSM3267114_202081120218_R05C01_Red.idat.gz,866091,Coffin-Siris syndrome,Whole Blood,cpgcorpus,,,,,,BAFopathy,"ARID1A,ARID1B,SMARCB1,SMARCA4,SMARCA2",614607; 135900; 614609; 614608; 601358,50.0,19.0,yes,CSS1,ARID1B,,,,,,BAFopathy,"ARID1A,ARID1B,SMARCB1,SMARCA4,SMARCA2",614607; 135900; 614609; 614608; 601358,50.0,19.0,yes,CSS4,SMARCA4,,,,,,BAFopathy,"ARID1A,ARID1B,SMARCB1,SMARCA4,SMARCA2",614607; 135900; 614609; 614608; 601358,50.0,19.0,yes,CSS1,ARID1B
GSE116992_GPL21145_sample_40,GSE116992,GPL21145,BAFopathy,BAFopathy,"ARID1A,ARID1B,SMARCB1,SMARCA4,SMARCA2",case,ms1169_coffin-siris syndrome 1 ms1169 disease state: coffin-siris syndrome sample 5,"CpGCorpus,existing",True,True,False,cpgcorpus,2026-02-18T12:08:40.543840,data/ajhg2020/GSE116992/GPL21145/betas/QCDPB.arrow,ae8c0245f746bf774b0636a41b24d00e8db8bf680733ea49d277223958098d2b,22.0,865920.0,data/ajhg2020/GSE116992/GPL21145/metadata/metadata.arrow,44643b37822dd38dd82a4e2ff431aba9941f46f8558b3918a3dd505293ce1c74,,,,,,,,,,,,,,,,,,,,,,,,,,,,,,,,,,,,,,,existing,GSE116992,GPL13534,BAFopathy,BAFopathy,"ARID1A,ARID1B,SMARCB1,SMARCA4,SMARCA2",case,none none none none,"CpGCorpus,existing",True,True,False,cpgcorpus,2026-02-18T12:08:16.114837,data/ajhg2020/GSE116992/GPL13534/betas/QCDPB.arrow,fe0f76ef5a2ad4cd5fc014fb2292df31fa0c6aa32294a7a6b25cdbde88a44e99,7.0,485579.0,data/ajhg2020/GSE116992/GPL13534/metadata/metadata.arrow,370d204121de92891c6c4c644210b07df9b2517453e8d811b3fe2788d196e712,,,,,,,,,,,,,,,,,,,,,,,,,,,,,,,,,,,,,,,existing,GSE116992,GPL21145,BAFopathy,BAFopathy,"ARID1A,ARID1B,SMARCB1,SMARCA4,SMARCA2",case,ms1169_coffin-siris syndrome 1 ms1169 disease state: coffin-siris syndrome sample 5,CpGCorpus,True,True,False,cpgcorpus,2026-02-18T12:08:40.543840,data/ajhg2020/GSE116992/GPL21145/betas/QCDPB.arrow,ae8c0245f746bf774b0636a41b24d00e8db8bf680733ea49d277223958098d2b,22.0,865920.0,data/ajhg2020/GSE116992/GPL21145/metadata/metadata.arrow,44643b37822dd38dd82a4e2ff431aba9941f46f8558b3918a3dd505293ce1c74,GSM3267115,MS1169_Coffin-Siris Syndrome 1,GSM3267115,Public on Nov 07 2018,Jul 12 2018,Nov 07 2018,genomic,1,MS1169,Homo sapiens,disease state: Coffin-Siris syndrome,tissue: Whole Blood,N/A,N/A,genomic DNA,Standard DNA extraction from blood,Cy5 and Cy3,According to the manufacturer's protocol,9606,According to the manufacturer's protocol,iScan,SAMPLE 5,"Illumina Normalization method with background correction, using minfi package in R 3.4.2",GPL21145,"Bekim,,Sadikovic",bekim.sadikovic@lhsc.on.ca,Pathology and Laboratory Medicine,University of Western Ontario,800 Commissioners Rd E,London,Ontario,N6A 5W9,Canada,ftp://ftp.ncbi.nlm.nih.gov/geo/samples/GSM3267nnn/GSM3267115/suppl/GSM3267115_202081120218_R06C01_Grn.idat.gz,ftp://ftp.ncbi.nlm.nih.gov/geo/samples/GSM3267nnn/GSM3267115/suppl/GSM3267115_202081120218_R06C01_Red.idat.gz,866091,Coffin-Siris syndrome,Whole Blood,cpgcorpus,,,,,,BAFopathy,"ARID1A,ARID1B,SMARCB1,SMARCA4,SMARCA2",614607; 135900; 614609; 614608; 601358,50.0,19.0,yes,CSS1,ARID1B,,,,,,BAFopathy,"ARID1A,ARID1B,SMARCB1,SMARCA4,SMARCA2",614607; 135900; 614609; 614608; 601358,50.0,19.0,yes,CSS1,ARID1B,,,,,,BAFopathy,"ARID1A,ARID1B,SMARCB1,SMARCA4,SMARCA2",614607; 135900; 614609; 614608; 601358,50.0,19.0,yes,CSS1,ARID1B
GSE116992_GPL21145_sample_41,GSE116992,GPL21145,BAFopathy,BAFopathy,"ARID1A,ARID1B,SMARCB1,SMARCA4,SMARCA2",case,ms1170_coffin-siris syndrome 1 ms1170 disease state: coffin-siris syndrome sample 6,"CpGCorpus,existing",True,True,False,cpgcorpus,2026-02-18T12:08:40.543840,data/ajhg2020/GSE116992/GPL21145/betas/QCDPB.arrow,ae8c0245f746bf774b0636a41b24d00e8db8bf680733ea49d277223958098d2b,22.0,865920.0,data/ajhg2020/GSE116992/GPL21145/metadata/metadata.arrow,44643b37822dd38dd82a4e2ff431aba9941f46f8558b3918a3dd505293ce1c74,,,,,,,,,,,,,,,,,,,,,,,,,,,,,,,,,,,,,,,existing,GSE116992,GPL13534,BAFopathy,BAFopathy,"ARID1A,ARID1B,SMARCB1,SMARCA4,SMARCA2",case,none none none none,"CpGCorpus,existing",True,True,False,cpgcorpus,2026-02-18T12:08:16.114837,data/ajhg2020/GSE116992/GPL13534/betas/QCDPB.arrow,fe0f76ef5a2ad4cd5fc014fb2292df31fa0c6aa32294a7a6b25cdbde88a44e99,7.0,485579.0,data/ajhg2020/GSE116992/GPL13534/metadata/metadata.arrow,370d204121de92891c6c4c644210b07df9b2517453e8d811b3fe2788d196e712,,,,,,,,,,,,,,,,,,,,,,,,,,,,,,,,,,,,,,,existing,GSE116992,GPL21145,BAFopathy,BAFopathy,"ARID1A,ARID1B,SMARCB1,SMARCA4,SMARCA2",case,ms1170_coffin-siris syndrome 1 ms1170 disease state: coffin-siris syndrome sample 6,CpGCorpus,True,True,False,cpgcorpus,2026-02-18T12:08:40.543840,data/ajhg2020/GSE116992/GPL21145/betas/QCDPB.arrow,ae8c0245f746bf774b0636a41b24d00e8db8bf680733ea49d277223958098d2b,22.0,865920.0,data/ajhg2020/GSE116992/GPL21145/metadata/metadata.arrow,44643b37822dd38dd82a4e2ff431aba9941f46f8558b3918a3dd505293ce1c74,GSM3267116,MS1170_Coffin-Siris Syndrome 1,GSM3267116,Public on Nov 07 2018,Jul 12 2018,Nov 07 2018,genomic,1,MS1170,Homo sapiens,disease state: Coffin-Siris syndrome,tissue: Whole Blood,N/A,N/A,genomic DNA,Standard DNA extraction from blood,Cy5 and Cy3,According to the manufacturer's protocol,9606,According to the manufacturer's protocol,iScan,SAMPLE 6,"Illumina Normalization method with background correction, using minfi package in R 3.4.2",GPL21145,"Bekim,,Sadikovic",bekim.sadikovic@lhsc.on.ca,Pathology and Laboratory Medicine,University of Western Ontario,800 Commissioners Rd E,London,Ontario,N6A 5W9,Canada,ftp://ftp.ncbi.nlm.nih.gov/geo/samples/GSM3267nnn/GSM3267116/suppl/GSM3267116_202081120218_R07C01_Grn.idat.gz,ftp://ftp.ncbi.nlm.nih.gov/geo/samples/GSM3267nnn/GSM3267116/suppl/GSM3267116_202081120218_R07C01_Red.idat.gz,866091,Coffin-Siris syndrome,Whole Blood,cpgcorpus,,,,,,BAFopathy,"ARID1A,ARID1B,SMARCB1,SMARCA4,SMARCA2",614607; 135900; 614609; 614608; 601358,50.0,19.0,yes,CSS1,ARID1B,,,,,,BAFopathy,"ARID1A,ARID1B,SMARCB1,SMARCA4,SMARCA2",614607; 135900; 614609; 614608; 601358,50.0,19.0,yes,CSS1,ARID1B,,,,,,BAFopathy,"ARID1A,ARID1B,SMARCB1,SMARCA4,SMARCA2",614607; 135900; 614609; 614608; 601358,50.0,19.0,yes,CSS1,ARID1B
GSE116992_GPL21145_sample_42,GSE116992,GPL21145,BAFopathy,BAFopathy,"ARID1A,ARID1B,SMARCB1,SMARCA4,SMARCA2",case,ms1176_coffin-siris syndrome 1 ms1176 disease state: coffin-siris syndrome sample 7,"CpGCorpus,existing",True,True,False,cpgcorpus,2026-02-18T12:08:40.543840,data/ajhg2020/GSE116992/GPL21145/betas/QCDPB.arrow,ae8c0245f746bf774b0636a41b24d00e8db8bf680733ea49d277223958098d2b,22.0,865920.0,data/ajhg2020/GSE116992/GPL21145/metadata/metadata.arrow,44643b37822dd38dd82a4e2ff431aba9941f46f8558b3918a3dd505293ce1c74,,,,,,,,,,,,,,,,,,,,,,,,,,,,,,,,,,,,,,,existing,GSE116992,GPL13534,BAFopathy,BAFopathy,"ARID1A,ARID1B,SMARCB1,SMARCA4,SMARCA2",case,none none none none,"CpGCorpus,existing",True,True,False,cpgcorpus,2026-02-18T12:08:16.114837,data/ajhg2020/GSE116992/GPL13534/betas/QCDPB.arrow,fe0f76ef5a2ad4cd5fc014fb2292df31fa0c6aa32294a7a6b25cdbde88a44e99,7.0,485579.0,data/ajhg2020/GSE116992/GPL13534/metadata/metadata.arrow,370d204121de92891c6c4c644210b07df9b2517453e8d811b3fe2788d196e712,,,,,,,,,,,,,,,,,,,,,,,,,,,,,,,,,,,,,,,existing,GSE116992,GPL21145,BAFopathy,BAFopathy,"ARID1A,ARID1B,SMARCB1,SMARCA4,SMARCA2",case,ms1176_coffin-siris syndrome 1 ms1176 disease state: coffin-siris syndrome sample 7,CpGCorpus,True,True,False,cpgcorpus,2026-02-18T12:08:40.543840,data/ajhg2020/GSE116992/GPL21145/betas/QCDPB.arrow,ae8c0245f746bf774b0636a41b24d00e8db8bf680733ea49d277223958098d2b,22.0,865920.0,data/ajhg2020/GSE116992/GPL21145/metadata/metadata.arrow,44643b37822dd38dd82a4e2ff431aba9941f46f8558b3918a3dd505293ce1c74,GSM3267117,MS1176_Coffin-Siris Syndrome 1,GSM3267117,Public on Nov 07 2018,Jul 12 2018,Nov 07 2018,genomic,1,MS1176,Homo sapiens,disease state: Coffin-Siris syndrome,tissue: Whole Blood,N/A,N/A,genomic DNA,Standard DNA extraction from blood,Cy5 and Cy3,According to the manufacturer's protocol,9606,According to the manufacturer's protocol,iScan,SAMPLE 7,"Illumina Normalization method with background correction, using minfi package in R 3.4.2",GPL21145,"Bekim,,Sadikovic",bekim.sadikovic@lhsc.on.ca,Pathology and Laboratory Medicine,University of Western Ontario,800 Commissioners Rd E,London,Ontario,N6A 5W9,Canada,ftp://ftp.ncbi.nlm.nih.gov/geo/samples/GSM3267nnn/GSM3267117/suppl/GSM3267117_202081130042_R05C01_Grn.idat.gz,ftp://ftp.ncbi.nlm.nih.gov/geo/samples/GSM3267nnn/GSM3267117/suppl/GSM3267117_202081130042_R05C01_Red.idat.gz,866091,Coffin-Siris syndrome,Whole Blood,cpgcorpus,,,,,,BAFopathy,"ARID1A,ARID1B,SMARCB1,SMARCA4,SMARCA2",614607; 135900; 614609; 614608; 601358,50.0,19.0,yes,CSS1,ARID1B,,,,,,BAFopathy,"ARID1A,ARID1B,SMARCB1,SMARCA4,SMARCA2",614607; 135900; 614609; 614608; 601358,50.0,19.0,yes,CSS1,ARID1B,,,,,,BAFopathy,"ARID1A,ARID1B,SMARCB1,SMARCA4,SMARCA2",614607; 135900; 614609; 614608; 601358,50.0,19.0,yes,CSS1,ARID1B
GSE116992_GPL21145_sample_43,GSE116992,GPL21145,BAFopathy,BAFopathy,"ARID1A,ARID1B,SMARCB1,SMARCA4,SMARCA2",case,ms1177_coffin-siris syndrome 1 ms1177 disease state: coffin-siris syndrome sample 8,"CpGCorpus,existing",True,True,False,cpgcorpus,2026-02-18T12:08:40.543840,data/ajhg2020/GSE116992/GPL21145/betas/QCDPB.arrow,ae8c0245f746bf774b0636a41b24d00e8db8bf680733ea49d277223958098d2b,22.0,865920.0,data/ajhg2020/GSE116992/GPL21145/metadata/metadata.arrow,44643b37822dd38dd82a4e2ff431aba9941f46f8558b3918a3dd505293ce1c74,,,,,,,,,,,,,,,,,,,,,,,,,,,,,,,,,,,,,,,existing,GSE116992,GPL13534,BAFopathy,BAFopathy,"ARID1A,ARID1B,SMARCB1,SMARCA4,SMARCA2",case,none none none none,"CpGCorpus,existing",True,True,False,cpgcorpus,2026-02-18T12:08:16.114837,data/ajhg2020/GSE116992/GPL13534/betas/QCDPB.arrow,fe0f76ef5a2ad4cd5fc014fb2292df31fa0c6aa32294a7a6b25cdbde88a44e99,7.0,485579.0,data/ajhg2020/GSE116992/GPL13534/metadata/metadata.arrow,370d204121de92891c6c4c644210b07df9b2517453e8d811b3fe2788d196e712,,,,,,,,,,,,,,,,,,,,,,,,,,,,,,,,,,,,,,,existing,GSE116992,GPL21145,BAFopathy,BAFopathy,"ARID1A,ARID1B,SMARCB1,SMARCA4,SMARCA2",case,ms1177_coffin-siris syndrome 1 ms1177 disease state: coffin-siris syndrome sample 8,CpGCorpus,True,True,False,cpgcorpus,2026-02-18T12:08:40.543840,data/ajhg2020/GSE116992/GPL21145/betas/QCDPB.arrow,ae8c0245f746bf774b0636a41b24d00e8db8bf680733ea49d277223958098d2b,22.0,865920.0,data/ajhg2020/GSE116992/GPL21145/metadata/metadata.arrow,44643b37822dd38dd82a4e2ff431aba9941f46f8558b3918a3dd505293ce1c74,GSM3267118,MS1177_Coffin-Siris Syndrome 1,GSM3267118,Public on Nov 07 2018,Jul 12 2018,Nov 07 2018,genomic,1,MS1177,Homo sapiens,disease state: Coffin-Siris syndrome,tissue: Whole Blood,N/A,N/A,genomic DNA,Standard DNA extraction from blood,Cy5 and Cy3,According to the manufacturer's protocol,9606,According to the manufacturer's protocol,iScan,SAMPLE 8,"Illumina Normalization method with background correction, using minfi package in R 3.4.2",GPL21145,"Bekim,,Sadikovic",bekim.sadikovic@lhsc.on.ca,Pathology and Laboratory Medicine,University of Western Ontario,800 Commissioners Rd E,London,Ontario,N6A 5W9,Canada,ftp://ftp.ncbi.nlm.nih.gov/geo/samples/GSM3267nnn/GSM3267118/suppl/GSM3267118_202081130042_R06C01_Grn.idat.gz,ftp://ftp.ncbi.nlm.nih.gov/geo/samples/GSM3267nnn/GSM3267118/suppl/GSM3267118_202081130042_R06C01_Red.idat.gz,866091,Coffin-Siris syndrome,Whole Blood,cpgcorpus,,,,,,BAFopathy,"ARID1A,ARID1B,SMARCB1,SMARCA4,SMARCA2",614607; 135900; 614609; 614608; 601358,50.0,19.0,yes,CSS1,ARID1B,,,,,,BAFopathy,"ARID1A,ARID1B,SMARCB1,SMARCA4,SMARCA2",614607; 135900; 614609; 614608; 601358,50.0,19.0,yes,CSS1,ARID1B,,,,,,BAFopathy,"ARID1A,ARID1B,SMARCB1,SMARCA4,SMARCA2",614607; 135900; 614609; 614608; 601358,50.0,19.0,yes,CSS1,ARID1B
GSE116992_GPL21145_sample_44,GSE116992,GPL21145,BAFopathy,BAFopathy,"ARID1A,ARID1B,SMARCB1,SMARCA4,SMARCA2",case,ms1221_nicolaides-baraitser syndrome ms1221 disease state: nicolaides-baraitser syndrome sample 9,"CpGCorpus,existing",True,True,False,cpgcorpus,2026-02-18T12:08:40.543840,data/ajhg2020/GSE116992/GPL21145/betas/QCDPB.arrow,ae8c0245f746bf774b0636a41b24d00e8db8bf680733ea49d277223958098d2b,22.0,865920.0,data/ajhg2020/GSE116992/GPL21145/metadata/metadata.arrow,44643b37822dd38dd82a4e2ff431aba9941f46f8558b3918a3dd505293ce1c74,,,,,,,,,,,,,,,,,,,,,,,,,,,,,,,,,,,,,,,existing,GSE116992,GPL13534,BAFopathy,BAFopathy,"ARID1A,ARID1B,SMARCB1,SMARCA4,SMARCA2",case,none none none none,"CpGCorpus,existing",True,True,False,cpgcorpus,2026-02-18T12:08:16.114837,data/ajhg2020/GSE116992/GPL13534/betas/QCDPB.arrow,fe0f76ef5a2ad4cd5fc014fb2292df31fa0c6aa32294a7a6b25cdbde88a44e99,7.0,485579.0,data/ajhg2020/GSE116992/GPL13534/metadata/metadata.arrow,370d204121de92891c6c4c644210b07df9b2517453e8d811b3fe2788d196e712,,,,,,,,,,,,,,,,,,,,,,,,,,,,,,,,,,,,,,,existing,GSE116992,GPL21145,BAFopathy,BAFopathy,"ARID1A,ARID1B,SMARCB1,SMARCA4,SMARCA2",case,ms1221_nicolaides-baraitser syndrome ms1221 disease state: nicolaides-baraitser syndrome sample 9,CpGCorpus,True,True,False,cpgcorpus,2026-02-18T12:08:40.543840,data/ajhg2020/GSE116992/GPL21145/betas/QCDPB.arrow,ae8c0245f746bf774b0636a41b24d00e8db8bf680733ea49d277223958098d2b,22.0,865920.0,data/ajhg2020/GSE116992/GPL21145/metadata/metadata.arrow,44643b37822dd38dd82a4e2ff431aba9941f46f8558b3918a3dd505293ce1c74,GSM3267119,MS1221_Nicolaides-Baraitser syndrome,GSM3267119,Public on Nov 07 2018,Jul 12 2018,Nov 07 2018,genomic,1,MS1221,Homo sapiens,disease state: Nicolaides-Baraitser syndrome,tissue: Whole Blood,N/A,N/A,genomic DNA,Standard DNA extraction from blood,Cy5 and Cy3,According to the manufacturer's protocol,9606,According to the manufacturer's protocol,iScan,SAMPLE 9,"Illumina Normalization method with background correction, using minfi package in R 3.4.2",GPL21145,"Bekim,,Sadikovic",bekim.sadikovic@lhsc.on.ca,Pathology and Laboratory Medicine,University of Western Ontario,800 Commissioners Rd E,London,Ontario,N6A 5W9,Canada,ftp://ftp.ncbi.nlm.nih.gov/geo/samples/GSM3267nnn/GSM3267119/suppl/GSM3267119_202226320152_R02C01_Grn.idat.gz,ftp://ftp.ncbi.nlm.nih.gov/geo/samples/GSM3267nnn/GSM3267119/suppl/GSM3267119_202226320152_R02C01_Red.idat.gz,866091,Nicolaides-Baraitser syndrome,Whole Blood,cpgcorpus,,,,,,BAFopathy,"ARID1A,ARID1B,SMARCB1,SMARCA4,SMARCA2",614607; 135900; 614609; 614608; 601358,50.0,19.0,yes,NCBRS,SMARCA2,,,,,,BAFopathy,"ARID1A,ARID1B,SMARCB1,SMARCA4,SMARCA2",614607; 135900; 614609; 614608; 601358,50.0,19.0,yes,NCBRS,SMARCA2,,,,,,BAFopathy,"ARID1A,ARID1B,SMARCB1,SMARCA4,SMARCA2",614607; 135900; 614609; 614608; 601358,50.0,19.0,yes,NCBRS,SMARCA2
GSE116992_GPL21145_sample_45,GSE116992,GPL21145,BAFopathy,BAFopathy,"ARID1A,ARID1B,SMARCB1,SMARCA4,SMARCA2",case,ms1222_nicolaides-baraitser syndrome ms1222 disease state: nicolaides-baraitser syndrome sample 10,"CpGCorpus,existing",True,True,False,cpgcorpus,2026-02-18T12:08:40.543840,data/ajhg2020/GSE116992/GPL21145/betas/QCDPB.arrow,ae8c0245f746bf774b0636a41b24d00e8db8bf680733ea49d277223958098d2b,22.0,865920.0,data/ajhg2020/GSE116992/GPL21145/metadata/metadata.arrow,44643b37822dd38dd82a4e2ff431aba9941f46f8558b3918a3dd505293ce1c74,,,,,,,,,,,,,,,,,,,,,,,,,,,,,,,,,,,,,,,existing,GSE116992,GPL13534,BAFopathy,BAFopathy,"ARID1A,ARID1B,SMARCB1,SMARCA4,SMARCA2",case,none none none none,"CpGCorpus,existing",True,True,False,cpgcorpus,2026-02-18T12:08:16.114837,data/ajhg2020/GSE116992/GPL13534/betas/QCDPB.arrow,fe0f76ef5a2ad4cd5fc014fb2292df31fa0c6aa32294a7a6b25cdbde88a44e99,7.0,485579.0,data/ajhg2020/GSE116992/GPL13534/metadata/metadata.arrow,370d204121de92891c6c4c644210b07df9b2517453e8d811b3fe2788d196e712,,,,,,,,,,,,,,,,,,,,,,,,,,,,,,,,,,,,,,,existing,GSE116992,GPL21145,BAFopathy,BAFopathy,"ARID1A,ARID1B,SMARCB1,SMARCA4,SMARCA2",case,ms1222_nicolaides-baraitser syndrome ms1222 disease state: nicolaides-baraitser syndrome sample 10,CpGCorpus,True,True,False,cpgcorpus,2026-02-18T12:08:40.543840,data/ajhg2020/GSE116992/GPL21145/betas/QCDPB.arrow,ae8c0245f746bf774b0636a41b24d00e8db8bf680733ea49d277223958098d2b,22.0,865920.0,data/ajhg2020/GSE116992/GPL21145/metadata/metadata.arrow,44643b37822dd38dd82a4e2ff431aba9941f46f8558b3918a3dd505293ce1c74,GSM3267120,MS1222_Nicolaides-Baraitser syndrome,GSM3267120,Public on Nov 07 2018,Jul 12 2018,Nov 07 2018,genomic,1,MS1222,Homo sapiens,disease state: Nicolaides-Baraitser syndrome,tissue: Whole Blood,N/A,N/A,genomic DNA,Standard DNA extraction from blood,Cy5 and Cy3,According to the manufacturer's protocol,9606,According to the manufacturer's protocol,iScan,SAMPLE 10,"Illumina Normalization method with background correction, using minfi package in R 3.4.2",GPL21145,"Bekim,,Sadikovic",bekim.sadikovic@lhsc.on.ca,Pathology and Laboratory Medicine,University of Western Ontario,800 Commissioners Rd E,London,Ontario,N6A 5W9,Canada,ftp://ftp.ncbi.nlm.nih.gov/geo/samples/GSM3267nnn/GSM3267120/suppl/GSM3267120_202226320152_R03C01_Grn.idat.gz,ftp://ftp.ncbi.nlm.nih.gov/geo/samples/GSM3267nnn/GSM3267120/suppl/GSM3267120_202226320152_R03C01_Red.idat.gz,866091,Nicolaides-Baraitser syndrome,Whole Blood,cpgcorpus,,,,,,BAFopathy,"ARID1A,ARID1B,SMARCB1,SMARCA4,SMARCA2",614607; 135900; 614609; 614608; 601358,50.0,19.0,yes,NCBRS,SMARCA2,,,,,,BAFopathy,"ARID1A,ARID1B,SMARCB1,SMARCA4,SMARCA2",614607; 135900; 614609; 614608; 601358,50.0,19.0,yes,NCBRS,SMARCA2,,,,,,BAFopathy,"ARID1A,ARID1B,SMARCB1,SMARCA4,SMARCA2",614607; 135900; 614609; 614608; 601358,50.0,19.0,yes,NCBRS,SMARCA2
GSE116992_GPL21145_sample_46,GSE116992,GPL21145,BAFopathy,BAFopathy,"ARID1A,ARID1B,SMARCB1,SMARCA4,SMARCA2",case,ms1223_nicolaides-baraitser syndrome ms1223 disease state: nicolaides-baraitser syndrome sample 11,"CpGCorpus,existing",True,True,False,cpgcorpus,2026-02-18T12:08:40.543840,data/ajhg2020/GSE116992/GPL21145/betas/QCDPB.arrow,ae8c0245f746bf774b0636a41b24d00e8db8bf680733ea49d277223958098d2b,22.0,865920.0,data/ajhg2020/GSE116992/GPL21145/metadata/metadata.arrow,44643b37822dd38dd82a4e2ff431aba9941f46f8558b3918a3dd505293ce1c74,,,,,,,,,,,,,,,,,,,,,,,,,,,,,,,,,,,,,,,existing,GSE116992,GPL13534,BAFopathy,BAFopathy,"ARID1A,ARID1B,SMARCB1,SMARCA4,SMARCA2",case,none none none none,"CpGCorpus,existing",True,True,False,cpgcorpus,2026-02-18T12:08:16.114837,data/ajhg2020/GSE116992/GPL13534/betas/QCDPB.arrow,fe0f76ef5a2ad4cd5fc014fb2292df31fa0c6aa32294a7a6b25cdbde88a44e99,7.0,485579.0,data/ajhg2020/GSE116992/GPL13534/metadata/metadata.arrow,370d204121de92891c6c4c644210b07df9b2517453e8d811b3fe2788d196e712,,,,,,,,,,,,,,,,,,,,,,,,,,,,,,,,,,,,,,,existing,GSE116992,GPL21145,BAFopathy,BAFopathy,"ARID1A,ARID1B,SMARCB1,SMARCA4,SMARCA2",case,ms1223_nicolaides-baraitser syndrome ms1223 disease state: nicolaides-baraitser syndrome sample 11,CpGCorpus,True,True,False,cpgcorpus,2026-02-18T12:08:40.543840,data/ajhg2020/GSE116992/GPL21145/betas/QCDPB.arrow,ae8c0245f746bf774b0636a41b24d00e8db8bf680733ea49d277223958098d2b,22.0,865920.0,data/ajhg2020/GSE116992/GPL21145/metadata/metadata.arrow,44643b37822dd38dd82a4e2ff431aba9941f46f8558b3918a3dd505293ce1c74,GSM3267121,MS1223_Nicolaides-Baraitser syndrome,GSM3267121,Public on Nov 07 2018,Jul 12 2018,Nov 07 2018,genomic,1,MS1223,Homo sapiens,disease state: Nicolaides-Baraitser syndrome,tissue: Whole Blood,N/A,N/A,genomic DNA,Standard DNA extraction from blood,Cy5 and Cy3,According to the manufacturer's protocol,9606,According to the manufacturer's protocol,iScan,SAMPLE 11,"Illumina Normalization method with background correction, using minfi package in R 3.4.2",GPL21145,"Bekim,,Sadikovic",bekim.sadikovic@lhsc.on.ca,Pathology and Laboratory Medicine,University of Western Ontario,800 Commissioners Rd E,London,Ontario,N6A 5W9,Canada,ftp://ftp.ncbi.nlm.nih.gov/geo/samples/GSM3267nnn/GSM3267121/suppl/GSM3267121_202226320152_R04C01_Grn.idat.gz,ftp://ftp.ncbi.nlm.nih.gov/geo/samples/GSM3267nnn/GSM3267121/suppl/GSM3267121_202226320152_R04C01_Red.idat.gz,866091,Nicolaides-Baraitser syndrome,Whole Blood,cpgcorpus,,,,,,BAFopathy,"ARID1A,ARID1B,SMARCB1,SMARCA4,SMARCA2",614607; 135900; 614609; 614608; 601358,50.0,19.0,yes,NCBRS,SMARCA2,,,,,,BAFopathy,"ARID1A,ARID1B,SMARCB1,SMARCA4,SMARCA2",614607; 135900; 614609; 614608; 601358,50.0,19.0,yes,NCBRS,SMARCA2,,,,,,BAFopathy,"ARID1A,ARID1B,SMARCB1,SMARCA4,SMARCA2",614607; 135900; 614609; 614608; 601358,50.0,19.0,yes,NCBRS,SMARCA2
GSE116992_GPL21145_sample_47,GSE116992,GPL21145,BAFopathy,BAFopathy,"ARID1A,ARID1B,SMARCB1,SMARCA4,SMARCA2",case,ms1227_nicolaides-baraitser syndrome ms1227 disease state: nicolaides-baraitser syndrome sample 12,"CpGCorpus,existing",True,True,False,cpgcorpus,2026-02-18T12:08:40.543840,data/ajhg2020/GSE116992/GPL21145/betas/QCDPB.arrow,ae8c0245f746bf774b0636a41b24d00e8db8bf680733ea49d277223958098d2b,22.0,865920.0,data/ajhg2020/GSE116992/GPL21145/metadata/metadata.arrow,44643b37822dd38dd82a4e2ff431aba9941f46f8558b3918a3dd505293ce1c74,,,,,,,,,,,,,,,,,,,,,,,,,,,,,,,,,,,,,,,existing,GSE116992,GPL13534,BAFopathy,BAFopathy,"ARID1A,ARID1B,SMARCB1,SMARCA4,SMARCA2",case,none none none none,"CpGCorpus,existing",True,True,False,cpgcorpus,2026-02-18T12:08:16.114837,data/ajhg2020/GSE116992/GPL13534/betas/QCDPB.arrow,fe0f76ef5a2ad4cd5fc014fb2292df31fa0c6aa32294a7a6b25cdbde88a44e99,7.0,485579.0,data/ajhg2020/GSE116992/GPL13534/metadata/metadata.arrow,370d204121de92891c6c4c644210b07df9b2517453e8d811b3fe2788d196e712,,,,,,,,,,,,,,,,,,,,,,,,,,,,,,,,,,,,,,,existing,GSE116992,GPL21145,BAFopathy,BAFopathy,"ARID1A,ARID1B,SMARCB1,SMARCA4,SMARCA2",case,ms1227_nicolaides-baraitser syndrome ms1227 disease state: nicolaides-baraitser syndrome sample 12,CpGCorpus,True,True,False,cpgcorpus,2026-02-18T12:08:40.543840,data/ajhg2020/GSE116992/GPL21145/betas/QCDPB.arrow,ae8c0245f746bf774b0636a41b24d00e8db8bf680733ea49d277223958098d2b,22.0,865920.0,data/ajhg2020/GSE116992/GPL21145/metadata/metadata.arrow,44643b37822dd38dd82a4e2ff431aba9941f46f8558b3918a3dd505293ce1c74,GSM3267122,MS1227_Nicolaides-Baraitser syndrome,GSM3267122,Public on Nov 07 2018,Jul 12 2018,Nov 07 2018,genomic,1,MS1227,Homo sapiens,disease state: Nicolaides-Baraitser syndrome,tissue: Whole Blood,N/A,N/A,genomic DNA,Standard DNA extraction from blood,Cy5 and Cy3,According to the manufacturer's protocol,9606,According to the manufacturer's protocol,iScan,SAMPLE 12,"Illumina Normalization method with background correction, using minfi package in R 3.4.2",GPL21145,"Bekim,,Sadikovic",bekim.sadikovic@lhsc.on.ca,Pathology and Laboratory Medicine,University of Western Ontario,800 Commissioners Rd E,London,Ontario,N6A 5W9,Canada,ftp://ftp.ncbi.nlm.nih.gov/geo/samples/GSM3267nnn/GSM3267122/suppl/GSM3267122_202226320152_R08C01_Grn.idat.gz,ftp://ftp.ncbi.nlm.nih.gov/geo/samples/GSM3267nnn/GSM3267122/suppl/GSM3267122_202226320152_R08C01_Red.idat.gz,866091,Nicolaides-Baraitser syndrome,Whole Blood,cpgcorpus,,,,,,BAFopathy,"ARID1A,ARID1B,SMARCB1,SMARCA4,SMARCA2",614607; 135900; 614609; 614608; 601358,50.0,19.0,yes,NCBRS,SMARCA2,,,,,,BAFopathy,"ARID1A,ARID1B,SMARCB1,SMARCA4,SMARCA2",614607; 135900; 614609; 614608; 601358,50.0,19.0,yes,NCBRS,SMARCA2,,,,,,BAFopathy,"ARID1A,ARID1B,SMARCB1,SMARCA4,SMARCA2",614607; 135900; 614609; 614608; 601358,50.0,19.0,yes,NCBRS,SMARCA2
GSE116992_GPL21145_sample_48,GSE116992,GPL21145,BAFopathy,BAFopathy,"ARID1A,ARID1B,SMARCB1,SMARCA4,SMARCA2",case,ms1237_nicolaides-baraitser syndrome ms1237 disease state: nicolaides-baraitser syndrome sample 13,"CpGCorpus,existing",True,True,False,cpgcorpus,2026-02-18T12:08:40.543840,data/ajhg2020/GSE116992/GPL21145/betas/QCDPB.arrow,ae8c0245f746bf774b0636a41b24d00e8db8bf680733ea49d277223958098d2b,22.0,865920.0,data/ajhg2020/GSE116992/GPL21145/metadata/metadata.arrow,44643b37822dd38dd82a4e2ff431aba9941f46f8558b3918a3dd505293ce1c74,,,,,,,,,,,,,,,,,,,,,,,,,,,,,,,,,,,,,,,existing,GSE116992,GPL13534,BAFopathy,BAFopathy,"ARID1A,ARID1B,SMARCB1,SMARCA4,SMARCA2",case,none none none none,"CpGCorpus,existing",True,True,False,cpgcorpus,2026-02-18T12:08:16.114837,data/ajhg2020/GSE116992/GPL13534/betas/QCDPB.arrow,fe0f76ef5a2ad4cd5fc014fb2292df31fa0c6aa32294a7a6b25cdbde88a44e99,7.0,485579.0,data/ajhg2020/GSE116992/GPL13534/metadata/metadata.arrow,370d204121de92891c6c4c644210b07df9b2517453e8d811b3fe2788d196e712,,,,,,,,,,,,,,,,,,,,,,,,,,,,,,,,,,,,,,,existing,GSE116992,GPL21145,BAFopathy,BAFopathy,"ARID1A,ARID1B,SMARCB1,SMARCA4,SMARCA2",case,ms1237_nicolaides-baraitser syndrome ms1237 disease state: nicolaides-baraitser syndrome sample 13,CpGCorpus,True,True,False,cpgcorpus,2026-02-18T12:08:40.543840,data/ajhg2020/GSE116992/GPL21145/betas/QCDPB.arrow,ae8c0245f746bf774b0636a41b24d00e8db8bf680733ea49d277223958098d2b,22.0,865920.0,data/ajhg2020/GSE116992/GPL21145/metadata/metadata.arrow,44643b37822dd38dd82a4e2ff431aba9941f46f8558b3918a3dd505293ce1c74,GSM3267123,MS1237_Nicolaides-Baraitser syndrome,GSM3267123,Public on Nov 07 2018,Jul 12 2018,Nov 07 2018,genomic,1,MS1237,Homo sapiens,disease state: Nicolaides-Baraitser syndrome,tissue: Whole Blood,N/A,N/A,genomic DNA,Standard DNA extraction from blood,Cy5 and Cy3,According to the manufacturer's protocol,9606,According to the manufacturer's protocol,iScan,SAMPLE 13,"Illumina Normalization method with background correction, using minfi package in R 3.4.2",GPL21145,"Bekim,,Sadikovic",bekim.sadikovic@lhsc.on.ca,Pathology and Laboratory Medicine,University of Western Ontario,800 Commissioners Rd E,London,Ontario,N6A 5W9,Canada,ftp://ftp.ncbi.nlm.nih.gov/geo/samples/GSM3267nnn/GSM3267123/suppl/GSM3267123_202226320201_R02C01_Grn.idat.gz,ftp://ftp.ncbi.nlm.nih.gov/geo/samples/GSM3267nnn/GSM3267123/suppl/GSM3267123_202226320201_R02C01_Red.idat.gz,866091,Nicolaides-Baraitser syndrome,Whole Blood,cpgcorpus,,,,,,BAFopathy,"ARID1A,ARID1B,SMARCB1,SMARCA4,SMARCA2",614607; 135900; 614609; 614608; 601358,50.0,19.0,yes,NCBRS,SMARCA2,,,,,,BAFopathy,"ARID1A,ARID1B,SMARCB1,SMARCA4,SMARCA2",614607; 135900; 614609; 614608; 601358,50.0,19.0,yes,NCBRS,SMARCA2,,,,,,BAFopathy,"ARID1A,ARID1B,SMARCB1,SMARCA4,SMARCA2",614607; 135900; 614609; 614608; 601358,50.0,19.0,yes,NCBRS,SMARCA2
GSE116992_GPL21145_sample_49,GSE116992,GPL21145,BAFopathy,BAFopathy,"ARID1A,ARID1B,SMARCB1,SMARCA4,SMARCA2",case,ms1238_nicolaides-baraitser syndrome ms1238 disease state: nicolaides-baraitser syndrome sample 14,"CpGCorpus,existing",True,True,False,cpgcorpus,2026-02-18T12:08:40.543840,data/ajhg2020/GSE116992/GPL21145/betas/QCDPB.arrow,ae8c0245f746bf774b0636a41b24d00e8db8bf680733ea49d277223958098d2b,22.0,865920.0,data/ajhg2020/GSE116992/GPL21145/metadata/metadata.arrow,44643b37822dd38dd82a4e2ff431aba9941f46f8558b3918a3dd505293ce1c74,,,,,,,,,,,,,,,,,,,,,,,,,,,,,,,,,,,,,,,existing,GSE116992,GPL13534,BAFopathy,BAFopathy,"ARID1A,ARID1B,SMARCB1,SMARCA4,SMARCA2",case,none none none none,"CpGCorpus,existing",True,True,False,cpgcorpus,2026-02-18T12:08:16.114837,data/ajhg2020/GSE116992/GPL13534/betas/QCDPB.arrow,fe0f76ef5a2ad4cd5fc014fb2292df31fa0c6aa32294a7a6b25cdbde88a44e99,7.0,485579.0,data/ajhg2020/GSE116992/GPL13534/metadata/metadata.arrow,370d204121de92891c6c4c644210b07df9b2517453e8d811b3fe2788d196e712,,,,,,,,,,,,,,,,,,,,,,,,,,,,,,,,,,,,,,,existing,GSE116992,GPL21145,BAFopathy,BAFopathy,"ARID1A,ARID1B,SMARCB1,SMARCA4,SMARCA2",case,ms1238_nicolaides-baraitser syndrome ms1238 disease state: nicolaides-baraitser syndrome sample 14,CpGCorpus,True,True,False,cpgcorpus,2026-02-18T12:08:40.543840,data/ajhg2020/GSE116992/GPL21145/betas/QCDPB.arrow,ae8c0245f746bf774b0636a41b24d00e8db8bf680733ea49d277223958098d2b,22.0,865920.0,data/ajhg2020/GSE116992/GPL21145/metadata/metadata.arrow,44643b37822dd38dd82a4e2ff431aba9941f46f8558b3918a3dd505293ce1c74,GSM3267124,MS1238_Nicolaides-Baraitser syndrome,GSM3267124,Public on Nov 07 2018,Jul 12 2018,Nov 07 2018,genomic,1,MS1238,Homo sapiens,disease state: Nicolaides-Baraitser syndrome,tissue: Whole Blood,N/A,N/A,genomic DNA,Standard DNA extraction from blood,Cy5 and Cy3,According to the manufacturer's protocol,9606,According to the manufacturer's protocol,iScan,SAMPLE 14,"Illumina Normalization method with background correction, using minfi package in R 3.4.2",GPL21145,"Bekim,,Sadikovic",bekim.sadikovic@lhsc.on.ca,Pathology and Laboratory Medicine,University of Western Ontario,800 Commissioners Rd E,London,Ontario,N6A 5W9,Canada,ftp://ftp.ncbi.nlm.nih.gov/geo/samples/GSM3267nnn/GSM3267124/suppl/GSM3267124_202226320201_R03C01_Grn.idat.gz,ftp://ftp.ncbi.nlm.nih.gov/geo/samples/GSM3267nnn/GSM3267124/suppl/GSM3267124_202226320201_R03C01_Red.idat.gz,866091,Nicolaides-Baraitser syndrome,Whole Blood,cpgcorpus,,,,,,BAFopathy,"ARID1A,ARID1B,SMARCB1,SMARCA4,SMARCA2",614607; 135900; 614609; 614608; 601358,50.0,19.0,yes,NCBRS,SMARCA2,,,,,,BAFopathy,"ARID1A,ARID1B,SMARCB1,SMARCA4,SMARCA2",614607; 135900; 614609; 614608; 601358,50.0,19.0,yes,NCBRS,SMARCA2,,,,,,BAFopathy,"ARID1A,ARID1B,SMARCB1,SMARCA4,SMARCA2",614607; 135900; 614609; 614608; 601358,50.0,19.0,yes,NCBRS,SMARCA2
GSE116992_GPL21145_sample_50,GSE116992,GPL21145,BAFopathy,BAFopathy,"ARID1A,ARID1B,SMARCB1,SMARCA4,SMARCA2",case,ms1243_nicolaides-baraitser syndrome ms1243 disease state: nicolaides-baraitser syndrome sample 15,"CpGCorpus,existing",True,True,False,cpgcorpus,2026-02-18T12:08:40.543840,data/ajhg2020/GSE116992/GPL21145/betas/QCDPB.arrow,ae8c0245f746bf774b0636a41b24d00e8db8bf680733ea49d277223958098d2b,22.0,865920.0,data/ajhg2020/GSE116992/GPL21145/metadata/metadata.arrow,44643b37822dd38dd82a4e2ff431aba9941f46f8558b3918a3dd505293ce1c74,,,,,,,,,,,,,,,,,,,,,,,,,,,,,,,,,,,,,,,existing,GSE116992,GPL13534,BAFopathy,BAFopathy,"ARID1A,ARID1B,SMARCB1,SMARCA4,SMARCA2",case,none none none none,"CpGCorpus,existing",True,True,False,cpgcorpus,2026-02-18T12:08:16.114837,data/ajhg2020/GSE116992/GPL13534/betas/QCDPB.arrow,fe0f76ef5a2ad4cd5fc014fb2292df31fa0c6aa32294a7a6b25cdbde88a44e99,7.0,485579.0,data/ajhg2020/GSE116992/GPL13534/metadata/metadata.arrow,370d204121de92891c6c4c644210b07df9b2517453e8d811b3fe2788d196e712,,,,,,,,,,,,,,,,,,,,,,,,,,,,,,,,,,,,,,,existing,GSE116992,GPL21145,BAFopathy,BAFopathy,"ARID1A,ARID1B,SMARCB1,SMARCA4,SMARCA2",case,ms1243_nicolaides-baraitser syndrome ms1243 disease state: nicolaides-baraitser syndrome sample 15,CpGCorpus,True,True,False,cpgcorpus,2026-02-18T12:08:40.543840,data/ajhg2020/GSE116992/GPL21145/betas/QCDPB.arrow,ae8c0245f746bf774b0636a41b24d00e8db8bf680733ea49d277223958098d2b,22.0,865920.0,data/ajhg2020/GSE116992/GPL21145/metadata/metadata.arrow,44643b37822dd38dd82a4e2ff431aba9941f46f8558b3918a3dd505293ce1c74,GSM3267125,MS1243_Nicolaides-Baraitser syndrome,GSM3267125,Public on Nov 07 2018,Jul 12 2018,Nov 07 2018,genomic,1,MS1243,Homo sapiens,disease state: Nicolaides-Baraitser syndrome,tissue: Whole Blood,N/A,N/A,genomic DNA,Standard DNA extraction from blood,Cy5 and Cy3,According to the manufacturer's protocol,9606,According to the manufacturer's protocol,iScan,SAMPLE 15,"Illumina Normalization method with background correction, using minfi package in R 3.4.2",GPL21145,"Bekim,,Sadikovic",bekim.sadikovic@lhsc.on.ca,Pathology and Laboratory Medicine,University of Western Ontario,800 Commissioners Rd E,London,Ontario,N6A 5W9,Canada,ftp://ftp.ncbi.nlm.nih.gov/geo/samples/GSM3267nnn/GSM3267125/suppl/GSM3267125_202226320201_R08C01_Grn.idat.gz,ftp://ftp.ncbi.nlm.nih.gov/geo/samples/GSM3267nnn/GSM3267125/suppl/GSM3267125_202226320201_R08C01_Red.idat.gz,866091,Nicolaides-Baraitser syndrome,Whole Blood,cpgcorpus,,,,,,BAFopathy,"ARID1A,ARID1B,SMARCB1,SMARCA4,SMARCA2",614607; 135900; 614609; 614608; 601358,50.0,19.0,yes,NCBRS,SMARCA2,,,,,,BAFopathy,"ARID1A,ARID1B,SMARCB1,SMARCA4,SMARCA2",614607; 135900; 614609; 614608; 601358,50.0,19.0,yes,NCBRS,SMARCA2,,,,,,BAFopathy,"ARID1A,ARID1B,SMARCB1,SMARCA4,SMARCA2",614607; 135900; 614609; 614608; 601358,50.0,19.0,yes,NCBRS,SMARCA2
GSE116992_GPL21145_sample_51,GSE116992,GPL21145,BAFopathy,BAFopathy,"ARID1A,ARID1B,SMARCB1,SMARCA4,SMARCA2",case,ms1201_coffin-siris syndrome 1 ms1201 disease state: coffin-siris syndrome sample 16,"CpGCorpus,existing",True,True,False,cpgcorpus,2026-02-18T12:08:40.543840,data/ajhg2020/GSE116992/GPL21145/betas/QCDPB.arrow,ae8c0245f746bf774b0636a41b24d00e8db8bf680733ea49d277223958098d2b,22.0,865920.0,data/ajhg2020/GSE116992/GPL21145/metadata/metadata.arrow,44643b37822dd38dd82a4e2ff431aba9941f46f8558b3918a3dd505293ce1c74,,,,,,,,,,,,,,,,,,,,,,,,,,,,,,,,,,,,,,,existing,GSE116992,GPL13534,BAFopathy,BAFopathy,"ARID1A,ARID1B,SMARCB1,SMARCA4,SMARCA2",case,none none none none,"CpGCorpus,existing",True,True,False,cpgcorpus,2026-02-18T12:08:16.114837,data/ajhg2020/GSE116992/GPL13534/betas/QCDPB.arrow,fe0f76ef5a2ad4cd5fc014fb2292df31fa0c6aa32294a7a6b25cdbde88a44e99,7.0,485579.0,data/ajhg2020/GSE116992/GPL13534/metadata/metadata.arrow,370d204121de92891c6c4c644210b07df9b2517453e8d811b3fe2788d196e712,,,,,,,,,,,,,,,,,,,,,,,,,,,,,,,,,,,,,,,existing,GSE116992,GPL21145,BAFopathy,BAFopathy,"ARID1A,ARID1B,SMARCB1,SMARCA4,SMARCA2",case,ms1201_coffin-siris syndrome 1 ms1201 disease state: coffin-siris syndrome sample 16,CpGCorpus,True,True,False,cpgcorpus,2026-02-18T12:08:40.543840,data/ajhg2020/GSE116992/GPL21145/betas/QCDPB.arrow,ae8c0245f746bf774b0636a41b24d00e8db8bf680733ea49d277223958098d2b,22.0,865920.0,data/ajhg2020/GSE116992/GPL21145/metadata/metadata.arrow,44643b37822dd38dd82a4e2ff431aba9941f46f8558b3918a3dd505293ce1c74,GSM3267126,MS1201_Coffin-Siris Syndrome 1,GSM3267126,Public on Nov 07 2018,Jul 12 2018,Nov 07 2018,genomic,1,MS1201,Homo sapiens,disease state: Coffin-Siris syndrome,tissue: Whole Blood,N/A,N/A,genomic DNA,Standard DNA extraction from blood,Cy5 and Cy3,According to the manufacturer's protocol,9606,According to the manufacturer's protocol,iScan,SAMPLE 16,"Illumina Normalization method with background correction, using minfi package in R 3.4.2",GPL21145,"Bekim,,Sadikovic",bekim.sadikovic@lhsc.on.ca,Pathology and Laboratory Medicine,University of Western Ontario,800 Commissioners Rd E,London,Ontario,N6A 5W9,Canada,ftp://ftp.ncbi.nlm.nih.gov/geo/samples/GSM3267nnn/GSM3267126/suppl/GSM3267126_202240580107_R06C01_Grn.idat.gz,ftp://ftp.ncbi.nlm.nih.gov/geo/samples/GSM3267nnn/GSM3267126/suppl/GSM3267126_202240580107_R06C01_Red.idat.gz,866091,Coffin-Siris syndrome,Whole Blood,cpgcorpus,,,,,,BAFopathy,"ARID1A,ARID1B,SMARCB1,SMARCA4,SMARCA2",614607; 135900; 614609; 614608; 601358,50.0,19.0,yes,CSS1,ARID1B,,,,,,BAFopathy,"ARID1A,ARID1B,SMARCB1,SMARCA4,SMARCA2",614607; 135900; 614609; 614608; 601358,50.0,19.0,yes,CSS1,ARID1B,,,,,,BAFopathy,"ARID1A,ARID1B,SMARCB1,SMARCA4,SMARCA2",614607; 135900; 614609; 614608; 601358,50.0,19.0,yes,CSS1,ARID1B
GSE116992_GPL21145_sample_52,GSE116992,GPL21145,BAFopathy,BAFopathy,"ARID1A,ARID1B,SMARCB1,SMARCA4,SMARCA2",case,ms1209_coffin-siris syndrome 4 ms1209 disease state: coffin-siris syndrome sample 17,"CpGCorpus,existing",True,True,False,cpgcorpus,2026-02-18T12:08:40.543840,data/ajhg2020/GSE116992/GPL21145/betas/QCDPB.arrow,ae8c0245f746bf774b0636a41b24d00e8db8bf680733ea49d277223958098d2b,22.0,865920.0,data/ajhg2020/GSE116992/GPL21145/metadata/metadata.arrow,44643b37822dd38dd82a4e2ff431aba9941f46f8558b3918a3dd505293ce1c74,,,,,,,,,,,,,,,,,,,,,,,,,,,,,,,,,,,,,,,existing,GSE116992,GPL13534,BAFopathy,BAFopathy,"ARID1A,ARID1B,SMARCB1,SMARCA4,SMARCA2",case,none none none none,"CpGCorpus,existing",True,True,False,cpgcorpus,2026-02-18T12:08:16.114837,data/ajhg2020/GSE116992/GPL13534/betas/QCDPB.arrow,fe0f76ef5a2ad4cd5fc014fb2292df31fa0c6aa32294a7a6b25cdbde88a44e99,7.0,485579.0,data/ajhg2020/GSE116992/GPL13534/metadata/metadata.arrow,370d204121de92891c6c4c644210b07df9b2517453e8d811b3fe2788d196e712,,,,,,,,,,,,,,,,,,,,,,,,,,,,,,,,,,,,,,,existing,GSE116992,GPL21145,BAFopathy,BAFopathy,"ARID1A,ARID1B,SMARCB1,SMARCA4,SMARCA2",case,ms1209_coffin-siris syndrome 4 ms1209 disease state: coffin-siris syndrome sample 17,CpGCorpus,True,True,False,cpgcorpus,2026-02-18T12:08:40.543840,data/ajhg2020/GSE116992/GPL21145/betas/QCDPB.arrow,ae8c0245f746bf774b0636a41b24d00e8db8bf680733ea49d277223958098d2b,22.0,865920.0,data/ajhg2020/GSE116992/GPL21145/metadata/metadata.arrow,44643b37822dd38dd82a4e2ff431aba9941f46f8558b3918a3dd505293ce1c74,GSM3267127,MS1209_Coffin-Siris Syndrome 4,GSM3267127,Public on Nov 07 2018,Jul 12 2018,Nov 07 2018,genomic,1,MS1209,Homo sapiens,disease state: Coffin-Siris syndrome,tissue: Whole Blood,N/A,N/A,genomic DNA,Standard DNA extraction from blood,Cy5 and Cy3,According to the manufacturer's protocol,9606,According to the manufacturer's protocol,iScan,SAMPLE 17,"Illumina Normalization method with background correction, using minfi package in R 3.4.2",GPL21145,"Bekim,,Sadikovic",bekim.sadikovic@lhsc.on.ca,Pathology and Laboratory Medicine,University of Western Ontario,800 Commissioners Rd E,London,Ontario,N6A 5W9,Canada,ftp://ftp.ncbi.nlm.nih.gov/geo/samples/GSM3267nnn/GSM3267127/suppl/GSM3267127_202240580157_R06C01_Grn.idat.gz,ftp://ftp.ncbi.nlm.nih.gov/geo/samples/GSM3267nnn/GSM3267127/suppl/GSM3267127_202240580157_R06C01_Red.idat.gz,866091,Coffin-Siris syndrome,Whole Blood,cpgcorpus,,,,,,BAFopathy,"ARID1A,ARID1B,SMARCB1,SMARCA4,SMARCA2",614607; 135900; 614609; 614608; 601358,50.0,19.0,yes,CSS1,ARID1B,,,,,,BAFopathy,"ARID1A,ARID1B,SMARCB1,SMARCA4,SMARCA2",614607; 135900; 614609; 614608; 601358,50.0,19.0,yes,CSS4,SMARCA4,,,,,,BAFopathy,"ARID1A,ARID1B,SMARCB1,SMARCA4,SMARCA2",614607; 135900; 614609; 614608; 601358,50.0,19.0,yes,CSS1,ARID1B
GSE116992_GPL21145_sample_53,GSE116992,GPL21145,BAFopathy,BAFopathy,"ARID1A,ARID1B,SMARCB1,SMARCA4,SMARCA2",case,ms1212_coffin-siris syndrome 1 ms1212 disease state: coffin-siris syndrome sample 18,"CpGCorpus,existing",True,True,False,cpgcorpus,2026-02-18T12:08:40.543840,data/ajhg2020/GSE116992/GPL21145/betas/QCDPB.arrow,ae8c0245f746bf774b0636a41b24d00e8db8bf680733ea49d277223958098d2b,22.0,865920.0,data/ajhg2020/GSE116992/GPL21145/metadata/metadata.arrow,44643b37822dd38dd82a4e2ff431aba9941f46f8558b3918a3dd505293ce1c74,,,,,,,,,,,,,,,,,,,,,,,,,,,,,,,,,,,,,,,existing,GSE116992,GPL13534,BAFopathy,BAFopathy,"ARID1A,ARID1B,SMARCB1,SMARCA4,SMARCA2",case,none none none none,"CpGCorpus,existing",True,True,False,cpgcorpus,2026-02-18T12:08:16.114837,data/ajhg2020/GSE116992/GPL13534/betas/QCDPB.arrow,fe0f76ef5a2ad4cd5fc014fb2292df31fa0c6aa32294a7a6b25cdbde88a44e99,7.0,485579.0,data/ajhg2020/GSE116992/GPL13534/metadata/metadata.arrow,370d204121de92891c6c4c644210b07df9b2517453e8d811b3fe2788d196e712,,,,,,,,,,,,,,,,,,,,,,,,,,,,,,,,,,,,,,,existing,GSE116992,GPL21145,BAFopathy,BAFopathy,"ARID1A,ARID1B,SMARCB1,SMARCA4,SMARCA2",case,ms1212_coffin-siris syndrome 1 ms1212 disease state: coffin-siris syndrome sample 18,CpGCorpus,True,True,False,cpgcorpus,2026-02-18T12:08:40.543840,data/ajhg2020/GSE116992/GPL21145/betas/QCDPB.arrow,ae8c0245f746bf774b0636a41b24d00e8db8bf680733ea49d277223958098d2b,22.0,865920.0,data/ajhg2020/GSE116992/GPL21145/metadata/metadata.arrow,44643b37822dd38dd82a4e2ff431aba9941f46f8558b3918a3dd505293ce1c74,GSM3267128,MS1212_Coffin-Siris Syndrome 1,GSM3267128,Public on Nov 07 2018,Jul 12 2018,Nov 07 2018,genomic,1,MS1212,Homo sapiens,disease state: Coffin-Siris syndrome,tissue: Whole Blood,N/A,N/A,genomic DNA,Standard DNA extraction from blood,Cy5 and Cy3,According to the manufacturer's protocol,9606,According to the manufacturer's protocol,iScan,SAMPLE 18,"Illumina Normalization method with background correction, using minfi package in R 3.4.2",GPL21145,"Bekim,,Sadikovic",bekim.sadikovic@lhsc.on.ca,Pathology and Laboratory Medicine,University of Western Ontario,800 Commissioners Rd E,London,Ontario,N6A 5W9,Canada,ftp://ftp.ncbi.nlm.nih.gov/geo/samples/GSM3267nnn/GSM3267128/suppl/GSM3267128_202240580159_R01C01_Grn.idat.gz,ftp://ftp.ncbi.nlm.nih.gov/geo/samples/GSM3267nnn/GSM3267128/suppl/GSM3267128_202240580159_R01C01_Red.idat.gz,866091,Coffin-Siris syndrome,Whole Blood,cpgcorpus,,,,,,BAFopathy,"ARID1A,ARID1B,SMARCB1,SMARCA4,SMARCA2",614607; 135900; 614609; 614608; 601358,50.0,19.0,yes,CSS1,ARID1B,,,,,,BAFopathy,"ARID1A,ARID1B,SMARCB1,SMARCA4,SMARCA2",614607; 135900; 614609; 614608; 601358,50.0,19.0,yes,CSS1,ARID1B,,,,,,BAFopathy,"ARID1A,ARID1B,SMARCB1,SMARCA4,SMARCA2",614607; 135900; 614609; 614608; 601358,50.0,19.0,yes,CSS1,ARID1B
GSE116992_GPL21145_sample_54,GSE116992,GPL21145,BAFopathy,BAFopathy,"ARID1A,ARID1B,SMARCB1,SMARCA4,SMARCA2",case,ms1213_coffin-siris syndrome 1 ms1213 disease state: coffin-siris syndrome sample 19,"CpGCorpus,existing",True,True,False,cpgcorpus,2026-02-18T12:08:40.543840,data/ajhg2020/GSE116992/GPL21145/betas/QCDPB.arrow,ae8c0245f746bf774b0636a41b24d00e8db8bf680733ea49d277223958098d2b,22.0,865920.0,data/ajhg2020/GSE116992/GPL21145/metadata/metadata.arrow,44643b37822dd38dd82a4e2ff431aba9941f46f8558b3918a3dd505293ce1c74,,,,,,,,,,,,,,,,,,,,,,,,,,,,,,,,,,,,,,,existing,GSE116992,GPL13534,BAFopathy,BAFopathy,"ARID1A,ARID1B,SMARCB1,SMARCA4,SMARCA2",case,none none none none,"CpGCorpus,existing",True,True,False,cpgcorpus,2026-02-18T12:08:16.114837,data/ajhg2020/GSE116992/GPL13534/betas/QCDPB.arrow,fe0f76ef5a2ad4cd5fc014fb2292df31fa0c6aa32294a7a6b25cdbde88a44e99,7.0,485579.0,data/ajhg2020/GSE116992/GPL13534/metadata/metadata.arrow,370d204121de92891c6c4c644210b07df9b2517453e8d811b3fe2788d196e712,,,,,,,,,,,,,,,,,,,,,,,,,,,,,,,,,,,,,,,existing,GSE116992,GPL21145,BAFopathy,BAFopathy,"ARID1A,ARID1B,SMARCB1,SMARCA4,SMARCA2",case,ms1213_coffin-siris syndrome 1 ms1213 disease state: coffin-siris syndrome sample 19,CpGCorpus,True,True,False,cpgcorpus,2026-02-18T12:08:40.543840,data/ajhg2020/GSE116992/GPL21145/betas/QCDPB.arrow,ae8c0245f746bf774b0636a41b24d00e8db8bf680733ea49d277223958098d2b,22.0,865920.0,data/ajhg2020/GSE116992/GPL21145/metadata/metadata.arrow,44643b37822dd38dd82a4e2ff431aba9941f46f8558b3918a3dd505293ce1c74,GSM3267129,MS1213_Coffin-Siris Syndrome 1,GSM3267129,Public on Nov 07 2018,Jul 12 2018,Nov 07 2018,genomic,1,MS1213,Homo sapiens,disease state: Coffin-Siris syndrome,tissue: Whole Blood,N/A,N/A,genomic DNA,Standard DNA extraction from blood,Cy5 and Cy3,According to the manufacturer's protocol,9606,According to the manufacturer's protocol,iScan,SAMPLE 19,"Illumina Normalization method with background correction, using minfi package in R 3.4.2",GPL21145,"Bekim,,Sadikovic",bekim.sadikovic@lhsc.on.ca,Pathology and Laboratory Medicine,University of Western Ontario,800 Commissioners Rd E,London,Ontario,N6A 5W9,Canada,ftp://ftp.ncbi.nlm.nih.gov/geo/samples/GSM3267nnn/GSM3267129/suppl/GSM3267129_202240580159_R02C01_Grn.idat.gz,ftp://ftp.ncbi.nlm.nih.gov/geo/samples/GSM3267nnn/GSM3267129/suppl/GSM3267129_202240580159_R02C01_Red.idat.gz,866091,Coffin-Siris syndrome,Whole Blood,cpgcorpus,,,,,,BAFopathy,"ARID1A,ARID1B,SMARCB1,SMARCA4,SMARCA2",614607; 135900; 614609; 614608; 601358,50.0,19.0,yes,CSS1,ARID1B,,,,,,BAFopathy,"ARID1A,ARID1B,SMARCB1,SMARCA4,SMARCA2",614607; 135900; 614609; 614608; 601358,50.0,19.0,yes,CSS1,ARID1B,,,,,,BAFopathy,"ARID1A,ARID1B,SMARCB1,SMARCA4,SMARCA2",614607; 135900; 614609; 614608; 601358,50.0,19.0,yes,CSS1,ARID1B
GSE116992_GPL21145_sample_55,GSE116992,GPL21145,BAFopathy,BAFopathy,"ARID1A,ARID1B,SMARCB1,SMARCA4,SMARCA2",case,ms1215_coffin-siris syndrome 1 ms1215 disease state: coffin-siris syndrome sample 20,"CpGCorpus,existing",True,True,False,cpgcorpus,2026-02-18T12:08:40.543840,data/ajhg2020/GSE116992/GPL21145/betas/QCDPB.arrow,ae8c0245f746bf774b0636a41b24d00e8db8bf680733ea49d277223958098d2b,22.0,865920.0,data/ajhg2020/GSE116992/GPL21145/metadata/metadata.arrow,44643b37822dd38dd82a4e2ff431aba9941f46f8558b3918a3dd505293ce1c74,,,,,,,,,,,,,,,,,,,,,,,,,,,,,,,,,,,,,,,existing,GSE116992,GPL13534,BAFopathy,BAFopathy,"ARID1A,ARID1B,SMARCB1,SMARCA4,SMARCA2",case,none none none none,"CpGCorpus,existing",True,True,False,cpgcorpus,2026-02-18T12:08:16.114837,data/ajhg2020/GSE116992/GPL13534/betas/QCDPB.arrow,fe0f76ef5a2ad4cd5fc014fb2292df31fa0c6aa32294a7a6b25cdbde88a44e99,7.0,485579.0,data/ajhg2020/GSE116992/GPL13534/metadata/metadata.arrow,370d204121de92891c6c4c644210b07df9b2517453e8d811b3fe2788d196e712,,,,,,,,,,,,,,,,,,,,,,,,,,,,,,,,,,,,,,,existing,GSE116992,GPL21145,BAFopathy,BAFopathy,"ARID1A,ARID1B,SMARCB1,SMARCA4,SMARCA2",case,ms1215_coffin-siris syndrome 1 ms1215 disease state: coffin-siris syndrome sample 20,CpGCorpus,True,True,False,cpgcorpus,2026-02-18T12:08:40.543840,data/ajhg2020/GSE116992/GPL21145/betas/QCDPB.arrow,ae8c0245f746bf774b0636a41b24d00e8db8bf680733ea49d277223958098d2b,22.0,865920.0,data/ajhg2020/GSE116992/GPL21145/metadata/metadata.arrow,44643b37822dd38dd82a4e2ff431aba9941f46f8558b3918a3dd505293ce1c74,GSM3267130,MS1215_Coffin-Siris Syndrome 1,GSM3267130,Public on Nov 07 2018,Jul 12 2018,Nov 07 2018,genomic,1,MS1215,Homo sapiens,disease state: Coffin-Siris syndrome,tissue: Whole Blood,N/A,N/A,genomic DNA,Standard DNA extraction from blood,Cy5 and Cy3,According to the manufacturer's protocol,9606,According to the manufacturer's protocol,iScan,SAMPLE 20,"Illumina Normalization method with background correction, using minfi package in R 3.4.2",GPL21145,"Bekim,,Sadikovic",bekim.sadikovic@lhsc.on.ca,Pathology and Laboratory Medicine,University of Western Ontario,800 Commissioners Rd E,London,Ontario,N6A 5W9,Canada,ftp://ftp.ncbi.nlm.nih.gov/geo/samples/GSM3267nnn/GSM3267130/suppl/GSM3267130_202240580159_R04C01_Grn.idat.gz,ftp://ftp.ncbi.nlm.nih.gov/geo/samples/GSM3267nnn/GSM3267130/suppl/GSM3267130_202240580159_R04C01_Red.idat.gz,866091,Coffin-Siris syndrome,Whole Blood,cpgcorpus,,,,,,BAFopathy,"ARID1A,ARID1B,SMARCB1,SMARCA4,SMARCA2",614607; 135900; 614609; 614608; 601358,50.0,19.0,yes,CSS1,ARID1B,,,,,,BAFopathy,"ARID1A,ARID1B,SMARCB1,SMARCA4,SMARCA2",614607; 135900; 614609; 614608; 601358,50.0,19.0,yes,CSS1,ARID1B,,,,,,BAFopathy,"ARID1A,ARID1B,SMARCB1,SMARCA4,SMARCA2",614607; 135900; 614609; 614608; 601358,50.0,19.0,yes,CSS1,ARID1B
GSE116992_GPL21145_sample_56,GSE116992,GPL21145,BAFopathy,BAFopathy,"ARID1A,ARID1B,SMARCB1,SMARCA4,SMARCA2",case,ms1216_coffin-siris syndrome 1 ms1216 disease state: coffin-siris syndrome sample 21,"CpGCorpus,existing",True,True,False,cpgcorpus,2026-02-18T12:08:40.543840,data/ajhg2020/GSE116992/GPL21145/betas/QCDPB.arrow,ae8c0245f746bf774b0636a41b24d00e8db8bf680733ea49d277223958098d2b,22.0,865920.0,data/ajhg2020/GSE116992/GPL21145/metadata/metadata.arrow,44643b37822dd38dd82a4e2ff431aba9941f46f8558b3918a3dd505293ce1c74,,,,,,,,,,,,,,,,,,,,,,,,,,,,,,,,,,,,,,,existing,GSE116992,GPL13534,BAFopathy,BAFopathy,"ARID1A,ARID1B,SMARCB1,SMARCA4,SMARCA2",case,none none none none,"CpGCorpus,existing",True,True,False,cpgcorpus,2026-02-18T12:08:16.114837,data/ajhg2020/GSE116992/GPL13534/betas/QCDPB.arrow,fe0f76ef5a2ad4cd5fc014fb2292df31fa0c6aa32294a7a6b25cdbde88a44e99,7.0,485579.0,data/ajhg2020/GSE116992/GPL13534/metadata/metadata.arrow,370d204121de92891c6c4c644210b07df9b2517453e8d811b3fe2788d196e712,,,,,,,,,,,,,,,,,,,,,,,,,,,,,,,,,,,,,,,existing,GSE116992,GPL21145,BAFopathy,BAFopathy,"ARID1A,ARID1B,SMARCB1,SMARCA4,SMARCA2",case,ms1216_coffin-siris syndrome 1 ms1216 disease state: coffin-siris syndrome sample 21,CpGCorpus,True,True,False,cpgcorpus,2026-02-18T12:08:40.543840,data/ajhg2020/GSE116992/GPL21145/betas/QCDPB.arrow,ae8c0245f746bf774b0636a41b24d00e8db8bf680733ea49d277223958098d2b,22.0,865920.0,data/ajhg2020/GSE116992/GPL21145/metadata/metadata.arrow,44643b37822dd38dd82a4e2ff431aba9941f46f8558b3918a3dd505293ce1c74,GSM3267131,MS1216_Coffin-Siris Syndrome 1,GSM3267131,Public on Nov 07 2018,Jul 12 2018,Nov 07 2018,genomic,1,MS1216,Homo sapiens,disease state: Coffin-Siris syndrome,tissue: Whole Blood,N/A,N/A,genomic DNA,Standard DNA extraction from blood,Cy5 and Cy3,According to the manufacturer's protocol,9606,According to the manufacturer's protocol,iScan,SAMPLE 21,"Illumina Normalization method with background correction, using minfi package in R 3.4.2",GPL21145,"Bekim,,Sadikovic",bekim.sadikovic@lhsc.on.ca,Pathology and Laboratory Medicine,University of Western Ontario,800 Commissioners Rd E,London,Ontario,N6A 5W9,Canada,ftp://ftp.ncbi.nlm.nih.gov/geo/samples/GSM3267nnn/GSM3267131/suppl/GSM3267131_202240580159_R05C01_Grn.idat.gz,ftp://ftp.ncbi.nlm.nih.gov/geo/samples/GSM3267nnn/GSM3267131/suppl/GSM3267131_202240580159_R05C01_Red.idat.gz,866091,Coffin-Siris syndrome,Whole Blood,cpgcorpus,,,,,,BAFopathy,"ARID1A,ARID1B,SMARCB1,SMARCA4,SMARCA2",614607; 135900; 614609; 614608; 601358,50.0,19.0,yes,CSS1,ARID1B,,,,,,BAFopathy,"ARID1A,ARID1B,SMARCB1,SMARCA4,SMARCA2",614607; 135900; 614609; 614608; 601358,50.0,19.0,yes,CSS1,ARID1B,,,,,,BAFopathy,"ARID1A,ARID1B,SMARCB1,SMARCA4,SMARCA2",614607; 135900; 614609; 614608; 601358,50.0,19.0,yes,CSS1,ARID1B
GSE116992_GPL21145_sample_57,GSE116992,GPL21145,BAFopathy,BAFopathy,"ARID1A,ARID1B,SMARCB1,SMARCA4,SMARCA2",case,ms1217_coffin-siris syndrome 1 ms1217 disease state: coffin-siris syndrome sample 22,"CpGCorpus,existing",True,True,False,cpgcorpus,2026-02-18T12:08:40.543840,data/ajhg2020/GSE116992/GPL21145/betas/QCDPB.arrow,ae8c0245f746bf774b0636a41b24d00e8db8bf680733ea49d277223958098d2b,22.0,865920.0,data/ajhg2020/GSE116992/GPL21145/metadata/metadata.arrow,44643b37822dd38dd82a4e2ff431aba9941f46f8558b3918a3dd505293ce1c74,,,,,,,,,,,,,,,,,,,,,,,,,,,,,,,,,,,,,,,existing,GSE116992,GPL13534,BAFopathy,BAFopathy,"ARID1A,ARID1B,SMARCB1,SMARCA4,SMARCA2",case,none none none none,"CpGCorpus,existing",True,True,False,cpgcorpus,2026-02-18T12:08:16.114837,data/ajhg2020/GSE116992/GPL13534/betas/QCDPB.arrow,fe0f76ef5a2ad4cd5fc014fb2292df31fa0c6aa32294a7a6b25cdbde88a44e99,7.0,485579.0,data/ajhg2020/GSE116992/GPL13534/metadata/metadata.arrow,370d204121de92891c6c4c644210b07df9b2517453e8d811b3fe2788d196e712,,,,,,,,,,,,,,,,,,,,,,,,,,,,,,,,,,,,,,,existing,GSE116992,GPL21145,BAFopathy,BAFopathy,"ARID1A,ARID1B,SMARCB1,SMARCA4,SMARCA2",case,ms1217_coffin-siris syndrome 1 ms1217 disease state: coffin-siris syndrome sample 22,CpGCorpus,True,True,False,cpgcorpus,2026-02-18T12:08:40.543840,data/ajhg2020/GSE116992/GPL21145/betas/QCDPB.arrow,ae8c0245f746bf774b0636a41b24d00e8db8bf680733ea49d277223958098d2b,22.0,865920.0,data/ajhg2020/GSE116992/GPL21145/metadata/metadata.arrow,44643b37822dd38dd82a4e2ff431aba9941f46f8558b3918a3dd505293ce1c74,GSM3267132,MS1217_Coffin-Siris Syndrome 1,GSM3267132,Public on Nov 07 2018,Jul 12 2018,Nov 07 2018,genomic,1,MS1217,Homo sapiens,disease state: Coffin-Siris syndrome,tissue: Whole Blood,N/A,N/A,genomic DNA,Standard DNA extraction from blood,Cy5 and Cy3,According to the manufacturer's protocol,9606,According to the manufacturer's protocol,iScan,SAMPLE 22,"Illumina Normalization method with background correction, using minfi package in R 3.4.2",GPL21145,"Bekim,,Sadikovic",bekim.sadikovic@lhsc.on.ca,Pathology and Laboratory Medicine,University of Western Ontario,800 Commissioners Rd E,London,Ontario,N6A 5W9,Canada,ftp://ftp.ncbi.nlm.nih.gov/geo/samples/GSM3267nnn/GSM3267132/suppl/GSM3267132_202240580159_R06C01_Grn.idat.gz,ftp://ftp.ncbi.nlm.nih.gov/geo/samples/GSM3267nnn/GSM3267132/suppl/GSM3267132_202240580159_R06C01_Red.idat.gz,866091,Coffin-Siris syndrome,Whole Blood,cpgcorpus,,,,,,BAFopathy,"ARID1A,ARID1B,SMARCB1,SMARCA4,SMARCA2",614607; 135900; 614609; 614608; 601358,50.0,19.0,yes,CSS1,ARID1B,,,,,,BAFopathy,"ARID1A,ARID1B,SMARCB1,SMARCA4,SMARCA2",614607; 135900; 614609; 614608; 601358,50.0,19.0,yes,CSS1,ARID1B,,,,,,BAFopathy,"ARID1A,ARID1B,SMARCB1,SMARCA4,SMARCA2",614607; 135900; 614609; 614608; 601358,50.0,19.0,yes,CSS1,ARID1B
GSE116992_GPL21145_sample_58,GSE116992,GPL21145,BAFopathy,BAFopathy,"ARID1A,ARID1B,SMARCB1,SMARCA4,SMARCA2",case,none none none none,"CpGCorpus,existing",True,True,False,cpgcorpus,2026-02-18T12:08:40.543840,data/ajhg2020/GSE116992/GPL21145/betas/QCDPB.arrow,ae8c0245f746bf774b0636a41b24d00e8db8bf680733ea49d277223958098d2b,22.0,865920.0,data/ajhg2020/GSE116992/GPL21145/metadata/metadata.arrow,44643b37822dd38dd82a4e2ff431aba9941f46f8558b3918a3dd505293ce1c74,,,,,,,,,,,,,,,,,,,,,,,,,,,,,,,,,,,,,,,existing,GSE116992,GPL21145,BAFopathy,BAFopathy,"ARID1A,ARID1B,SMARCB1,SMARCA4,SMARCA2",case,ms1160_nicolaides-baraitser syndrome ms1160 disease state: nicolaides-baraitser syndrome sample 1,"CpGCorpus,existing",True,True,False,cpgcorpus,2026-02-18T12:08:40.543840,data/ajhg2020/GSE116992/GPL21145/betas/QCDPB.arrow,ae8c0245f746bf774b0636a41b24d00e8db8bf680733ea49d277223958098d2b,22.0,865920.0,data/ajhg2020/GSE116992/GPL21145/metadata/metadata.arrow,44643b37822dd38dd82a4e2ff431aba9941f46f8558b3918a3dd505293ce1c74,GSM3267111,MS1160_Nicolaides-Baraitser syndrome,GSM3267111,Public on Nov 07 2018,Jul 12 2018,Nov 07 2018,genomic,1,MS1160,Homo sapiens,disease state: Nicolaides-Baraitser syndrome,tissue: Whole Blood,N/A,N/A,genomic DNA,Standard DNA extraction from blood,Cy5 and Cy3,According to the manufacturer's protocol,9606,According to the manufacturer's protocol,iScan,SAMPLE 1,"Illumina Normalization method with background correction, using minfi package in R 3.4.2",GPL21145,"Bekim,,Sadikovic",bekim.sadikovic@lhsc.on.ca,Pathology and Laboratory Medicine,University of Western Ontario,800 Commissioners Rd E,London,Ontario,N6A 5W9,Canada,ftp://ftp.ncbi.nlm.nih.gov/geo/samples/GSM3267nnn/GSM3267111/suppl/GSM3267111_200969820172_R05C01_Grn.idat.gz,ftp://ftp.ncbi.nlm.nih.gov/geo/samples/GSM3267nnn/GSM3267111/suppl/GSM3267111_200969820172_R05C01_Red.idat.gz,866091,Nicolaides-Baraitser syndrome,Whole Blood,cpgcorpus,,,,,,,,,,,,,,,,,,,,,,,,,,,,,,,,,,,,,,,,,,,,,,,,,,,,,,,,,,,,,,,,,,,,,,,,,,,,,BAFopathy,"ARID1A,ARID1B,SMARCB1,SMARCA4,SMARCA2",614607; 135900; 614609; 614608; 601358,50.0,19.0,yes,NCBRS,SMARCA2,,,,,,BAFopathy,"ARID1A,ARID1B,SMARCB1,SMARCA4,SMARCA2",614607; 135900; 614609; 614608; 601358,50.0,19.0,yes,NCBRS,SMARCA2
GSE116992_GPL21145_sample_59,GSE116992,GPL21145,BAFopathy,BAFopathy,"ARID1A,ARID1B,SMARCB1,SMARCA4,SMARCA2",case,none none none none,"CpGCorpus,existing",True,True,False,cpgcorpus,2026-02-18T12:08:40.543840,data/ajhg2020/GSE116992/GPL21145/betas/QCDPB.arrow,ae8c0245f746bf774b0636a41b24d00e8db8bf680733ea49d277223958098d2b,22.0,865920.0,data/ajhg2020/GSE116992/GPL21145/metadata/metadata.arrow,44643b37822dd38dd82a4e2ff431aba9941f46f8558b3918a3dd505293ce1c74,,,,,,,,,,,,,,,,,,,,,,,,,,,,,,,,,,,,,,,existing,GSE116992,GPL21145,BAFopathy,BAFopathy,"ARID1A,ARID1B,SMARCB1,SMARCA4,SMARCA2",case,ms1162_coffin-siris syndrome 3 ms1162 disease state: coffin-siris syndrome sample 2,"CpGCorpus,existing",True,True,False,cpgcorpus,2026-02-18T12:08:40.543840,data/ajhg2020/GSE116992/GPL21145/betas/QCDPB.arrow,ae8c0245f746bf774b0636a41b24d00e8db8bf680733ea49d277223958098d2b,22.0,865920.0,data/ajhg2020/GSE116992/GPL21145/metadata/metadata.arrow,44643b37822dd38dd82a4e2ff431aba9941f46f8558b3918a3dd505293ce1c74,GSM3267112,MS1162_Coffin-Siris Syndrome 3,GSM3267112,Public on Nov 07 2018,Jul 12 2018,Nov 07 2018,genomic,1,MS1162,Homo sapiens,disease state: Coffin-Siris syndrome,tissue: Whole Blood,N/A,N/A,genomic DNA,Standard DNA extraction from blood,Cy5 and Cy3,According to the manufacturer's protocol,9606,According to the manufacturer's protocol,iScan,SAMPLE 2,"Illumina Normalization method with background correction, using minfi package in R 3.4.2",GPL21145,"Bekim,,Sadikovic",bekim.sadikovic@lhsc.on.ca,Pathology and Laboratory Medicine,University of Western Ontario,800 Commissioners Rd E,London,Ontario,N6A 5W9,Canada,ftp://ftp.ncbi.nlm.nih.gov/geo/samples/GSM3267nnn/GSM3267112/suppl/GSM3267112_200969820172_R07C01_Grn.idat.gz,ftp://ftp.ncbi.nlm.nih.gov/geo/samples/GSM3267nnn/GSM3267112/suppl/GSM3267112_200969820172_R07C01_Red.idat.gz,866091,Coffin-Siris syndrome,Whole Blood,cpgcorpus,,,,,,,,,,,,,,,,,,,,,,,,,,,,,,,,,,,,,,,,,,,,,,,,,,,,,,,,,,,,,,,,,,,,,,,,,,,,,BAFopathy,"ARID1A,ARID1B,SMARCB1,SMARCA4,SMARCA2",614607; 135900; 614609; 614608; 601358,50.0,19.0,yes,CSS1,ARID1B,,,,,,BAFopathy,"ARID1A,ARID1B,SMARCB1,SMARCA4,SMARCA2",614607; 135900; 614609; 614608; 601358,50.0,19.0,yes,CSS3,SMARCB1
GSE116992_GPL21145_sample_60,GSE116992,GPL21145,BAFopathy,BAFopathy,"ARID1A,ARID1B,SMARCB1,SMARCA4,SMARCA2",case,none none none none,"CpGCorpus,existing",True,True,False,cpgcorpus,2026-02-18T12:08:40.543840,data/ajhg2020/GSE116992/GPL21145/betas/QCDPB.arrow,ae8c0245f746bf774b0636a41b24d00e8db8bf680733ea49d277223958098d2b,22.0,865920.0,data/ajhg2020/GSE116992/GPL21145/metadata/metadata.arrow,44643b37822dd38dd82a4e2ff431aba9941f46f8558b3918a3dd505293ce1c74,,,,,,,,,,,,,,,,,,,,,,,,,,,,,,,,,,,,,,,existing,GSE116992,GPL21145,BAFopathy,BAFopathy,"ARID1A,ARID1B,SMARCB1,SMARCA4,SMARCA2",case,ms1163_coffin-siris syndrome 3 ms1163 disease state: coffin-siris syndrome sample 3,"CpGCorpus,existing",True,True,False,cpgcorpus,2026-02-18T12:08:40.543840,data/ajhg2020/GSE116992/GPL21145/betas/QCDPB.arrow,ae8c0245f746bf774b0636a41b24d00e8db8bf680733ea49d277223958098d2b,22.0,865920.0,data/ajhg2020/GSE116992/GPL21145/metadata/metadata.arrow,44643b37822dd38dd82a4e2ff431aba9941f46f8558b3918a3dd505293ce1c74,GSM3267113,MS1163_Coffin-Siris Syndrome 3,GSM3267113,Public on Nov 07 2018,Jul 12 2018,Nov 07 2018,genomic,1,MS1163,Homo sapiens,disease state: Coffin-Siris syndrome,tissue: Whole Blood,N/A,N/A,genomic DNA,Standard DNA extraction from blood,Cy5 and Cy3,According to the manufacturer's protocol,9606,According to the manufacturer's protocol,iScan,SAMPLE 3,"Illumina Normalization method with background correction, using minfi package in R 3.4.2",GPL21145,"Bekim,,Sadikovic",bekim.sadikovic@lhsc.on.ca,Pathology and Laboratory Medicine,University of Western Ontario,800 Commissioners Rd E,London,Ontario,N6A 5W9,Canada,ftp://ftp.ncbi.nlm.nih.gov/geo/samples/GSM3267nnn/GSM3267113/suppl/GSM3267113_200969820172_R08C01_Grn.idat.gz,ftp://ftp.ncbi.nlm.nih.gov/geo/samples/GSM3267nnn/GSM3267113/suppl/GSM3267113_200969820172_R08C01_Red.idat.gz,866091,Coffin-Siris syndrome,Whole Blood,cpgcorpus,,,,,,,,,,,,,,,,,,,,,,,,,,,,,,,,,,,,,,,,,,,,,,,,,,,,,,,,,,,,,,,,,,,,,,,,,,,,,BAFopathy,"ARID1A,ARID1B,SMARCB1,SMARCA4,SMARCA2",614607; 135900; 614609; 614608; 601358,50.0,19.0,yes,CSS1,ARID1B,,,,,,BAFopathy,"ARID1A,ARID1B,SMARCB1,SMARCA4,SMARCA2",614607; 135900; 614609; 614608; 601358,50.0,19.0,yes,CSS3,SMARCB1
GSE116992_GPL21145_sample_61,GSE116992,GPL21145,BAFopathy,BAFopathy,"ARID1A,ARID1B,SMARCB1,SMARCA4,SMARCA2",case,none none none none,"CpGCorpus,existing",True,True,False,cpgcorpus,2026-02-18T12:08:40.543840,data/ajhg2020/GSE116992/GPL21145/betas/QCDPB.arrow,ae8c0245f746bf774b0636a41b24d00e8db8bf680733ea49d277223958098d2b,22.0,865920.0,data/ajhg2020/GSE116992/GPL21145/metadata/metadata.arrow,44643b37822dd38dd82a4e2ff431aba9941f46f8558b3918a3dd505293ce1c74,,,,,,,,,,,,,,,,,,,,,,,,,,,,,,,,,,,,,,,existing,GSE116992,GPL21145,BAFopathy,BAFopathy,"ARID1A,ARID1B,SMARCB1,SMARCA4,SMARCA2",case,ms1168_coffin-siris syndrome 4 ms1168 disease state: coffin-siris syndrome sample 4,"CpGCorpus,existing",True,True,False,cpgcorpus,2026-02-18T12:08:40.543840,data/ajhg2020/GSE116992/GPL21145/betas/QCDPB.arrow,ae8c0245f746bf774b0636a41b24d00e8db8bf680733ea49d277223958098d2b,22.0,865920.0,data/ajhg2020/GSE116992/GPL21145/metadata/metadata.arrow,44643b37822dd38dd82a4e2ff431aba9941f46f8558b3918a3dd505293ce1c74,GSM3267114,MS1168_Coffin-Siris Syndrome 4,GSM3267114,Public on Nov 07 2018,Jul 12 2018,Nov 07 2018,genomic,1,MS1168,Homo sapiens,disease state: Coffin-Siris syndrome,tissue: Whole Blood,N/A,N/A,genomic DNA,Standard DNA extraction from blood,Cy5 and Cy3,According to the manufacturer's protocol,9606,According to the manufacturer's protocol,iScan,SAMPLE 4,"Illumina Normalization method with background correction, using minfi package in R 3.4.2",GPL21145,"Bekim,,Sadikovic",bekim.sadikovic@lhsc.on.ca,Pathology and Laboratory Medicine,University of Western Ontario,800 Commissioners Rd E,London,Ontario,N6A 5W9,Canada,ftp://ftp.ncbi.nlm.nih.gov/geo/samples/GSM3267nnn/GSM3267114/suppl/GSM3267114_202081120218_R05C01_Grn.idat.gz,ftp://ftp.ncbi.nlm.nih.gov/geo/samples/GSM3267nnn/GSM3267114/suppl/GSM3267114_202081120218_R05C01_Red.idat.gz,866091,Coffin-Siris syndrome,Whole Blood,cpgcorpus,,,,,,,,,,,,,,,,,,,,,,,,,,,,,,,,,,,,,,,,,,,,,,,,,,,,,,,,,,,,,,,,,,,,,,,,,,,,,BAFopathy,"ARID1A,ARID1B,SMARCB1,SMARCA4,SMARCA2",614607; 135900; 614609; 614608; 601358,50.0,19.0,yes,CSS1,ARID1B,,,,,,BAFopathy,"ARID1A,ARID1B,SMARCB1,SMARCA4,SMARCA2",614607; 135900; 614609; 614608; 601358,50.0,19.0,yes,CSS4,SMARCA4
GSE116992_GPL21145_sample_62,GSE116992,GPL21145,BAFopathy,BAFopathy,"ARID1A,ARID1B,SMARCB1,SMARCA4,SMARCA2",case,none none none none,"CpGCorpus,existing",True,True,False,cpgcorpus,2026-02-18T12:08:40.543840,data/ajhg2020/GSE116992/GPL21145/betas/QCDPB.arrow,ae8c0245f746bf774b0636a41b24d00e8db8bf680733ea49d277223958098d2b,22.0,865920.0,data/ajhg2020/GSE116992/GPL21145/metadata/metadata.arrow,44643b37822dd38dd82a4e2ff431aba9941f46f8558b3918a3dd505293ce1c74,,,,,,,,,,,,,,,,,,,,,,,,,,,,,,,,,,,,,,,existing,GSE116992,GPL21145,BAFopathy,BAFopathy,"ARID1A,ARID1B,SMARCB1,SMARCA4,SMARCA2",case,ms1169_coffin-siris syndrome 1 ms1169 disease state: coffin-siris syndrome sample 5,"CpGCorpus,existing",True,True,False,cpgcorpus,2026-02-18T12:08:40.543840,data/ajhg2020/GSE116992/GPL21145/betas/QCDPB.arrow,ae8c0245f746bf774b0636a41b24d00e8db8bf680733ea49d277223958098d2b,22.0,865920.0,data/ajhg2020/GSE116992/GPL21145/metadata/metadata.arrow,44643b37822dd38dd82a4e2ff431aba9941f46f8558b3918a3dd505293ce1c74,GSM3267115,MS1169_Coffin-Siris Syndrome 1,GSM3267115,Public on Nov 07 2018,Jul 12 2018,Nov 07 2018,genomic,1,MS1169,Homo sapiens,disease state: Coffin-Siris syndrome,tissue: Whole Blood,N/A,N/A,genomic DNA,Standard DNA extraction from blood,Cy5 and Cy3,According to the manufacturer's protocol,9606,According to the manufacturer's protocol,iScan,SAMPLE 5,"Illumina Normalization method with background correction, using minfi package in R 3.4.2",GPL21145,"Bekim,,Sadikovic",bekim.sadikovic@lhsc.on.ca,Pathology and Laboratory Medicine,University of Western Ontario,800 Commissioners Rd E,London,Ontario,N6A 5W9,Canada,ftp://ftp.ncbi.nlm.nih.gov/geo/samples/GSM3267nnn/GSM3267115/suppl/GSM3267115_202081120218_R06C01_Grn.idat.gz,ftp://ftp.ncbi.nlm.nih.gov/geo/samples/GSM3267nnn/GSM3267115/suppl/GSM3267115_202081120218_R06C01_Red.idat.gz,866091,Coffin-Siris syndrome,Whole Blood,cpgcorpus,,,,,,,,,,,,,,,,,,,,,,,,,,,,,,,,,,,,,,,,,,,,,,,,,,,,,,,,,,,,,,,,,,,,,,,,,,,,,BAFopathy,"ARID1A,ARID1B,SMARCB1,SMARCA4,SMARCA2",614607; 135900; 614609; 614608; 601358,50.0,19.0,yes,CSS1,ARID1B,,,,,,BAFopathy,"ARID1A,ARID1B,SMARCB1,SMARCA4,SMARCA2",614607; 135900; 614609; 614608; 601358,50.0,19.0,yes,CSS1,ARID1B
GSE116992_GPL21145_sample_63,GSE116992,GPL21145,BAFopathy,BAFopathy,"ARID1A,ARID1B,SMARCB1,SMARCA4,SMARCA2",case,none none none none,"CpGCorpus,existing",True,True,False,cpgcorpus,2026-02-18T12:08:40.543840,data/ajhg2020/GSE116992/GPL21145/betas/QCDPB.arrow,ae8c0245f746bf774b0636a41b24d00e8db8bf680733ea49d277223958098d2b,22.0,865920.0,data/ajhg2020/GSE116992/GPL21145/metadata/metadata.arrow,44643b37822dd38dd82a4e2ff431aba9941f46f8558b3918a3dd505293ce1c74,,,,,,,,,,,,,,,,,,,,,,,,,,,,,,,,,,,,,,,existing,GSE116992,GPL21145,BAFopathy,BAFopathy,"ARID1A,ARID1B,SMARCB1,SMARCA4,SMARCA2",case,ms1170_coffin-siris syndrome 1 ms1170 disease state: coffin-siris syndrome sample 6,"CpGCorpus,existing",True,True,False,cpgcorpus,2026-02-18T12:08:40.543840,data/ajhg2020/GSE116992/GPL21145/betas/QCDPB.arrow,ae8c0245f746bf774b0636a41b24d00e8db8bf680733ea49d277223958098d2b,22.0,865920.0,data/ajhg2020/GSE116992/GPL21145/metadata/metadata.arrow,44643b37822dd38dd82a4e2ff431aba9941f46f8558b3918a3dd505293ce1c74,GSM3267116,MS1170_Coffin-Siris Syndrome 1,GSM3267116,Public on Nov 07 2018,Jul 12 2018,Nov 07 2018,genomic,1,MS1170,Homo sapiens,disease state: Coffin-Siris syndrome,tissue: Whole Blood,N/A,N/A,genomic DNA,Standard DNA extraction from blood,Cy5 and Cy3,According to the manufacturer's protocol,9606,According to the manufacturer's protocol,iScan,SAMPLE 6,"Illumina Normalization method with background correction, using minfi package in R 3.4.2",GPL21145,"Bekim,,Sadikovic",bekim.sadikovic@lhsc.on.ca,Pathology and Laboratory Medicine,University of Western Ontario,800 Commissioners Rd E,London,Ontario,N6A 5W9,Canada,ftp://ftp.ncbi.nlm.nih.gov/geo/samples/GSM3267nnn/GSM3267116/suppl/GSM3267116_202081120218_R07C01_Grn.idat.gz,ftp://ftp.ncbi.nlm.nih.gov/geo/samples/GSM3267nnn/GSM3267116/suppl/GSM3267116_202081120218_R07C01_Red.idat.gz,866091,Coffin-Siris syndrome,Whole Blood,cpgcorpus,,,,,,,,,,,,,,,,,,,,,,,,,,,,,,,,,,,,,,,,,,,,,,,,,,,,,,,,,,,,,,,,,,,,,,,,,,,,,BAFopathy,"ARID1A,ARID1B,SMARCB1,SMARCA4,SMARCA2",614607; 135900; 614609; 614608; 601358,50.0,19.0,yes,CSS1,ARID1B,,,,,,BAFopathy,"ARID1A,ARID1B,SMARCB1,SMARCA4,SMARCA2",614607; 135900; 614609; 614608; 601358,50.0,19.0,yes,CSS1,ARID1B
GSE116992_GPL21145_sample_64,GSE116992,GPL21145,BAFopathy,BAFopathy,"ARID1A,ARID1B,SMARCB1,SMARCA4,SMARCA2",case,none none none none,"CpGCorpus,existing",True,True,False,cpgcorpus,2026-02-18T12:08:40.543840,data/ajhg2020/GSE116992/GPL21145/betas/QCDPB.arrow,ae8c0245f746bf774b0636a41b24d00e8db8bf680733ea49d277223958098d2b,22.0,865920.0,data/ajhg2020/GSE116992/GPL21145/metadata/metadata.arrow,44643b37822dd38dd82a4e2ff431aba9941f46f8558b3918a3dd505293ce1c74,,,,,,,,,,,,,,,,,,,,,,,,,,,,,,,,,,,,,,,existing,GSE116992,GPL21145,BAFopathy,BAFopathy,"ARID1A,ARID1B,SMARCB1,SMARCA4,SMARCA2",case,ms1176_coffin-siris syndrome 1 ms1176 disease state: coffin-siris syndrome sample 7,"CpGCorpus,existing",True,True,False,cpgcorpus,2026-02-18T12:08:40.543840,data/ajhg2020/GSE116992/GPL21145/betas/QCDPB.arrow,ae8c0245f746bf774b0636a41b24d00e8db8bf680733ea49d277223958098d2b,22.0,865920.0,data/ajhg2020/GSE116992/GPL21145/metadata/metadata.arrow,44643b37822dd38dd82a4e2ff431aba9941f46f8558b3918a3dd505293ce1c74,GSM3267117,MS1176_Coffin-Siris Syndrome 1,GSM3267117,Public on Nov 07 2018,Jul 12 2018,Nov 07 2018,genomic,1,MS1176,Homo sapiens,disease state: Coffin-Siris syndrome,tissue: Whole Blood,N/A,N/A,genomic DNA,Standard DNA extraction from blood,Cy5 and Cy3,According to the manufacturer's protocol,9606,According to the manufacturer's protocol,iScan,SAMPLE 7,"Illumina Normalization method with background correction, using minfi package in R 3.4.2",GPL21145,"Bekim,,Sadikovic",bekim.sadikovic@lhsc.on.ca,Pathology and Laboratory Medicine,University of Western Ontario,800 Commissioners Rd E,London,Ontario,N6A 5W9,Canada,ftp://ftp.ncbi.nlm.nih.gov/geo/samples/GSM3267nnn/GSM3267117/suppl/GSM3267117_202081130042_R05C01_Grn.idat.gz,ftp://ftp.ncbi.nlm.nih.gov/geo/samples/GSM3267nnn/GSM3267117/suppl/GSM3267117_202081130042_R05C01_Red.idat.gz,866091,Coffin-Siris syndrome,Whole Blood,cpgcorpus,,,,,,,,,,,,,,,,,,,,,,,,,,,,,,,,,,,,,,,,,,,,,,,,,,,,,,,,,,,,,,,,,,,,,,,,,,,,,BAFopathy,"ARID1A,ARID1B,SMARCB1,SMARCA4,SMARCA2",614607; 135900; 614609; 614608; 601358,50.0,19.0,yes,CSS1,ARID1B,,,,,,BAFopathy,"ARID1A,ARID1B,SMARCB1,SMARCA4,SMARCA2",614607; 135900; 614609; 614608; 601358,50.0,19.0,yes,CSS1,ARID1B
GSE116992_GPL21145_sample_65,GSE116992,GPL21145,BAFopathy,BAFopathy,"ARID1A,ARID1B,SMARCB1,SMARCA4,SMARCA2",case,none none none none,"CpGCorpus,existing",True,True,False,cpgcorpus,2026-02-18T12:08:40.543840,data/ajhg2020/GSE116992/GPL21145/betas/QCDPB.arrow,ae8c0245f746bf774b0636a41b24d00e8db8bf680733ea49d277223958098d2b,22.0,865920.0,data/ajhg2020/GSE116992/GPL21145/metadata/metadata.arrow,44643b37822dd38dd82a4e2ff431aba9941f46f8558b3918a3dd505293ce1c74,,,,,,,,,,,,,,,,,,,,,,,,,,,,,,,,,,,,,,,existing,GSE116992,GPL21145,BAFopathy,BAFopathy,"ARID1A,ARID1B,SMARCB1,SMARCA4,SMARCA2",case,ms1177_coffin-siris syndrome 1 ms1177 disease state: coffin-siris syndrome sample 8,"CpGCorpus,existing",True,True,False,cpgcorpus,2026-02-18T12:08:40.543840,data/ajhg2020/GSE116992/GPL21145/betas/QCDPB.arrow,ae8c0245f746bf774b0636a41b24d00e8db8bf680733ea49d277223958098d2b,22.0,865920.0,data/ajhg2020/GSE116992/GPL21145/metadata/metadata.arrow,44643b37822dd38dd82a4e2ff431aba9941f46f8558b3918a3dd505293ce1c74,GSM3267118,MS1177_Coffin-Siris Syndrome 1,GSM3267118,Public on Nov 07 2018,Jul 12 2018,Nov 07 2018,genomic,1,MS1177,Homo sapiens,disease state: Coffin-Siris syndrome,tissue: Whole Blood,N/A,N/A,genomic DNA,Standard DNA extraction from blood,Cy5 and Cy3,According to the manufacturer's protocol,9606,According to the manufacturer's protocol,iScan,SAMPLE 8,"Illumina Normalization method with background correction, using minfi package in R 3.4.2",GPL21145,"Bekim,,Sadikovic",bekim.sadikovic@lhsc.on.ca,Pathology and Laboratory Medicine,University of Western Ontario,800 Commissioners Rd E,London,Ontario,N6A 5W9,Canada,ftp://ftp.ncbi.nlm.nih.gov/geo/samples/GSM3267nnn/GSM3267118/suppl/GSM3267118_202081130042_R06C01_Grn.idat.gz,ftp://ftp.ncbi.nlm.nih.gov/geo/samples/GSM3267nnn/GSM3267118/suppl/GSM3267118_202081130042_R06C01_Red.idat.gz,866091,Coffin-Siris syndrome,Whole Blood,cpgcorpus,,,,,,,,,,,,,,,,,,,,,,,,,,,,,,,,,,,,,,,,,,,,,,,,,,,,,,,,,,,,,,,,,,,,,,,,,,,,,BAFopathy,"ARID1A,ARID1B,SMARCB1,SMARCA4,SMARCA2",614607; 135900; 614609; 614608; 601358,50.0,19.0,yes,CSS1,ARID1B,,,,,,BAFopathy,"ARID1A,ARID1B,SMARCB1,SMARCA4,SMARCA2",614607; 135900; 614609; 614608; 601358,50.0,19.0,yes,CSS1,ARID1B
GSE116992_GPL21145_sample_66,GSE116992,GPL21145,BAFopathy,BAFopathy,"ARID1A,ARID1B,SMARCB1,SMARCA4,SMARCA2",case,none none none none,"CpGCorpus,existing",True,True,False,cpgcorpus,2026-02-18T12:08:40.543840,data/ajhg2020/GSE116992/GPL21145/betas/QCDPB.arrow,ae8c0245f746bf774b0636a41b24d00e8db8bf680733ea49d277223958098d2b,22.0,865920.0,data/ajhg2020/GSE116992/GPL21145/metadata/metadata.arrow,44643b37822dd38dd82a4e2ff431aba9941f46f8558b3918a3dd505293ce1c74,,,,,,,,,,,,,,,,,,,,,,,,,,,,,,,,,,,,,,,existing,GSE116992,GPL21145,BAFopathy,BAFopathy,"ARID1A,ARID1B,SMARCB1,SMARCA4,SMARCA2",case,ms1221_nicolaides-baraitser syndrome ms1221 disease state: nicolaides-baraitser syndrome sample 9,"CpGCorpus,existing",True,True,False,cpgcorpus,2026-02-18T12:08:40.543840,data/ajhg2020/GSE116992/GPL21145/betas/QCDPB.arrow,ae8c0245f746bf774b0636a41b24d00e8db8bf680733ea49d277223958098d2b,22.0,865920.0,data/ajhg2020/GSE116992/GPL21145/metadata/metadata.arrow,44643b37822dd38dd82a4e2ff431aba9941f46f8558b3918a3dd505293ce1c74,GSM3267119,MS1221_Nicolaides-Baraitser syndrome,GSM3267119,Public on Nov 07 2018,Jul 12 2018,Nov 07 2018,genomic,1,MS1221,Homo sapiens,disease state: Nicolaides-Baraitser syndrome,tissue: Whole Blood,N/A,N/A,genomic DNA,Standard DNA extraction from blood,Cy5 and Cy3,According to the manufacturer's protocol,9606,According to the manufacturer's protocol,iScan,SAMPLE 9,"Illumina Normalization method with background correction, using minfi package in R 3.4.2",GPL21145,"Bekim,,Sadikovic",bekim.sadikovic@lhsc.on.ca,Pathology and Laboratory Medicine,University of Western Ontario,800 Commissioners Rd E,London,Ontario,N6A 5W9,Canada,ftp://ftp.ncbi.nlm.nih.gov/geo/samples/GSM3267nnn/GSM3267119/suppl/GSM3267119_202226320152_R02C01_Grn.idat.gz,ftp://ftp.ncbi.nlm.nih.gov/geo/samples/GSM3267nnn/GSM3267119/suppl/GSM3267119_202226320152_R02C01_Red.idat.gz,866091,Nicolaides-Baraitser syndrome,Whole Blood,cpgcorpus,,,,,,,,,,,,,,,,,,,,,,,,,,,,,,,,,,,,,,,,,,,,,,,,,,,,,,,,,,,,,,,,,,,,,,,,,,,,,BAFopathy,"ARID1A,ARID1B,SMARCB1,SMARCA4,SMARCA2",614607; 135900; 614609; 614608; 601358,50.0,19.0,yes,NCBRS,SMARCA2,,,,,,BAFopathy,"ARID1A,ARID1B,SMARCB1,SMARCA4,SMARCA2",614607; 135900; 614609; 614608; 601358,50.0,19.0,yes,NCBRS,SMARCA2
GSE116992_GPL21145_sample_67,GSE116992,GPL21145,BAFopathy,BAFopathy,"ARID1A,ARID1B,SMARCB1,SMARCA4,SMARCA2",case,none none none none,"CpGCorpus,existing",True,True,False,cpgcorpus,2026-02-18T12:08:40.543840,data/ajhg2020/GSE116992/GPL21145/betas/QCDPB.arrow,ae8c0245f746bf774b0636a41b24d00e8db8bf680733ea49d277223958098d2b,22.0,865920.0,data/ajhg2020/GSE116992/GPL21145/metadata/metadata.arrow,44643b37822dd38dd82a4e2ff431aba9941f46f8558b3918a3dd505293ce1c74,,,,,,,,,,,,,,,,,,,,,,,,,,,,,,,,,,,,,,,existing,GSE116992,GPL21145,BAFopathy,BAFopathy,"ARID1A,ARID1B,SMARCB1,SMARCA4,SMARCA2",case,ms1222_nicolaides-baraitser syndrome ms1222 disease state: nicolaides-baraitser syndrome sample 10,"CpGCorpus,existing",True,True,False,cpgcorpus,2026-02-18T12:08:40.543840,data/ajhg2020/GSE116992/GPL21145/betas/QCDPB.arrow,ae8c0245f746bf774b0636a41b24d00e8db8bf680733ea49d277223958098d2b,22.0,865920.0,data/ajhg2020/GSE116992/GPL21145/metadata/metadata.arrow,44643b37822dd38dd82a4e2ff431aba9941f46f8558b3918a3dd505293ce1c74,GSM3267120,MS1222_Nicolaides-Baraitser syndrome,GSM3267120,Public on Nov 07 2018,Jul 12 2018,Nov 07 2018,genomic,1,MS1222,Homo sapiens,disease state: Nicolaides-Baraitser syndrome,tissue: Whole Blood,N/A,N/A,genomic DNA,Standard DNA extraction from blood,Cy5 and Cy3,According to the manufacturer's protocol,9606,According to the manufacturer's protocol,iScan,SAMPLE 10,"Illumina Normalization method with background correction, using minfi package in R 3.4.2",GPL21145,"Bekim,,Sadikovic",bekim.sadikovic@lhsc.on.ca,Pathology and Laboratory Medicine,University of Western Ontario,800 Commissioners Rd E,London,Ontario,N6A 5W9,Canada,ftp://ftp.ncbi.nlm.nih.gov/geo/samples/GSM3267nnn/GSM3267120/suppl/GSM3267120_202226320152_R03C01_Grn.idat.gz,ftp://ftp.ncbi.nlm.nih.gov/geo/samples/GSM3267nnn/GSM3267120/suppl/GSM3267120_202226320152_R03C01_Red.idat.gz,866091,Nicolaides-Baraitser syndrome,Whole Blood,cpgcorpus,,,,,,,,,,,,,,,,,,,,,,,,,,,,,,,,,,,,,,,,,,,,,,,,,,,,,,,,,,,,,,,,,,,,,,,,,,,,,BAFopathy,"ARID1A,ARID1B,SMARCB1,SMARCA4,SMARCA2",614607; 135900; 614609; 614608; 601358,50.0,19.0,yes,NCBRS,SMARCA2,,,,,,BAFopathy,"ARID1A,ARID1B,SMARCB1,SMARCA4,SMARCA2",614607; 135900; 614609; 614608; 601358,50.0,19.0,yes,NCBRS,SMARCA2
GSE116992_GPL21145_sample_68,GSE116992,GPL21145,BAFopathy,BAFopathy,"ARID1A,ARID1B,SMARCB1,SMARCA4,SMARCA2",case,none none none none,"CpGCorpus,existing",True,True,False,cpgcorpus,2026-02-18T12:08:40.543840,data/ajhg2020/GSE116992/GPL21145/betas/QCDPB.arrow,ae8c0245f746bf774b0636a41b24d00e8db8bf680733ea49d277223958098d2b,22.0,865920.0,data/ajhg2020/GSE116992/GPL21145/metadata/metadata.arrow,44643b37822dd38dd82a4e2ff431aba9941f46f8558b3918a3dd505293ce1c74,,,,,,,,,,,,,,,,,,,,,,,,,,,,,,,,,,,,,,,existing,GSE116992,GPL21145,BAFopathy,BAFopathy,"ARID1A,ARID1B,SMARCB1,SMARCA4,SMARCA2",case,ms1223_nicolaides-baraitser syndrome ms1223 disease state: nicolaides-baraitser syndrome sample 11,"CpGCorpus,existing",True,True,False,cpgcorpus,2026-02-18T12:08:40.543840,data/ajhg2020/GSE116992/GPL21145/betas/QCDPB.arrow,ae8c0245f746bf774b0636a41b24d00e8db8bf680733ea49d277223958098d2b,22.0,865920.0,data/ajhg2020/GSE116992/GPL21145/metadata/metadata.arrow,44643b37822dd38dd82a4e2ff431aba9941f46f8558b3918a3dd505293ce1c74,GSM3267121,MS1223_Nicolaides-Baraitser syndrome,GSM3267121,Public on Nov 07 2018,Jul 12 2018,Nov 07 2018,genomic,1,MS1223,Homo sapiens,disease state: Nicolaides-Baraitser syndrome,tissue: Whole Blood,N/A,N/A,genomic DNA,Standard DNA extraction from blood,Cy5 and Cy3,According to the manufacturer's protocol,9606,According to the manufacturer's protocol,iScan,SAMPLE 11,"Illumina Normalization method with background correction, using minfi package in R 3.4.2",GPL21145,"Bekim,,Sadikovic",bekim.sadikovic@lhsc.on.ca,Pathology and Laboratory Medicine,University of Western Ontario,800 Commissioners Rd E,London,Ontario,N6A 5W9,Canada,ftp://ftp.ncbi.nlm.nih.gov/geo/samples/GSM3267nnn/GSM3267121/suppl/GSM3267121_202226320152_R04C01_Grn.idat.gz,ftp://ftp.ncbi.nlm.nih.gov/geo/samples/GSM3267nnn/GSM3267121/suppl/GSM3267121_202226320152_R04C01_Red.idat.gz,866091,Nicolaides-Baraitser syndrome,Whole Blood,cpgcorpus,,,,,,,,,,,,,,,,,,,,,,,,,,,,,,,,,,,,,,,,,,,,,,,,,,,,,,,,,,,,,,,,,,,,,,,,,,,,,BAFopathy,"ARID1A,ARID1B,SMARCB1,SMARCA4,SMARCA2",614607; 135900; 614609; 614608; 601358,50.0,19.0,yes,NCBRS,SMARCA2,,,,,,BAFopathy,"ARID1A,ARID1B,SMARCB1,SMARCA4,SMARCA2",614607; 135900; 614609; 614608; 601358,50.0,19.0,yes,NCBRS,SMARCA2
GSE116992_GPL21145_sample_69,GSE116992,GPL21145,BAFopathy,BAFopathy,"ARID1A,ARID1B,SMARCB1,SMARCA4,SMARCA2",case,none none none none,"CpGCorpus,existing",True,True,False,cpgcorpus,2026-02-18T12:08:40.543840,data/ajhg2020/GSE116992/GPL21145/betas/QCDPB.arrow,ae8c0245f746bf774b0636a41b24d00e8db8bf680733ea49d277223958098d2b,22.0,865920.0,data/ajhg2020/GSE116992/GPL21145/metadata/metadata.arrow,44643b37822dd38dd82a4e2ff431aba9941f46f8558b3918a3dd505293ce1c74,,,,,,,,,,,,,,,,,,,,,,,,,,,,,,,,,,,,,,,existing,GSE116992,GPL21145,BAFopathy,BAFopathy,"ARID1A,ARID1B,SMARCB1,SMARCA4,SMARCA2",case,ms1227_nicolaides-baraitser syndrome ms1227 disease state: nicolaides-baraitser syndrome sample 12,"CpGCorpus,existing",True,True,False,cpgcorpus,2026-02-18T12:08:40.543840,data/ajhg2020/GSE116992/GPL21145/betas/QCDPB.arrow,ae8c0245f746bf774b0636a41b24d00e8db8bf680733ea49d277223958098d2b,22.0,865920.0,data/ajhg2020/GSE116992/GPL21145/metadata/metadata.arrow,44643b37822dd38dd82a4e2ff431aba9941f46f8558b3918a3dd505293ce1c74,GSM3267122,MS1227_Nicolaides-Baraitser syndrome,GSM3267122,Public on Nov 07 2018,Jul 12 2018,Nov 07 2018,genomic,1,MS1227,Homo sapiens,disease state: Nicolaides-Baraitser syndrome,tissue: Whole Blood,N/A,N/A,genomic DNA,Standard DNA extraction from blood,Cy5 and Cy3,According to the manufacturer's protocol,9606,According to the manufacturer's protocol,iScan,SAMPLE 12,"Illumina Normalization method with background correction, using minfi package in R 3.4.2",GPL21145,"Bekim,,Sadikovic",bekim.sadikovic@lhsc.on.ca,Pathology and Laboratory Medicine,University of Western Ontario,800 Commissioners Rd E,London,Ontario,N6A 5W9,Canada,ftp://ftp.ncbi.nlm.nih.gov/geo/samples/GSM3267nnn/GSM3267122/suppl/GSM3267122_202226320152_R08C01_Grn.idat.gz,ftp://ftp.ncbi.nlm.nih.gov/geo/samples/GSM3267nnn/GSM3267122/suppl/GSM3267122_202226320152_R08C01_Red.idat.gz,866091,Nicolaides-Baraitser syndrome,Whole Blood,cpgcorpus,,,,,,,,,,,,,,,,,,,,,,,,,,,,,,,,,,,,,,,,,,,,,,,,,,,,,,,,,,,,,,,,,,,,,,,,,,,,,BAFopathy,"ARID1A,ARID1B,SMARCB1,SMARCA4,SMARCA2",614607; 135900; 614609; 614608; 601358,50.0,19.0,yes,NCBRS,SMARCA2,,,,,,BAFopathy,"ARID1A,ARID1B,SMARCB1,SMARCA4,SMARCA2",614607; 135900; 614609; 614608; 601358,50.0,19.0,yes,NCBRS,SMARCA2
GSE116992_GPL21145_sample_70,GSE116992,GPL21145,BAFopathy,BAFopathy,"ARID1A,ARID1B,SMARCB1,SMARCA4,SMARCA2",case,none none none none,"CpGCorpus,existing",True,True,False,cpgcorpus,2026-02-18T12:08:40.543840,data/ajhg2020/GSE116992/GPL21145/betas/QCDPB.arrow,ae8c0245f746bf774b0636a41b24d00e8db8bf680733ea49d277223958098d2b,22.0,865920.0,data/ajhg2020/GSE116992/GPL21145/metadata/metadata.arrow,44643b37822dd38dd82a4e2ff431aba9941f46f8558b3918a3dd505293ce1c74,,,,,,,,,,,,,,,,,,,,,,,,,,,,,,,,,,,,,,,existing,GSE116992,GPL21145,BAFopathy,BAFopathy,"ARID1A,ARID1B,SMARCB1,SMARCA4,SMARCA2",case,ms1237_nicolaides-baraitser syndrome ms1237 disease state: nicolaides-baraitser syndrome sample 13,"CpGCorpus,existing",True,True,False,cpgcorpus,2026-02-18T12:08:40.543840,data/ajhg2020/GSE116992/GPL21145/betas/QCDPB.arrow,ae8c0245f746bf774b0636a41b24d00e8db8bf680733ea49d277223958098d2b,22.0,865920.0,data/ajhg2020/GSE116992/GPL21145/metadata/metadata.arrow,44643b37822dd38dd82a4e2ff431aba9941f46f8558b3918a3dd505293ce1c74,GSM3267123,MS1237_Nicolaides-Baraitser syndrome,GSM3267123,Public on Nov 07 2018,Jul 12 2018,Nov 07 2018,genomic,1,MS1237,Homo sapiens,disease state: Nicolaides-Baraitser syndrome,tissue: Whole Blood,N/A,N/A,genomic DNA,Standard DNA extraction from blood,Cy5 and Cy3,According to the manufacturer's protocol,9606,According to the manufacturer's protocol,iScan,SAMPLE 13,"Illumina Normalization method with background correction, using minfi package in R 3.4.2",GPL21145,"Bekim,,Sadikovic",bekim.sadikovic@lhsc.on.ca,Pathology and Laboratory Medicine,University of Western Ontario,800 Commissioners Rd E,London,Ontario,N6A 5W9,Canada,ftp://ftp.ncbi.nlm.nih.gov/geo/samples/GSM3267nnn/GSM3267123/suppl/GSM3267123_202226320201_R02C01_Grn.idat.gz,ftp://ftp.ncbi.nlm.nih.gov/geo/samples/GSM3267nnn/GSM3267123/suppl/GSM3267123_202226320201_R02C01_Red.idat.gz,866091,Nicolaides-Baraitser syndrome,Whole Blood,cpgcorpus,,,,,,,,,,,,,,,,,,,,,,,,,,,,,,,,,,,,,,,,,,,,,,,,,,,,,,,,,,,,,,,,,,,,,,,,,,,,,BAFopathy,"ARID1A,ARID1B,SMARCB1,SMARCA4,SMARCA2",614607; 135900; 614609; 614608; 601358,50.0,19.0,yes,NCBRS,SMARCA2,,,,,,BAFopathy,"ARID1A,ARID1B,SMARCB1,SMARCA4,SMARCA2",614607; 135900; 614609; 614608; 601358,50.0,19.0,yes,NCBRS,SMARCA2
GSE116992_GPL21145_sample_71,GSE116992,GPL21145,BAFopathy,BAFopathy,"ARID1A,ARID1B,SMARCB1,SMARCA4,SMARCA2",case,none none none none,"CpGCorpus,existing",True,True,False,cpgcorpus,2026-02-18T12:08:40.543840,data/ajhg2020/GSE116992/GPL21145/betas/QCDPB.arrow,ae8c0245f746bf774b0636a41b24d00e8db8bf680733ea49d277223958098d2b,22.0,865920.0,data/ajhg2020/GSE116992/GPL21145/metadata/metadata.arrow,44643b37822dd38dd82a4e2ff431aba9941f46f8558b3918a3dd505293ce1c74,,,,,,,,,,,,,,,,,,,,,,,,,,,,,,,,,,,,,,,existing,GSE116992,GPL21145,BAFopathy,BAFopathy,"ARID1A,ARID1B,SMARCB1,SMARCA4,SMARCA2",case,ms1238_nicolaides-baraitser syndrome ms1238 disease state: nicolaides-baraitser syndrome sample 14,"CpGCorpus,existing",True,True,False,cpgcorpus,2026-02-18T12:08:40.543840,data/ajhg2020/GSE116992/GPL21145/betas/QCDPB.arrow,ae8c0245f746bf774b0636a41b24d00e8db8bf680733ea49d277223958098d2b,22.0,865920.0,data/ajhg2020/GSE116992/GPL21145/metadata/metadata.arrow,44643b37822dd38dd82a4e2ff431aba9941f46f8558b3918a3dd505293ce1c74,GSM3267124,MS1238_Nicolaides-Baraitser syndrome,GSM3267124,Public on Nov 07 2018,Jul 12 2018,Nov 07 2018,genomic,1,MS1238,Homo sapiens,disease state: Nicolaides-Baraitser syndrome,tissue: Whole Blood,N/A,N/A,genomic DNA,Standard DNA extraction from blood,Cy5 and Cy3,According to the manufacturer's protocol,9606,According to the manufacturer's protocol,iScan,SAMPLE 14,"Illumina Normalization method with background correction, using minfi package in R 3.4.2",GPL21145,"Bekim,,Sadikovic",bekim.sadikovic@lhsc.on.ca,Pathology and Laboratory Medicine,University of Western Ontario,800 Commissioners Rd E,London,Ontario,N6A 5W9,Canada,ftp://ftp.ncbi.nlm.nih.gov/geo/samples/GSM3267nnn/GSM3267124/suppl/GSM3267124_202226320201_R03C01_Grn.idat.gz,ftp://ftp.ncbi.nlm.nih.gov/geo/samples/GSM3267nnn/GSM3267124/suppl/GSM3267124_202226320201_R03C01_Red.idat.gz,866091,Nicolaides-Baraitser syndrome,Whole Blood,cpgcorpus,,,,,,,,,,,,,,,,,,,,,,,,,,,,,,,,,,,,,,,,,,,,,,,,,,,,,,,,,,,,,,,,,,,,,,,,,,,,,BAFopathy,"ARID1A,ARID1B,SMARCB1,SMARCA4,SMARCA2",614607; 135900; 614609; 614608; 601358,50.0,19.0,yes,NCBRS,SMARCA2,,,,,,BAFopathy,"ARID1A,ARID1B,SMARCB1,SMARCA4,SMARCA2",614607; 135900; 614609; 614608; 601358,50.0,19.0,yes,NCBRS,SMARCA2
GSE116992_GPL21145_sample_72,GSE116992,GPL21145,BAFopathy,BAFopathy,"ARID1A,ARID1B,SMARCB1,SMARCA4,SMARCA2",case,none none none none,"CpGCorpus,existing",True,True,False,cpgcorpus,2026-02-18T12:08:40.543840,data/ajhg2020/GSE116992/GPL21145/betas/QCDPB.arrow,ae8c0245f746bf774b0636a41b24d00e8db8bf680733ea49d277223958098d2b,22.0,865920.0,data/ajhg2020/GSE116992/GPL21145/metadata/metadata.arrow,44643b37822dd38dd82a4e2ff431aba9941f46f8558b3918a3dd505293ce1c74,,,,,,,,,,,,,,,,,,,,,,,,,,,,,,,,,,,,,,,existing,GSE116992,GPL21145,BAFopathy,BAFopathy,"ARID1A,ARID1B,SMARCB1,SMARCA4,SMARCA2",case,ms1243_nicolaides-baraitser syndrome ms1243 disease state: nicolaides-baraitser syndrome sample 15,"CpGCorpus,existing",True,True,False,cpgcorpus,2026-02-18T12:08:40.543840,data/ajhg2020/GSE116992/GPL21145/betas/QCDPB.arrow,ae8c0245f746bf774b0636a41b24d00e8db8bf680733ea49d277223958098d2b,22.0,865920.0,data/ajhg2020/GSE116992/GPL21145/metadata/metadata.arrow,44643b37822dd38dd82a4e2ff431aba9941f46f8558b3918a3dd505293ce1c74,GSM3267125,MS1243_Nicolaides-Baraitser syndrome,GSM3267125,Public on Nov 07 2018,Jul 12 2018,Nov 07 2018,genomic,1,MS1243,Homo sapiens,disease state: Nicolaides-Baraitser syndrome,tissue: Whole Blood,N/A,N/A,genomic DNA,Standard DNA extraction from blood,Cy5 and Cy3,According to the manufacturer's protocol,9606,According to the manufacturer's protocol,iScan,SAMPLE 15,"Illumina Normalization method with background correction, using minfi package in R 3.4.2",GPL21145,"Bekim,,Sadikovic",bekim.sadikovic@lhsc.on.ca,Pathology and Laboratory Medicine,University of Western Ontario,800 Commissioners Rd E,London,Ontario,N6A 5W9,Canada,ftp://ftp.ncbi.nlm.nih.gov/geo/samples/GSM3267nnn/GSM3267125/suppl/GSM3267125_202226320201_R08C01_Grn.idat.gz,ftp://ftp.ncbi.nlm.nih.gov/geo/samples/GSM3267nnn/GSM3267125/suppl/GSM3267125_202226320201_R08C01_Red.idat.gz,866091,Nicolaides-Baraitser syndrome,Whole Blood,cpgcorpus,,,,,,,,,,,,,,,,,,,,,,,,,,,,,,,,,,,,,,,,,,,,,,,,,,,,,,,,,,,,,,,,,,,,,,,,,,,,,BAFopathy,"ARID1A,ARID1B,SMARCB1,SMARCA4,SMARCA2",614607; 135900; 614609; 614608; 601358,50.0,19.0,yes,NCBRS,SMARCA2,,,,,,BAFopathy,"ARID1A,ARID1B,SMARCB1,SMARCA4,SMARCA2",614607; 135900; 614609; 614608; 601358,50.0,19.0,yes,NCBRS,SMARCA2
GSE116992_GPL21145_sample_73,GSE116992,GPL21145,BAFopathy,BAFopathy,"ARID1A,ARID1B,SMARCB1,SMARCA4,SMARCA2",case,none none none none,"CpGCorpus,existing",True,True,False,cpgcorpus,2026-02-18T12:08:40.543840,data/ajhg2020/GSE116992/GPL21145/betas/QCDPB.arrow,ae8c0245f746bf774b0636a41b24d00e8db8bf680733ea49d277223958098d2b,22.0,865920.0,data/ajhg2020/GSE116992/GPL21145/metadata/metadata.arrow,44643b37822dd38dd82a4e2ff431aba9941f46f8558b3918a3dd505293ce1c74,,,,,,,,,,,,,,,,,,,,,,,,,,,,,,,,,,,,,,,existing,GSE116992,GPL21145,BAFopathy,BAFopathy,"ARID1A,ARID1B,SMARCB1,SMARCA4,SMARCA2",case,ms1201_coffin-siris syndrome 1 ms1201 disease state: coffin-siris syndrome sample 16,"CpGCorpus,existing",True,True,False,cpgcorpus,2026-02-18T12:08:40.543840,data/ajhg2020/GSE116992/GPL21145/betas/QCDPB.arrow,ae8c0245f746bf774b0636a41b24d00e8db8bf680733ea49d277223958098d2b,22.0,865920.0,data/ajhg2020/GSE116992/GPL21145/metadata/metadata.arrow,44643b37822dd38dd82a4e2ff431aba9941f46f8558b3918a3dd505293ce1c74,GSM3267126,MS1201_Coffin-Siris Syndrome 1,GSM3267126,Public on Nov 07 2018,Jul 12 2018,Nov 07 2018,genomic,1,MS1201,Homo sapiens,disease state: Coffin-Siris syndrome,tissue: Whole Blood,N/A,N/A,genomic DNA,Standard DNA extraction from blood,Cy5 and Cy3,According to the manufacturer's protocol,9606,According to the manufacturer's protocol,iScan,SAMPLE 16,"Illumina Normalization method with background correction, using minfi package in R 3.4.2",GPL21145,"Bekim,,Sadikovic",bekim.sadikovic@lhsc.on.ca,Pathology and Laboratory Medicine,University of Western Ontario,800 Commissioners Rd E,London,Ontario,N6A 5W9,Canada,ftp://ftp.ncbi.nlm.nih.gov/geo/samples/GSM3267nnn/GSM3267126/suppl/GSM3267126_202240580107_R06C01_Grn.idat.gz,ftp://ftp.ncbi.nlm.nih.gov/geo/samples/GSM3267nnn/GSM3267126/suppl/GSM3267126_202240580107_R06C01_Red.idat.gz,866091,Coffin-Siris syndrome,Whole Blood,cpgcorpus,,,,,,,,,,,,,,,,,,,,,,,,,,,,,,,,,,,,,,,,,,,,,,,,,,,,,,,,,,,,,,,,,,,,,,,,,,,,,BAFopathy,"ARID1A,ARID1B,SMARCB1,SMARCA4,SMARCA2",614607; 135900; 614609; 614608; 601358,50.0,19.0,yes,CSS1,ARID1B,,,,,,BAFopathy,"ARID1A,ARID1B,SMARCB1,SMARCA4,SMARCA2",614607; 135900; 614609; 614608; 601358,50.0,19.0,yes,CSS1,ARID1B
GSE116992_GPL21145_sample_74,GSE116992,GPL21145,BAFopathy,BAFopathy,"ARID1A,ARID1B,SMARCB1,SMARCA4,SMARCA2",case,none none none none,"CpGCorpus,existing",True,True,False,cpgcorpus,2026-02-18T12:08:40.543840,data/ajhg2020/GSE116992/GPL21145/betas/QCDPB.arrow,ae8c0245f746bf774b0636a41b24d00e8db8bf680733ea49d277223958098d2b,22.0,865920.0,data/ajhg2020/GSE116992/GPL21145/metadata/metadata.arrow,44643b37822dd38dd82a4e2ff431aba9941f46f8558b3918a3dd505293ce1c74,,,,,,,,,,,,,,,,,,,,,,,,,,,,,,,,,,,,,,,existing,GSE116992,GPL21145,BAFopathy,BAFopathy,"ARID1A,ARID1B,SMARCB1,SMARCA4,SMARCA2",case,ms1209_coffin-siris syndrome 4 ms1209 disease state: coffin-siris syndrome sample 17,"CpGCorpus,existing",True,True,False,cpgcorpus,2026-02-18T12:08:40.543840,data/ajhg2020/GSE116992/GPL21145/betas/QCDPB.arrow,ae8c0245f746bf774b0636a41b24d00e8db8bf680733ea49d277223958098d2b,22.0,865920.0,data/ajhg2020/GSE116992/GPL21145/metadata/metadata.arrow,44643b37822dd38dd82a4e2ff431aba9941f46f8558b3918a3dd505293ce1c74,GSM3267127,MS1209_Coffin-Siris Syndrome 4,GSM3267127,Public on Nov 07 2018,Jul 12 2018,Nov 07 2018,genomic,1,MS1209,Homo sapiens,disease state: Coffin-Siris syndrome,tissue: Whole Blood,N/A,N/A,genomic DNA,Standard DNA extraction from blood,Cy5 and Cy3,According to the manufacturer's protocol,9606,According to the manufacturer's protocol,iScan,SAMPLE 17,"Illumina Normalization method with background correction, using minfi package in R 3.4.2",GPL21145,"Bekim,,Sadikovic",bekim.sadikovic@lhsc.on.ca,Pathology and Laboratory Medicine,University of Western Ontario,800 Commissioners Rd E,London,Ontario,N6A 5W9,Canada,ftp://ftp.ncbi.nlm.nih.gov/geo/samples/GSM3267nnn/GSM3267127/suppl/GSM3267127_202240580157_R06C01_Grn.idat.gz,ftp://ftp.ncbi.nlm.nih.gov/geo/samples/GSM3267nnn/GSM3267127/suppl/GSM3267127_202240580157_R06C01_Red.idat.gz,866091,Coffin-Siris syndrome,Whole Blood,cpgcorpus,,,,,,,,,,,,,,,,,,,,,,,,,,,,,,,,,,,,,,,,,,,,,,,,,,,,,,,,,,,,,,,,,,,,,,,,,,,,,BAFopathy,"ARID1A,ARID1B,SMARCB1,SMARCA4,SMARCA2",614607; 135900; 614609; 614608; 601358,50.0,19.0,yes,CSS1,ARID1B,,,,,,BAFopathy,"ARID1A,ARID1B,SMARCB1,SMARCA4,SMARCA2",614607; 135900; 614609; 614608; 601358,50.0,19.0,yes,CSS4,SMARCA4
GSE116992_GPL21145_sample_75,GSE116992,GPL21145,BAFopathy,BAFopathy,"ARID1A,ARID1B,SMARCB1,SMARCA4,SMARCA2",case,none none none none,"CpGCorpus,existing",True,True,False,cpgcorpus,2026-02-18T12:08:40.543840,data/ajhg2020/GSE116992/GPL21145/betas/QCDPB.arrow,ae8c0245f746bf774b0636a41b24d00e8db8bf680733ea49d277223958098d2b,22.0,865920.0,data/ajhg2020/GSE116992/GPL21145/metadata/metadata.arrow,44643b37822dd38dd82a4e2ff431aba9941f46f8558b3918a3dd505293ce1c74,,,,,,,,,,,,,,,,,,,,,,,,,,,,,,,,,,,,,,,existing,GSE116992,GPL21145,BAFopathy,BAFopathy,"ARID1A,ARID1B,SMARCB1,SMARCA4,SMARCA2",case,ms1212_coffin-siris syndrome 1 ms1212 disease state: coffin-siris syndrome sample 18,"CpGCorpus,existing",True,True,False,cpgcorpus,2026-02-18T12:08:40.543840,data/ajhg2020/GSE116992/GPL21145/betas/QCDPB.arrow,ae8c0245f746bf774b0636a41b24d00e8db8bf680733ea49d277223958098d2b,22.0,865920.0,data/ajhg2020/GSE116992/GPL21145/metadata/metadata.arrow,44643b37822dd38dd82a4e2ff431aba9941f46f8558b3918a3dd505293ce1c74,GSM3267128,MS1212_Coffin-Siris Syndrome 1,GSM3267128,Public on Nov 07 2018,Jul 12 2018,Nov 07 2018,genomic,1,MS1212,Homo sapiens,disease state: Coffin-Siris syndrome,tissue: Whole Blood,N/A,N/A,genomic DNA,Standard DNA extraction from blood,Cy5 and Cy3,According to the manufacturer's protocol,9606,According to the manufacturer's protocol,iScan,SAMPLE 18,"Illumina Normalization method with background correction, using minfi package in R 3.4.2",GPL21145,"Bekim,,Sadikovic",bekim.sadikovic@lhsc.on.ca,Pathology and Laboratory Medicine,University of Western Ontario,800 Commissioners Rd E,London,Ontario,N6A 5W9,Canada,ftp://ftp.ncbi.nlm.nih.gov/geo/samples/GSM3267nnn/GSM3267128/suppl/GSM3267128_202240580159_R01C01_Grn.idat.gz,ftp://ftp.ncbi.nlm.nih.gov/geo/samples/GSM3267nnn/GSM3267128/suppl/GSM3267128_202240580159_R01C01_Red.idat.gz,866091,Coffin-Siris syndrome,Whole Blood,cpgcorpus,,,,,,,,,,,,,,,,,,,,,,,,,,,,,,,,,,,,,,,,,,,,,,,,,,,,,,,,,,,,,,,,,,,,,,,,,,,,,BAFopathy,"ARID1A,ARID1B,SMARCB1,SMARCA4,SMARCA2",614607; 135900; 614609; 614608; 601358,50.0,19.0,yes,CSS1,ARID1B,,,,,,BAFopathy,"ARID1A,ARID1B,SMARCB1,SMARCA4,SMARCA2",614607; 135900; 614609; 614608; 601358,50.0,19.0,yes,CSS1,ARID1B
GSE116992_GPL21145_sample_76,GSE116992,GPL21145,BAFopathy,BAFopathy,"ARID1A,ARID1B,SMARCB1,SMARCA4,SMARCA2",case,none none none none,"CpGCorpus,existing",True,True,False,cpgcorpus,2026-02-18T12:08:40.543840,data/ajhg2020/GSE116992/GPL21145/betas/QCDPB.arrow,ae8c0245f746bf774b0636a41b24d00e8db8bf680733ea49d277223958098d2b,22.0,865920.0,data/ajhg2020/GSE116992/GPL21145/metadata/metadata.arrow,44643b37822dd38dd82a4e2ff431aba9941f46f8558b3918a3dd505293ce1c74,,,,,,,,,,,,,,,,,,,,,,,,,,,,,,,,,,,,,,,existing,GSE116992,GPL21145,BAFopathy,BAFopathy,"ARID1A,ARID1B,SMARCB1,SMARCA4,SMARCA2",case,ms1213_coffin-siris syndrome 1 ms1213 disease state: coffin-siris syndrome sample 19,"CpGCorpus,existing",True,True,False,cpgcorpus,2026-02-18T12:08:40.543840,data/ajhg2020/GSE116992/GPL21145/betas/QCDPB.arrow,ae8c0245f746bf774b0636a41b24d00e8db8bf680733ea49d277223958098d2b,22.0,865920.0,data/ajhg2020/GSE116992/GPL21145/metadata/metadata.arrow,44643b37822dd38dd82a4e2ff431aba9941f46f8558b3918a3dd505293ce1c74,GSM3267129,MS1213_Coffin-Siris Syndrome 1,GSM3267129,Public on Nov 07 2018,Jul 12 2018,Nov 07 2018,genomic,1,MS1213,Homo sapiens,disease state: Coffin-Siris syndrome,tissue: Whole Blood,N/A,N/A,genomic DNA,Standard DNA extraction from blood,Cy5 and Cy3,According to the manufacturer's protocol,9606,According to the manufacturer's protocol,iScan,SAMPLE 19,"Illumina Normalization method with background correction, using minfi package in R 3.4.2",GPL21145,"Bekim,,Sadikovic",bekim.sadikovic@lhsc.on.ca,Pathology and Laboratory Medicine,University of Western Ontario,800 Commissioners Rd E,London,Ontario,N6A 5W9,Canada,ftp://ftp.ncbi.nlm.nih.gov/geo/samples/GSM3267nnn/GSM3267129/suppl/GSM3267129_202240580159_R02C01_Grn.idat.gz,ftp://ftp.ncbi.nlm.nih.gov/geo/samples/GSM3267nnn/GSM3267129/suppl/GSM3267129_202240580159_R02C01_Red.idat.gz,866091,Coffin-Siris syndrome,Whole Blood,cpgcorpus,,,,,,,,,,,,,,,,,,,,,,,,,,,,,,,,,,,,,,,,,,,,,,,,,,,,,,,,,,,,,,,,,,,,,,,,,,,,,BAFopathy,"ARID1A,ARID1B,SMARCB1,SMARCA4,SMARCA2",614607; 135900; 614609; 614608; 601358,50.0,19.0,yes,CSS1,ARID1B,,,,,,BAFopathy,"ARID1A,ARID1B,SMARCB1,SMARCA4,SMARCA2",614607; 135900; 614609; 614608; 601358,50.0,19.0,yes,CSS1,ARID1B
GSE116992_GPL21145_sample_77,GSE116992,GPL21145,BAFopathy,BAFopathy,"ARID1A,ARID1B,SMARCB1,SMARCA4,SMARCA2",case,none none none none,"CpGCorpus,existing",True,True,False,cpgcorpus,2026-02-18T12:08:40.543840,data/ajhg2020/GSE116992/GPL21145/betas/QCDPB.arrow,ae8c0245f746bf774b0636a41b24d00e8db8bf680733ea49d277223958098d2b,22.0,865920.0,data/ajhg2020/GSE116992/GPL21145/metadata/metadata.arrow,44643b37822dd38dd82a4e2ff431aba9941f46f8558b3918a3dd505293ce1c74,,,,,,,,,,,,,,,,,,,,,,,,,,,,,,,,,,,,,,,existing,GSE116992,GPL21145,BAFopathy,BAFopathy,"ARID1A,ARID1B,SMARCB1,SMARCA4,SMARCA2",case,ms1215_coffin-siris syndrome 1 ms1215 disease state: coffin-siris syndrome sample 20,"CpGCorpus,existing",True,True,False,cpgcorpus,2026-02-18T12:08:40.543840,data/ajhg2020/GSE116992/GPL21145/betas/QCDPB.arrow,ae8c0245f746bf774b0636a41b24d00e8db8bf680733ea49d277223958098d2b,22.0,865920.0,data/ajhg2020/GSE116992/GPL21145/metadata/metadata.arrow,44643b37822dd38dd82a4e2ff431aba9941f46f8558b3918a3dd505293ce1c74,GSM3267130,MS1215_Coffin-Siris Syndrome 1,GSM3267130,Public on Nov 07 2018,Jul 12 2018,Nov 07 2018,genomic,1,MS1215,Homo sapiens,disease state: Coffin-Siris syndrome,tissue: Whole Blood,N/A,N/A,genomic DNA,Standard DNA extraction from blood,Cy5 and Cy3,According to the manufacturer's protocol,9606,According to the manufacturer's protocol,iScan,SAMPLE 20,"Illumina Normalization method with background correction, using minfi package in R 3.4.2",GPL21145,"Bekim,,Sadikovic",bekim.sadikovic@lhsc.on.ca,Pathology and Laboratory Medicine,University of Western Ontario,800 Commissioners Rd E,London,Ontario,N6A 5W9,Canada,ftp://ftp.ncbi.nlm.nih.gov/geo/samples/GSM3267nnn/GSM3267130/suppl/GSM3267130_202240580159_R04C01_Grn.idat.gz,ftp://ftp.ncbi.nlm.nih.gov/geo/samples/GSM3267nnn/GSM3267130/suppl/GSM3267130_202240580159_R04C01_Red.idat.gz,866091,Coffin-Siris syndrome,Whole Blood,cpgcorpus,,,,,,,,,,,,,,,,,,,,,,,,,,,,,,,,,,,,,,,,,,,,,,,,,,,,,,,,,,,,,,,,,,,,,,,,,,,,,BAFopathy,"ARID1A,ARID1B,SMARCB1,SMARCA4,SMARCA2",614607; 135900; 614609; 614608; 601358,50.0,19.0,yes,CSS1,ARID1B,,,,,,BAFopathy,"ARID1A,ARID1B,SMARCB1,SMARCA4,SMARCA2",614607; 135900; 614609; 614608; 601358,50.0,19.0,yes,CSS1,ARID1B
GSE116992_GPL21145_sample_78,GSE116992,GPL21145,BAFopathy,BAFopathy,"ARID1A,ARID1B,SMARCB1,SMARCA4,SMARCA2",case,none none none none,"CpGCorpus,existing",True,True,False,cpgcorpus,2026-02-18T12:08:40.543840,data/ajhg2020/GSE116992/GPL21145/betas/QCDPB.arrow,ae8c0245f746bf774b0636a41b24d00e8db8bf680733ea49d277223958098d2b,22.0,865920.0,data/ajhg2020/GSE116992/GPL21145/metadata/metadata.arrow,44643b37822dd38dd82a4e2ff431aba9941f46f8558b3918a3dd505293ce1c74,,,,,,,,,,,,,,,,,,,,,,,,,,,,,,,,,,,,,,,existing,GSE116992,GPL21145,BAFopathy,BAFopathy,"ARID1A,ARID1B,SMARCB1,SMARCA4,SMARCA2",case,ms1216_coffin-siris syndrome 1 ms1216 disease state: coffin-siris syndrome sample 21,"CpGCorpus,existing",True,True,False,cpgcorpus,2026-02-18T12:08:40.543840,data/ajhg2020/GSE116992/GPL21145/betas/QCDPB.arrow,ae8c0245f746bf774b0636a41b24d00e8db8bf680733ea49d277223958098d2b,22.0,865920.0,data/ajhg2020/GSE116992/GPL21145/metadata/metadata.arrow,44643b37822dd38dd82a4e2ff431aba9941f46f8558b3918a3dd505293ce1c74,GSM3267131,MS1216_Coffin-Siris Syndrome 1,GSM3267131,Public on Nov 07 2018,Jul 12 2018,Nov 07 2018,genomic,1,MS1216,Homo sapiens,disease state: Coffin-Siris syndrome,tissue: Whole Blood,N/A,N/A,genomic DNA,Standard DNA extraction from blood,Cy5 and Cy3,According to the manufacturer's protocol,9606,According to the manufacturer's protocol,iScan,SAMPLE 21,"Illumina Normalization method with background correction, using minfi package in R 3.4.2",GPL21145,"Bekim,,Sadikovic",bekim.sadikovic@lhsc.on.ca,Pathology and Laboratory Medicine,University of Western Ontario,800 Commissioners Rd E,London,Ontario,N6A 5W9,Canada,ftp://ftp.ncbi.nlm.nih.gov/geo/samples/GSM3267nnn/GSM3267131/suppl/GSM3267131_202240580159_R05C01_Grn.idat.gz,ftp://ftp.ncbi.nlm.nih.gov/geo/samples/GSM3267nnn/GSM3267131/suppl/GSM3267131_202240580159_R05C01_Red.idat.gz,866091,Coffin-Siris syndrome,Whole Blood,cpgcorpus,,,,,,,,,,,,,,,,,,,,,,,,,,,,,,,,,,,,,,,,,,,,,,,,,,,,,,,,,,,,,,,,,,,,,,,,,,,,,BAFopathy,"ARID1A,ARID1B,SMARCB1,SMARCA4,SMARCA2",614607; 135900; 614609; 614608; 601358,50.0,19.0,yes,CSS1,ARID1B,,,,,,BAFopathy,"ARID1A,ARID1B,SMARCB1,SMARCA4,SMARCA2",614607; 135900; 614609; 614608; 601358,50.0,19.0,yes,CSS1,ARID1B
GSE116992_GPL21145_sample_79,GSE116992,GPL21145,BAFopathy,BAFopathy,"ARID1A,ARID1B,SMARCB1,SMARCA4,SMARCA2",case,none none none none,"CpGCorpus,existing",True,True,False,cpgcorpus,2026-02-18T12:08:40.543840,data/ajhg2020/GSE116992/GPL21145/betas/QCDPB.arrow,ae8c0245f746bf774b0636a41b24d00e8db8bf680733ea49d277223958098d2b,22.0,865920.0,data/ajhg2020/GSE116992/GPL21145/metadata/metadata.arrow,44643b37822dd38dd82a4e2ff431aba9941f46f8558b3918a3dd505293ce1c74,,,,,,,,,,,,,,,,,,,,,,,,,,,,,,,,,,,,,,,existing,GSE116992,GPL21145,BAFopathy,BAFopathy,"ARID1A,ARID1B,SMARCB1,SMARCA4,SMARCA2",case,ms1217_coffin-siris syndrome 1 ms1217 disease state: coffin-siris syndrome sample 22,"CpGCorpus,existing",True,True,False,cpgcorpus,2026-02-18T12:08:40.543840,data/ajhg2020/GSE116992/GPL21145/betas/QCDPB.arrow,ae8c0245f746bf774b0636a41b24d00e8db8bf680733ea49d277223958098d2b,22.0,865920.0,data/ajhg2020/GSE116992/GPL21145/metadata/metadata.arrow,44643b37822dd38dd82a4e2ff431aba9941f46f8558b3918a3dd505293ce1c74,GSM3267132,MS1217_Coffin-Siris Syndrome 1,GSM3267132,Public on Nov 07 2018,Jul 12 2018,Nov 07 2018,genomic,1,MS1217,Homo sapiens,disease state: Coffin-Siris syndrome,tissue: Whole Blood,N/A,N/A,genomic DNA,Standard DNA extraction from blood,Cy5 and Cy3,According to the manufacturer's protocol,9606,According to the manufacturer's protocol,iScan,SAMPLE 22,"Illumina Normalization method with background correction, using minfi package in R 3.4.2",GPL21145,"Bekim,,Sadikovic",bekim.sadikovic@lhsc.on.ca,Pathology and Laboratory Medicine,University of Western Ontario,800 Commissioners Rd E,London,Ontario,N6A 5W9,Canada,ftp://ftp.ncbi.nlm.nih.gov/geo/samples/GSM3267nnn/GSM3267132/suppl/GSM3267132_202240580159_R06C01_Grn.idat.gz,ftp://ftp.ncbi.nlm.nih.gov/geo/samples/GSM3267nnn/GSM3267132/suppl/GSM3267132_202240580159_R06C01_Red.idat.gz,866091,Coffin-Siris syndrome,Whole Blood,cpgcorpus,,,,,,,,,,,,,,,,,,,,,,,,,,,,,,,,,,,,,,,,,,,,,,,,,,,,,,,,,,,,,,,,,,,,,,,,,,,,,BAFopathy,"ARID1A,ARID1B,SMARCB1,SMARCA4,SMARCA2",614607; 135900; 614609; 614608; 601358,50.0,19.0,yes,CSS1,ARID1B,,,,,,BAFopathy,"ARID1A,ARID1B,SMARCB1,SMARCA4,SMARCA2",614607; 135900; 614609; 614608; 601358,50.0,19.0,yes,CSS1,ARID1B
GSE116992_GPL21145_sample_80,GSE116992,GPL21145,BAFopathy,BAFopathy,"ARID1A,ARID1B,SMARCB1,SMARCA4,SMARCA2",case,ms0674_coffin-siris syndrome 1 ms0674 disease state: coffin-siris syndrome sample 1,"CpGCorpus,existing",True,True,False,cpgcorpus,2026-02-18T12:08:40.543840,data/ajhg2020/GSE116992/GPL21145/betas/QCDPB.arrow,ae8c0245f746bf774b0636a41b24d00e8db8bf680733ea49d277223958098d2b,22.0,865920.0,data/ajhg2020/GSE116992/GPL21145/metadata/metadata.arrow,44643b37822dd38dd82a4e2ff431aba9941f46f8558b3918a3dd505293ce1c74,,,,,,,,,,,,,,,,,,,,,,,,,,,,,,,,,,,,,,,existing,GSE116992,GPL21145,BAFopathy,BAFopathy,"ARID1A,ARID1B,SMARCB1,SMARCA4,SMARCA2",case,none none none none,"CpGCorpus,existing",True,True,False,cpgcorpus,2026-02-18T12:08:40.543840,data/ajhg2020/GSE116992/GPL21145/betas/QCDPB.arrow,ae8c0245f746bf774b0636a41b24d00e8db8bf680733ea49d277223958098d2b,22.0,865920.0,data/ajhg2020/GSE116992/GPL21145/metadata/metadata.arrow,44643b37822dd38dd82a4e2ff431aba9941f46f8558b3918a3dd505293ce1c74,,,,,,,,,,,,,,,,,,,,,,,,,,,,,,,,,,,,,,,existing,GSE116992,GPL13534,BAFopathy,BAFopathy,"ARID1A,ARID1B,SMARCB1,SMARCA4,SMARCA2",case,ms0674_coffin-siris syndrome 1 ms0674 disease state: coffin-siris syndrome sample 1,CpGCorpus,True,True,False,cpgcorpus,2026-02-18T12:08:16.114837,data/ajhg2020/GSE116992/GPL13534/betas/QCDPB.arrow,fe0f76ef5a2ad4cd5fc014fb2292df31fa0c6aa32294a7a6b25cdbde88a44e99,7.0,485579.0,data/ajhg2020/GSE116992/GPL13534/metadata/metadata.arrow,370d204121de92891c6c4c644210b07df9b2517453e8d811b3fe2788d196e712,GSM3267080,MS0674_Coffin-Siris Syndrome 1,GSM3267080,Public on Nov 07 2018,Jul 12 2018,Nov 07 2018,genomic,1,MS0674,Homo sapiens,disease state: Coffin-Siris syndrome,tissue: Whole Blood,N/A,N/A,genomic DNA,Standard DNA extraction from blood,Cy5 and Cy3,According to the manufacturer's protocol,9606,According to the manufacturer's protocol,iScan,SAMPLE 1,"Illumina Normalization method with background correction, using minfi package in R 3.4.2",GPL13534,"Bekim,,Sadikovic",bekim.sadikovic@lhsc.on.ca,Pathology and Laboratory Medicine,University of Western Ontario,800 Commissioners Rd E,London,Ontario,N6A 5W9,Canada,ftp://ftp.ncbi.nlm.nih.gov/geo/samples/GSM3267nnn/GSM3267080/suppl/GSM3267080_101032560039_R02C01_Grn.idat.gz,ftp://ftp.ncbi.nlm.nih.gov/geo/samples/GSM3267nnn/GSM3267080/suppl/GSM3267080_101032560039_R02C01_Red.idat.gz,485512,Coffin-Siris syndrome,Whole Blood,cpgcorpus,,,,,,BAFopathy,"ARID1A,ARID1B,SMARCB1,SMARCA4,SMARCA2",614607; 135900; 614609; 614608; 601358,50.0,19.0,yes,CSS1,ARID1B,,,,,,BAFopathy,"ARID1A,ARID1B,SMARCB1,SMARCA4,SMARCA2",614607; 135900; 614609; 614608; 601358,50.0,19.0,yes,CSS1,ARID1B,,,,,,BAFopathy,"ARID1A,ARID1B,SMARCB1,SMARCA4,SMARCA2",614607; 135900; 614609; 614608; 601358,50.0,19.0,yes,CSS1,ARID1B
GSE116992_GPL21145_sample_81,GSE116992,GPL21145,BAFopathy,BAFopathy,"ARID1A,ARID1B,SMARCB1,SMARCA4,SMARCA2",case,ms0676_coffin-siris syndrome 1 ms0676 disease state: coffin-siris syndrome sample 2,"CpGCorpus,existing",True,True,False,cpgcorpus,2026-02-18T12:08:40.543840,data/ajhg2020/GSE116992/GPL21145/betas/QCDPB.arrow,ae8c0245f746bf774b0636a41b24d00e8db8bf680733ea49d277223958098d2b,22.0,865920.0,data/ajhg2020/GSE116992/GPL21145/metadata/metadata.arrow,44643b37822dd38dd82a4e2ff431aba9941f46f8558b3918a3dd505293ce1c74,,,,,,,,,,,,,,,,,,,,,,,,,,,,,,,,,,,,,,,existing,GSE116992,GPL21145,BAFopathy,BAFopathy,"ARID1A,ARID1B,SMARCB1,SMARCA4,SMARCA2",case,none none none none,"CpGCorpus,existing",True,True,False,cpgcorpus,2026-02-18T12:08:40.543840,data/ajhg2020/GSE116992/GPL21145/betas/QCDPB.arrow,ae8c0245f746bf774b0636a41b24d00e8db8bf680733ea49d277223958098d2b,22.0,865920.0,data/ajhg2020/GSE116992/GPL21145/metadata/metadata.arrow,44643b37822dd38dd82a4e2ff431aba9941f46f8558b3918a3dd505293ce1c74,,,,,,,,,,,,,,,,,,,,,,,,,,,,,,,,,,,,,,,existing,GSE116992,GPL13534,BAFopathy,BAFopathy,"ARID1A,ARID1B,SMARCB1,SMARCA4,SMARCA2",case,ms0676_coffin-siris syndrome 1 ms0676 disease state: coffin-siris syndrome sample 2,CpGCorpus,True,True,False,cpgcorpus,2026-02-18T12:08:16.114837,data/ajhg2020/GSE116992/GPL13534/betas/QCDPB.arrow,fe0f76ef5a2ad4cd5fc014fb2292df31fa0c6aa32294a7a6b25cdbde88a44e99,7.0,485579.0,data/ajhg2020/GSE116992/GPL13534/metadata/metadata.arrow,370d204121de92891c6c4c644210b07df9b2517453e8d811b3fe2788d196e712,GSM3267081,MS0676_Coffin-Siris Syndrome 1,GSM3267081,Public on Nov 07 2018,Jul 12 2018,Nov 07 2018,genomic,1,MS0676,Homo sapiens,disease state: Coffin-Siris syndrome,tissue: Whole Blood,N/A,N/A,genomic DNA,Standard DNA extraction from blood,Cy5 and Cy3,According to the manufacturer's protocol,9606,According to the manufacturer's protocol,iScan,SAMPLE 2,"Illumina Normalization method with background correction, using minfi package in R 3.4.2",GPL13534,"Bekim,,Sadikovic",bekim.sadikovic@lhsc.on.ca,Pathology and Laboratory Medicine,University of Western Ontario,800 Commissioners Rd E,London,Ontario,N6A 5W9,Canada,ftp://ftp.ncbi.nlm.nih.gov/geo/samples/GSM3267nnn/GSM3267081/suppl/GSM3267081_101032560039_R03C01_Grn.idat.gz,ftp://ftp.ncbi.nlm.nih.gov/geo/samples/GSM3267nnn/GSM3267081/suppl/GSM3267081_101032560039_R03C01_Red.idat.gz,485512,Coffin-Siris syndrome,Whole Blood,cpgcorpus,,,,,,BAFopathy,"ARID1A,ARID1B,SMARCB1,SMARCA4,SMARCA2",614607; 135900; 614609; 614608; 601358,50.0,19.0,yes,CSS1,ARID1B,,,,,,BAFopathy,"ARID1A,ARID1B,SMARCB1,SMARCA4,SMARCA2",614607; 135900; 614609; 614608; 601358,50.0,19.0,yes,CSS1,ARID1B,,,,,,BAFopathy,"ARID1A,ARID1B,SMARCB1,SMARCA4,SMARCA2",614607; 135900; 614609; 614608; 601358,50.0,19.0,yes,CSS1,ARID1B
GSE116992_GPL21145_sample_82,GSE116992,GPL21145,BAFopathy,BAFopathy,"ARID1A,ARID1B,SMARCB1,SMARCA4,SMARCA2",case,ms0678_coffin-siris syndrome 1 ms0678 disease state: coffin-siris syndrome sample 3,"CpGCorpus,existing",True,True,False,cpgcorpus,2026-02-18T12:08:40.543840,data/ajhg2020/GSE116992/GPL21145/betas/QCDPB.arrow,ae8c0245f746bf774b0636a41b24d00e8db8bf680733ea49d277223958098d2b,22.0,865920.0,data/ajhg2020/GSE116992/GPL21145/metadata/metadata.arrow,44643b37822dd38dd82a4e2ff431aba9941f46f8558b3918a3dd505293ce1c74,,,,,,,,,,,,,,,,,,,,,,,,,,,,,,,,,,,,,,,existing,GSE116992,GPL21145,BAFopathy,BAFopathy,"ARID1A,ARID1B,SMARCB1,SMARCA4,SMARCA2",case,none none none none,"CpGCorpus,existing",True,True,False,cpgcorpus,2026-02-18T12:08:40.543840,data/ajhg2020/GSE116992/GPL21145/betas/QCDPB.arrow,ae8c0245f746bf774b0636a41b24d00e8db8bf680733ea49d277223958098d2b,22.0,865920.0,data/ajhg2020/GSE116992/GPL21145/metadata/metadata.arrow,44643b37822dd38dd82a4e2ff431aba9941f46f8558b3918a3dd505293ce1c74,,,,,,,,,,,,,,,,,,,,,,,,,,,,,,,,,,,,,,,existing,GSE116992,GPL13534,BAFopathy,BAFopathy,"ARID1A,ARID1B,SMARCB1,SMARCA4,SMARCA2",case,ms0678_coffin-siris syndrome 1 ms0678 disease state: coffin-siris syndrome sample 3,CpGCorpus,True,True,False,cpgcorpus,2026-02-18T12:08:16.114837,data/ajhg2020/GSE116992/GPL13534/betas/QCDPB.arrow,fe0f76ef5a2ad4cd5fc014fb2292df31fa0c6aa32294a7a6b25cdbde88a44e99,7.0,485579.0,data/ajhg2020/GSE116992/GPL13534/metadata/metadata.arrow,370d204121de92891c6c4c644210b07df9b2517453e8d811b3fe2788d196e712,GSM3267082,MS0678_Coffin-Siris Syndrome 1,GSM3267082,Public on Nov 07 2018,Jul 12 2018,Nov 07 2018,genomic,1,MS0678,Homo sapiens,disease state: Coffin-Siris syndrome,tissue: Whole Blood,N/A,N/A,genomic DNA,Standard DNA extraction from blood,Cy5 and Cy3,According to the manufacturer's protocol,9606,According to the manufacturer's protocol,iScan,SAMPLE 3,"Illumina Normalization method with background correction, using minfi package in R 3.4.2",GPL13534,"Bekim,,Sadikovic",bekim.sadikovic@lhsc.on.ca,Pathology and Laboratory Medicine,University of Western Ontario,800 Commissioners Rd E,London,Ontario,N6A 5W9,Canada,ftp://ftp.ncbi.nlm.nih.gov/geo/samples/GSM3267nnn/GSM3267082/suppl/GSM3267082_101032560039_R04C01_Grn.idat.gz,ftp://ftp.ncbi.nlm.nih.gov/geo/samples/GSM3267nnn/GSM3267082/suppl/GSM3267082_101032560039_R04C01_Red.idat.gz,485512,Coffin-Siris syndrome,Whole Blood,cpgcorpus,,,,,,BAFopathy,"ARID1A,ARID1B,SMARCB1,SMARCA4,SMARCA2",614607; 135900; 614609; 614608; 601358,50.0,19.0,yes,CSS1,ARID1B,,,,,,BAFopathy,"ARID1A,ARID1B,SMARCB1,SMARCA4,SMARCA2",614607; 135900; 614609; 614608; 601358,50.0,19.0,yes,CSS1,ARID1B,,,,,,BAFopathy,"ARID1A,ARID1B,SMARCB1,SMARCA4,SMARCA2",614607; 135900; 614609; 614608; 601358,50.0,19.0,yes,CSS1,ARID1B
GSE116992_GPL21145_sample_83,GSE116992,GPL21145,BAFopathy,BAFopathy,"ARID1A,ARID1B,SMARCB1,SMARCA4,SMARCA2",case,ms0679_coffin-siris syndrome 3 ms0679 disease state: coffin-siris syndrome sample 4,"CpGCorpus,existing",True,True,False,cpgcorpus,2026-02-18T12:08:40.543840,data/ajhg2020/GSE116992/GPL21145/betas/QCDPB.arrow,ae8c0245f746bf774b0636a41b24d00e8db8bf680733ea49d277223958098d2b,22.0,865920.0,data/ajhg2020/GSE116992/GPL21145/metadata/metadata.arrow,44643b37822dd38dd82a4e2ff431aba9941f46f8558b3918a3dd505293ce1c74,,,,,,,,,,,,,,,,,,,,,,,,,,,,,,,,,,,,,,,existing,GSE116992,GPL21145,BAFopathy,BAFopathy,"ARID1A,ARID1B,SMARCB1,SMARCA4,SMARCA2",case,none none none none,"CpGCorpus,existing",True,True,False,cpgcorpus,2026-02-18T12:08:40.543840,data/ajhg2020/GSE116992/GPL21145/betas/QCDPB.arrow,ae8c0245f746bf774b0636a41b24d00e8db8bf680733ea49d277223958098d2b,22.0,865920.0,data/ajhg2020/GSE116992/GPL21145/metadata/metadata.arrow,44643b37822dd38dd82a4e2ff431aba9941f46f8558b3918a3dd505293ce1c74,,,,,,,,,,,,,,,,,,,,,,,,,,,,,,,,,,,,,,,existing,GSE116992,GPL13534,BAFopathy,BAFopathy,"ARID1A,ARID1B,SMARCB1,SMARCA4,SMARCA2",case,ms0679_coffin-siris syndrome 3 ms0679 disease state: coffin-siris syndrome sample 4,CpGCorpus,True,True,False,cpgcorpus,2026-02-18T12:08:16.114837,data/ajhg2020/GSE116992/GPL13534/betas/QCDPB.arrow,fe0f76ef5a2ad4cd5fc014fb2292df31fa0c6aa32294a7a6b25cdbde88a44e99,7.0,485579.0,data/ajhg2020/GSE116992/GPL13534/metadata/metadata.arrow,370d204121de92891c6c4c644210b07df9b2517453e8d811b3fe2788d196e712,GSM3267083,MS0679_Coffin-Siris Syndrome 3,GSM3267083,Public on Nov 07 2018,Jul 12 2018,Nov 07 2018,genomic,1,MS0679,Homo sapiens,disease state: Coffin-Siris syndrome,tissue: Whole Blood,N/A,N/A,genomic DNA,Standard DNA extraction from blood,Cy5 and Cy3,According to the manufacturer's protocol,9606,According to the manufacturer's protocol,iScan,SAMPLE 4,"Illumina Normalization method with background correction, using minfi package in R 3.4.2",GPL13534,"Bekim,,Sadikovic",bekim.sadikovic@lhsc.on.ca,Pathology and Laboratory Medicine,University of Western Ontario,800 Commissioners Rd E,London,Ontario,N6A 5W9,Canada,ftp://ftp.ncbi.nlm.nih.gov/geo/samples/GSM3267nnn/GSM3267083/suppl/GSM3267083_101032560039_R04C02_Grn.idat.gz,ftp://ftp.ncbi.nlm.nih.gov/geo/samples/GSM3267nnn/GSM3267083/suppl/GSM3267083_101032560039_R04C02_Red.idat.gz,485512,Coffin-Siris syndrome,Whole Blood,cpgcorpus,,,,,,BAFopathy,"ARID1A,ARID1B,SMARCB1,SMARCA4,SMARCA2",614607; 135900; 614609; 614608; 601358,50.0,19.0,yes,CSS3,SMARCB1,,,,,,BAFopathy,"ARID1A,ARID1B,SMARCB1,SMARCA4,SMARCA2",614607; 135900; 614609; 614608; 601358,50.0,19.0,yes,CSS3,SMARCB1,,,,,,BAFopathy,"ARID1A,ARID1B,SMARCB1,SMARCA4,SMARCA2",614607; 135900; 614609; 614608; 601358,50.0,19.0,yes,CSS3,SMARCB1
GSE116992_GPL21145_sample_84,GSE116992,GPL21145,BAFopathy,BAFopathy,"ARID1A,ARID1B,SMARCB1,SMARCA4,SMARCA2",case,ms0680_coffin-siris syndrome 1 ms0680 disease state: coffin-siris syndrome sample 5,"CpGCorpus,existing",True,True,False,cpgcorpus,2026-02-18T12:08:40.543840,data/ajhg2020/GSE116992/GPL21145/betas/QCDPB.arrow,ae8c0245f746bf774b0636a41b24d00e8db8bf680733ea49d277223958098d2b,22.0,865920.0,data/ajhg2020/GSE116992/GPL21145/metadata/metadata.arrow,44643b37822dd38dd82a4e2ff431aba9941f46f8558b3918a3dd505293ce1c74,,,,,,,,,,,,,,,,,,,,,,,,,,,,,,,,,,,,,,,existing,GSE116992,GPL21145,BAFopathy,BAFopathy,"ARID1A,ARID1B,SMARCB1,SMARCA4,SMARCA2",case,none none none none,"CpGCorpus,existing",True,True,False,cpgcorpus,2026-02-18T12:08:40.543840,data/ajhg2020/GSE116992/GPL21145/betas/QCDPB.arrow,ae8c0245f746bf774b0636a41b24d00e8db8bf680733ea49d277223958098d2b,22.0,865920.0,data/ajhg2020/GSE116992/GPL21145/metadata/metadata.arrow,44643b37822dd38dd82a4e2ff431aba9941f46f8558b3918a3dd505293ce1c74,,,,,,,,,,,,,,,,,,,,,,,,,,,,,,,,,,,,,,,existing,GSE116992,GPL13534,BAFopathy,BAFopathy,"ARID1A,ARID1B,SMARCB1,SMARCA4,SMARCA2",case,ms0680_coffin-siris syndrome 1 ms0680 disease state: coffin-siris syndrome sample 5,CpGCorpus,True,True,False,cpgcorpus,2026-02-18T12:08:16.114837,data/ajhg2020/GSE116992/GPL13534/betas/QCDPB.arrow,fe0f76ef5a2ad4cd5fc014fb2292df31fa0c6aa32294a7a6b25cdbde88a44e99,7.0,485579.0,data/ajhg2020/GSE116992/GPL13534/metadata/metadata.arrow,370d204121de92891c6c4c644210b07df9b2517453e8d811b3fe2788d196e712,GSM3267084,MS0680_Coffin-Siris Syndrome 1,GSM3267084,Public on Nov 07 2018,Jul 12 2018,Nov 07 2018,genomic,1,MS0680,Homo sapiens,disease state: Coffin-Siris syndrome,tissue: Whole Blood,N/A,N/A,genomic DNA,Standard DNA extraction from blood,Cy5 and Cy3,According to the manufacturer's protocol,9606,According to the manufacturer's protocol,iScan,SAMPLE 5,"Illumina Normalization method with background correction, using minfi package in R 3.4.2",GPL13534,"Bekim,,Sadikovic",bekim.sadikovic@lhsc.on.ca,Pathology and Laboratory Medicine,University of Western Ontario,800 Commissioners Rd E,London,Ontario,N6A 5W9,Canada,ftp://ftp.ncbi.nlm.nih.gov/geo/samples/GSM3267nnn/GSM3267084/suppl/GSM3267084_101032560039_R05C01_Grn.idat.gz,ftp://ftp.ncbi.nlm.nih.gov/geo/samples/GSM3267nnn/GSM3267084/suppl/GSM3267084_101032560039_R05C01_Red.idat.gz,485512,Coffin-Siris syndrome,Whole Blood,cpgcorpus,,,,,,BAFopathy,"ARID1A,ARID1B,SMARCB1,SMARCA4,SMARCA2",614607; 135900; 614609; 614608; 601358,50.0,19.0,yes,CSS1,ARID1B,,,,,,BAFopathy,"ARID1A,ARID1B,SMARCB1,SMARCA4,SMARCA2",614607; 135900; 614609; 614608; 601358,50.0,19.0,yes,CSS1,ARID1B,,,,,,BAFopathy,"ARID1A,ARID1B,SMARCB1,SMARCA4,SMARCA2",614607; 135900; 614609; 614608; 601358,50.0,19.0,yes,CSS1,ARID1B
GSE116992_GPL21145_sample_85,GSE116992,GPL21145,BAFopathy,BAFopathy,"ARID1A,ARID1B,SMARCB1,SMARCA4,SMARCA2",case,ms0681_coffin-siris syndrome 3 ms0681 disease state: coffin-siris syndrome sample 6,"CpGCorpus,existing",True,True,False,cpgcorpus,2026-02-18T12:08:40.543840,data/ajhg2020/GSE116992/GPL21145/betas/QCDPB.arrow,ae8c0245f746bf774b0636a41b24d00e8db8bf680733ea49d277223958098d2b,22.0,865920.0,data/ajhg2020/GSE116992/GPL21145/metadata/metadata.arrow,44643b37822dd38dd82a4e2ff431aba9941f46f8558b3918a3dd505293ce1c74,,,,,,,,,,,,,,,,,,,,,,,,,,,,,,,,,,,,,,,existing,GSE116992,GPL21145,BAFopathy,BAFopathy,"ARID1A,ARID1B,SMARCB1,SMARCA4,SMARCA2",case,none none none none,"CpGCorpus,existing",True,True,False,cpgcorpus,2026-02-18T12:08:40.543840,data/ajhg2020/GSE116992/GPL21145/betas/QCDPB.arrow,ae8c0245f746bf774b0636a41b24d00e8db8bf680733ea49d277223958098d2b,22.0,865920.0,data/ajhg2020/GSE116992/GPL21145/metadata/metadata.arrow,44643b37822dd38dd82a4e2ff431aba9941f46f8558b3918a3dd505293ce1c74,,,,,,,,,,,,,,,,,,,,,,,,,,,,,,,,,,,,,,,existing,GSE116992,GPL13534,BAFopathy,BAFopathy,"ARID1A,ARID1B,SMARCB1,SMARCA4,SMARCA2",case,ms0681_coffin-siris syndrome 3 ms0681 disease state: coffin-siris syndrome sample 6,CpGCorpus,True,True,False,cpgcorpus,2026-02-18T12:08:16.114837,data/ajhg2020/GSE116992/GPL13534/betas/QCDPB.arrow,fe0f76ef5a2ad4cd5fc014fb2292df31fa0c6aa32294a7a6b25cdbde88a44e99,7.0,485579.0,data/ajhg2020/GSE116992/GPL13534/metadata/metadata.arrow,370d204121de92891c6c4c644210b07df9b2517453e8d811b3fe2788d196e712,GSM3267085,MS0681_Coffin-Siris Syndrome 3,GSM3267085,Public on Nov 07 2018,Jul 12 2018,Nov 07 2018,genomic,1,MS0681,Homo sapiens,disease state: Coffin-Siris syndrome,tissue: Whole Blood,N/A,N/A,genomic DNA,Standard DNA extraction from blood,Cy5 and Cy3,According to the manufacturer's protocol,9606,According to the manufacturer's protocol,iScan,SAMPLE 6,"Illumina Normalization method with background correction, using minfi package in R 3.4.2",GPL13534,"Bekim,,Sadikovic",bekim.sadikovic@lhsc.on.ca,Pathology and Laboratory Medicine,University of Western Ontario,800 Commissioners Rd E,London,Ontario,N6A 5W9,Canada,ftp://ftp.ncbi.nlm.nih.gov/geo/samples/GSM3267nnn/GSM3267085/suppl/GSM3267085_101032560039_R05C02_Grn.idat.gz,ftp://ftp.ncbi.nlm.nih.gov/geo/samples/GSM3267nnn/GSM3267085/suppl/GSM3267085_101032560039_R05C02_Red.idat.gz,485512,Coffin-Siris syndrome,Whole Blood,cpgcorpus,,,,,,BAFopathy,"ARID1A,ARID1B,SMARCB1,SMARCA4,SMARCA2",614607; 135900; 614609; 614608; 601358,50.0,19.0,yes,CSS1,ARID1B,,,,,,BAFopathy,"ARID1A,ARID1B,SMARCB1,SMARCA4,SMARCA2",614607; 135900; 614609; 614608; 601358,50.0,19.0,yes,CSS3,SMARCB1,,,,,,BAFopathy,"ARID1A,ARID1B,SMARCB1,SMARCA4,SMARCA2",614607; 135900; 614609; 614608; 601358,50.0,19.0,yes,CSS1,ARID1B
GSE116992_GPL21145_sample_86,GSE116992,GPL21145,BAFopathy,BAFopathy,"ARID1A,ARID1B,SMARCB1,SMARCA4,SMARCA2",case,ms0683_coffin-siris syndrome 3 ms0683 disease state: coffin-siris syndrome sample 7,"CpGCorpus,existing",True,True,False,cpgcorpus,2026-02-18T12:08:40.543840,data/ajhg2020/GSE116992/GPL21145/betas/QCDPB.arrow,ae8c0245f746bf774b0636a41b24d00e8db8bf680733ea49d277223958098d2b,22.0,865920.0,data/ajhg2020/GSE116992/GPL21145/metadata/metadata.arrow,44643b37822dd38dd82a4e2ff431aba9941f46f8558b3918a3dd505293ce1c74,,,,,,,,,,,,,,,,,,,,,,,,,,,,,,,,,,,,,,,existing,GSE116992,GPL21145,BAFopathy,BAFopathy,"ARID1A,ARID1B,SMARCB1,SMARCA4,SMARCA2",case,none none none none,"CpGCorpus,existing",True,True,False,cpgcorpus,2026-02-18T12:08:40.543840,data/ajhg2020/GSE116992/GPL21145/betas/QCDPB.arrow,ae8c0245f746bf774b0636a41b24d00e8db8bf680733ea49d277223958098d2b,22.0,865920.0,data/ajhg2020/GSE116992/GPL21145/metadata/metadata.arrow,44643b37822dd38dd82a4e2ff431aba9941f46f8558b3918a3dd505293ce1c74,,,,,,,,,,,,,,,,,,,,,,,,,,,,,,,,,,,,,,,existing,GSE116992,GPL13534,BAFopathy,BAFopathy,"ARID1A,ARID1B,SMARCB1,SMARCA4,SMARCA2",case,ms0683_coffin-siris syndrome 3 ms0683 disease state: coffin-siris syndrome sample 7,CpGCorpus,True,True,False,cpgcorpus,2026-02-18T12:08:16.114837,data/ajhg2020/GSE116992/GPL13534/betas/QCDPB.arrow,fe0f76ef5a2ad4cd5fc014fb2292df31fa0c6aa32294a7a6b25cdbde88a44e99,7.0,485579.0,data/ajhg2020/GSE116992/GPL13534/metadata/metadata.arrow,370d204121de92891c6c4c644210b07df9b2517453e8d811b3fe2788d196e712,GSM3267086,MS0683_Coffin-Siris Syndrome 3,GSM3267086,Public on Nov 07 2018,Jul 12 2018,Nov 07 2018,genomic,1,MS0683,Homo sapiens,disease state: Coffin-Siris syndrome,tissue: Whole Blood,N/A,N/A,genomic DNA,Standard DNA extraction from blood,Cy5 and Cy3,According to the manufacturer's protocol,9606,According to the manufacturer's protocol,iScan,SAMPLE 7,"Illumina Normalization method with background correction, using minfi package in R 3.4.2",GPL13534,"Bekim,,Sadikovic",bekim.sadikovic@lhsc.on.ca,Pathology and Laboratory Medicine,University of Western Ontario,800 Commissioners Rd E,London,Ontario,N6A 5W9,Canada,ftp://ftp.ncbi.nlm.nih.gov/geo/samples/GSM3267nnn/GSM3267086/suppl/GSM3267086_101032560039_R06C02_Grn.idat.gz,ftp://ftp.ncbi.nlm.nih.gov/geo/samples/GSM3267nnn/GSM3267086/suppl/GSM3267086_101032560039_R06C02_Red.idat.gz,485512,Coffin-Siris syndrome,Whole Blood,cpgcorpus,,,,,,BAFopathy,"ARID1A,ARID1B,SMARCB1,SMARCA4,SMARCA2",614607; 135900; 614609; 614608; 601358,50.0,19.0,yes,CSS3,SMARCB1,,,,,,BAFopathy,"ARID1A,ARID1B,SMARCB1,SMARCA4,SMARCA2",614607; 135900; 614609; 614608; 601358,50.0,19.0,yes,CSS3,SMARCB1,,,,,,BAFopathy,"ARID1A,ARID1B,SMARCB1,SMARCA4,SMARCA2",614607; 135900; 614609; 614608; 601358,50.0,19.0,yes,CSS3,SMARCB1
GSE116992_GPL21145_sample_87,GSE116992,GPL21145,BAFopathy,BAFopathy,"ARID1A,ARID1B,SMARCB1,SMARCA4,SMARCA2",case,ms1160_nicolaides-baraitser syndrome ms1160 disease state: nicolaides-baraitser syndrome sample 1,"CpGCorpus,existing",True,True,False,cpgcorpus,2026-02-18T12:08:40.543840,data/ajhg2020/GSE116992/GPL21145/betas/QCDPB.arrow,ae8c0245f746bf774b0636a41b24d00e8db8bf680733ea49d277223958098d2b,22.0,865920.0,data/ajhg2020/GSE116992/GPL21145/metadata/metadata.arrow,44643b37822dd38dd82a4e2ff431aba9941f46f8558b3918a3dd505293ce1c74,,,,,,,,,,,,,,,,,,,,,,,,,,,,,,,,,,,,,,,existing,GSE116992,GPL21145,BAFopathy,BAFopathy,"ARID1A,ARID1B,SMARCB1,SMARCA4,SMARCA2",case,none none none none,"CpGCorpus,existing",True,True,False,cpgcorpus,2026-02-18T12:08:40.543840,data/ajhg2020/GSE116992/GPL21145/betas/QCDPB.arrow,ae8c0245f746bf774b0636a41b24d00e8db8bf680733ea49d277223958098d2b,22.0,865920.0,data/ajhg2020/GSE116992/GPL21145/metadata/metadata.arrow,44643b37822dd38dd82a4e2ff431aba9941f46f8558b3918a3dd505293ce1c74,,,,,,,,,,,,,,,,,,,,,,,,,,,,,,,,,,,,,,,existing,GSE116992,GPL21145,BAFopathy,BAFopathy,"ARID1A,ARID1B,SMARCB1,SMARCA4,SMARCA2",case,ms1160_nicolaides-baraitser syndrome ms1160 disease state: nicolaides-baraitser syndrome sample 1,CpGCorpus,True,True,False,cpgcorpus,2026-02-18T12:08:40.543840,data/ajhg2020/GSE116992/GPL21145/betas/QCDPB.arrow,ae8c0245f746bf774b0636a41b24d00e8db8bf680733ea49d277223958098d2b,22.0,865920.0,data/ajhg2020/GSE116992/GPL21145/metadata/metadata.arrow,44643b37822dd38dd82a4e2ff431aba9941f46f8558b3918a3dd505293ce1c74,GSM3267111,MS1160_Nicolaides-Baraitser syndrome,GSM3267111,Public on Nov 07 2018,Jul 12 2018,Nov 07 2018,genomic,1,MS1160,Homo sapiens,disease state: Nicolaides-Baraitser syndrome,tissue: Whole Blood,N/A,N/A,genomic DNA,Standard DNA extraction from blood,Cy5 and Cy3,According to the manufacturer's protocol,9606,According to the manufacturer's protocol,iScan,SAMPLE 1,"Illumina Normalization method with background correction, using minfi package in R 3.4.2",GPL21145,"Bekim,,Sadikovic",bekim.sadikovic@lhsc.on.ca,Pathology and Laboratory Medicine,University of Western Ontario,800 Commissioners Rd E,London,Ontario,N6A 5W9,Canada,ftp://ftp.ncbi.nlm.nih.gov/geo/samples/GSM3267nnn/GSM3267111/suppl/GSM3267111_200969820172_R05C01_Grn.idat.gz,ftp://ftp.ncbi.nlm.nih.gov/geo/samples/GSM3267nnn/GSM3267111/suppl/GSM3267111_200969820172_R05C01_Red.idat.gz,866091,Nicolaides-Baraitser syndrome,Whole Blood,cpgcorpus,,,,,,BAFopathy,"ARID1A,ARID1B,SMARCB1,SMARCA4,SMARCA2",614607; 135900; 614609; 614608; 601358,50.0,19.0,yes,NCBRS,SMARCA2,,,,,,BAFopathy,"ARID1A,ARID1B,SMARCB1,SMARCA4,SMARCA2",614607; 135900; 614609; 614608; 601358,50.0,19.0,yes,NCBRS,SMARCA2,,,,,,BAFopathy,"ARID1A,ARID1B,SMARCB1,SMARCA4,SMARCA2",614607; 135900; 614609; 614608; 601358,50.0,19.0,yes,NCBRS,SMARCA2
GSE116992_GPL21145_sample_88,GSE116992,GPL21145,BAFopathy,BAFopathy,"ARID1A,ARID1B,SMARCB1,SMARCA4,SMARCA2",case,ms1162_coffin-siris syndrome 3 ms1162 disease state: coffin-siris syndrome sample 2,"CpGCorpus,existing",True,True,False,cpgcorpus,2026-02-18T12:08:40.543840,data/ajhg2020/GSE116992/GPL21145/betas/QCDPB.arrow,ae8c0245f746bf774b0636a41b24d00e8db8bf680733ea49d277223958098d2b,22.0,865920.0,data/ajhg2020/GSE116992/GPL21145/metadata/metadata.arrow,44643b37822dd38dd82a4e2ff431aba9941f46f8558b3918a3dd505293ce1c74,,,,,,,,,,,,,,,,,,,,,,,,,,,,,,,,,,,,,,,existing,GSE116992,GPL21145,BAFopathy,BAFopathy,"ARID1A,ARID1B,SMARCB1,SMARCA4,SMARCA2",case,none none none none,"CpGCorpus,existing",True,True,False,cpgcorpus,2026-02-18T12:08:40.543840,data/ajhg2020/GSE116992/GPL21145/betas/QCDPB.arrow,ae8c0245f746bf774b0636a41b24d00e8db8bf680733ea49d277223958098d2b,22.0,865920.0,data/ajhg2020/GSE116992/GPL21145/metadata/metadata.arrow,44643b37822dd38dd82a4e2ff431aba9941f46f8558b3918a3dd505293ce1c74,,,,,,,,,,,,,,,,,,,,,,,,,,,,,,,,,,,,,,,existing,GSE116992,GPL21145,BAFopathy,BAFopathy,"ARID1A,ARID1B,SMARCB1,SMARCA4,SMARCA2",case,ms1162_coffin-siris syndrome 3 ms1162 disease state: coffin-siris syndrome sample 2,CpGCorpus,True,True,False,cpgcorpus,2026-02-18T12:08:40.543840,data/ajhg2020/GSE116992/GPL21145/betas/QCDPB.arrow,ae8c0245f746bf774b0636a41b24d00e8db8bf680733ea49d277223958098d2b,22.0,865920.0,data/ajhg2020/GSE116992/GPL21145/metadata/metadata.arrow,44643b37822dd38dd82a4e2ff431aba9941f46f8558b3918a3dd505293ce1c74,GSM3267112,MS1162_Coffin-Siris Syndrome 3,GSM3267112,Public on Nov 07 2018,Jul 12 2018,Nov 07 2018,genomic,1,MS1162,Homo sapiens,disease state: Coffin-Siris syndrome,tissue: Whole Blood,N/A,N/A,genomic DNA,Standard DNA extraction from blood,Cy5 and Cy3,According to the manufacturer's protocol,9606,According to the manufacturer's protocol,iScan,SAMPLE 2,"Illumina Normalization method with background correction, using minfi package in R 3.4.2",GPL21145,"Bekim,,Sadikovic",bekim.sadikovic@lhsc.on.ca,Pathology and Laboratory Medicine,University of Western Ontario,800 Commissioners Rd E,London,Ontario,N6A 5W9,Canada,ftp://ftp.ncbi.nlm.nih.gov/geo/samples/GSM3267nnn/GSM3267112/suppl/GSM3267112_200969820172_R07C01_Grn.idat.gz,ftp://ftp.ncbi.nlm.nih.gov/geo/samples/GSM3267nnn/GSM3267112/suppl/GSM3267112_200969820172_R07C01_Red.idat.gz,866091,Coffin-Siris syndrome,Whole Blood,cpgcorpus,,,,,,BAFopathy,"ARID1A,ARID1B,SMARCB1,SMARCA4,SMARCA2",614607; 135900; 614609; 614608; 601358,50.0,19.0,yes,CSS1,ARID1B,,,,,,BAFopathy,"ARID1A,ARID1B,SMARCB1,SMARCA4,SMARCA2",614607; 135900; 614609; 614608; 601358,50.0,19.0,yes,CSS3,SMARCB1,,,,,,BAFopathy,"ARID1A,ARID1B,SMARCB1,SMARCA4,SMARCA2",614607; 135900; 614609; 614608; 601358,50.0,19.0,yes,CSS1,ARID1B
GSE116992_GPL21145_sample_89,GSE116992,GPL21145,BAFopathy,BAFopathy,"ARID1A,ARID1B,SMARCB1,SMARCA4,SMARCA2",case,ms1163_coffin-siris syndrome 3 ms1163 disease state: coffin-siris syndrome sample 3,"CpGCorpus,existing",True,True,False,cpgcorpus,2026-02-18T12:08:40.543840,data/ajhg2020/GSE116992/GPL21145/betas/QCDPB.arrow,ae8c0245f746bf774b0636a41b24d00e8db8bf680733ea49d277223958098d2b,22.0,865920.0,data/ajhg2020/GSE116992/GPL21145/metadata/metadata.arrow,44643b37822dd38dd82a4e2ff431aba9941f46f8558b3918a3dd505293ce1c74,,,,,,,,,,,,,,,,,,,,,,,,,,,,,,,,,,,,,,,existing,GSE116992,GPL21145,BAFopathy,BAFopathy,"ARID1A,ARID1B,SMARCB1,SMARCA4,SMARCA2",case,none none none none,"CpGCorpus,existing",True,True,False,cpgcorpus,2026-02-18T12:08:40.543840,data/ajhg2020/GSE116992/GPL21145/betas/QCDPB.arrow,ae8c0245f746bf774b0636a41b24d00e8db8bf680733ea49d277223958098d2b,22.0,865920.0,data/ajhg2020/GSE116992/GPL21145/metadata/metadata.arrow,44643b37822dd38dd82a4e2ff431aba9941f46f8558b3918a3dd505293ce1c74,,,,,,,,,,,,,,,,,,,,,,,,,,,,,,,,,,,,,,,existing,GSE116992,GPL21145,BAFopathy,BAFopathy,"ARID1A,ARID1B,SMARCB1,SMARCA4,SMARCA2",case,ms1163_coffin-siris syndrome 3 ms1163 disease state: coffin-siris syndrome sample 3,CpGCorpus,True,True,False,cpgcorpus,2026-02-18T12:08:40.543840,data/ajhg2020/GSE116992/GPL21145/betas/QCDPB.arrow,ae8c0245f746bf774b0636a41b24d00e8db8bf680733ea49d277223958098d2b,22.0,865920.0,data/ajhg2020/GSE116992/GPL21145/metadata/metadata.arrow,44643b37822dd38dd82a4e2ff431aba9941f46f8558b3918a3dd505293ce1c74,GSM3267113,MS1163_Coffin-Siris Syndrome 3,GSM3267113,Public on Nov 07 2018,Jul 12 2018,Nov 07 2018,genomic,1,MS1163,Homo sapiens,disease state: Coffin-Siris syndrome,tissue: Whole Blood,N/A,N/A,genomic DNA,Standard DNA extraction from blood,Cy5 and Cy3,According to the manufacturer's protocol,9606,According to the manufacturer's protocol,iScan,SAMPLE 3,"Illumina Normalization method with background correction, using minfi package in R 3.4.2",GPL21145,"Bekim,,Sadikovic",bekim.sadikovic@lhsc.on.ca,Pathology and Laboratory Medicine,University of Western Ontario,800 Commissioners Rd E,London,Ontario,N6A 5W9,Canada,ftp://ftp.ncbi.nlm.nih.gov/geo/samples/GSM3267nnn/GSM3267113/suppl/GSM3267113_200969820172_R08C01_Grn.idat.gz,ftp://ftp.ncbi.nlm.nih.gov/geo/samples/GSM3267nnn/GSM3267113/suppl/GSM3267113_200969820172_R08C01_Red.idat.gz,866091,Coffin-Siris syndrome,Whole Blood,cpgcorpus,,,,,,BAFopathy,"ARID1A,ARID1B,SMARCB1,SMARCA4,SMARCA2",614607; 135900; 614609; 614608; 601358,50.0,19.0,yes,CSS1,ARID1B,,,,,,BAFopathy,"ARID1A,ARID1B,SMARCB1,SMARCA4,SMARCA2",614607; 135900; 614609; 614608; 601358,50.0,19.0,yes,CSS3,SMARCB1,,,,,,BAFopathy,"ARID1A,ARID1B,SMARCB1,SMARCA4,SMARCA2",614607; 135900; 614609; 614608; 601358,50.0,19.0,yes,CSS1,ARID1B
GSE116992_GPL21145_sample_90,GSE116992,GPL21145,BAFopathy,BAFopathy,"ARID1A,ARID1B,SMARCB1,SMARCA4,SMARCA2",case,ms1168_coffin-siris syndrome 4 ms1168 disease state: coffin-siris syndrome sample 4,"CpGCorpus,existing",True,True,False,cpgcorpus,2026-02-18T12:08:40.543840,data/ajhg2020/GSE116992/GPL21145/betas/QCDPB.arrow,ae8c0245f746bf774b0636a41b24d00e8db8bf680733ea49d277223958098d2b,22.0,865920.0,data/ajhg2020/GSE116992/GPL21145/metadata/metadata.arrow,44643b37822dd38dd82a4e2ff431aba9941f46f8558b3918a3dd505293ce1c74,,,,,,,,,,,,,,,,,,,,,,,,,,,,,,,,,,,,,,,existing,GSE116992,GPL21145,BAFopathy,BAFopathy,"ARID1A,ARID1B,SMARCB1,SMARCA4,SMARCA2",case,none none none none,"CpGCorpus,existing",True,True,False,cpgcorpus,2026-02-18T12:08:40.543840,data/ajhg2020/GSE116992/GPL21145/betas/QCDPB.arrow,ae8c0245f746bf774b0636a41b24d00e8db8bf680733ea49d277223958098d2b,22.0,865920.0,data/ajhg2020/GSE116992/GPL21145/metadata/metadata.arrow,44643b37822dd38dd82a4e2ff431aba9941f46f8558b3918a3dd505293ce1c74,,,,,,,,,,,,,,,,,,,,,,,,,,,,,,,,,,,,,,,existing,GSE116992,GPL21145,BAFopathy,BAFopathy,"ARID1A,ARID1B,SMARCB1,SMARCA4,SMARCA2",case,ms1168_coffin-siris syndrome 4 ms1168 disease state: coffin-siris syndrome sample 4,CpGCorpus,True,True,False,cpgcorpus,2026-02-18T12:08:40.543840,data/ajhg2020/GSE116992/GPL21145/betas/QCDPB.arrow,ae8c0245f746bf774b0636a41b24d00e8db8bf680733ea49d277223958098d2b,22.0,865920.0,data/ajhg2020/GSE116992/GPL21145/metadata/metadata.arrow,44643b37822dd38dd82a4e2ff431aba9941f46f8558b3918a3dd505293ce1c74,GSM3267114,MS1168_Coffin-Siris Syndrome 4,GSM3267114,Public on Nov 07 2018,Jul 12 2018,Nov 07 2018,genomic,1,MS1168,Homo sapiens,disease state: Coffin-Siris syndrome,tissue: Whole Blood,N/A,N/A,genomic DNA,Standard DNA extraction from blood,Cy5 and Cy3,According to the manufacturer's protocol,9606,According to the manufacturer's protocol,iScan,SAMPLE 4,"Illumina Normalization method with background correction, using minfi package in R 3.4.2",GPL21145,"Bekim,,Sadikovic",bekim.sadikovic@lhsc.on.ca,Pathology and Laboratory Medicine,University of Western Ontario,800 Commissioners Rd E,London,Ontario,N6A 5W9,Canada,ftp://ftp.ncbi.nlm.nih.gov/geo/samples/GSM3267nnn/GSM3267114/suppl/GSM3267114_202081120218_R05C01_Grn.idat.gz,ftp://ftp.ncbi.nlm.nih.gov/geo/samples/GSM3267nnn/GSM3267114/suppl/GSM3267114_202081120218_R05C01_Red.idat.gz,866091,Coffin-Siris syndrome,Whole Blood,cpgcorpus,,,,,,BAFopathy,"ARID1A,ARID1B,SMARCB1,SMARCA4,SMARCA2",614607; 135900; 614609; 614608; 601358,50.0,19.0,yes,CSS1,ARID1B,,,,,,BAFopathy,"ARID1A,ARID1B,SMARCB1,SMARCA4,SMARCA2",614607; 135900; 614609; 614608; 601358,50.0,19.0,yes,CSS4,SMARCA4,,,,,,BAFopathy,"ARID1A,ARID1B,SMARCB1,SMARCA4,SMARCA2",614607; 135900; 614609; 614608; 601358,50.0,19.0,yes,CSS1,ARID1B
GSE116992_GPL21145_sample_91,GSE116992,GPL21145,BAFopathy,BAFopathy,"ARID1A,ARID1B,SMARCB1,SMARCA4,SMARCA2",case,ms1169_coffin-siris syndrome 1 ms1169 disease state: coffin-siris syndrome sample 5,"CpGCorpus,existing",True,True,False,cpgcorpus,2026-02-18T12:08:40.543840,data/ajhg2020/GSE116992/GPL21145/betas/QCDPB.arrow,ae8c0245f746bf774b0636a41b24d00e8db8bf680733ea49d277223958098d2b,22.0,865920.0,data/ajhg2020/GSE116992/GPL21145/metadata/metadata.arrow,44643b37822dd38dd82a4e2ff431aba9941f46f8558b3918a3dd505293ce1c74,,,,,,,,,,,,,,,,,,,,,,,,,,,,,,,,,,,,,,,existing,GSE116992,GPL21145,BAFopathy,BAFopathy,"ARID1A,ARID1B,SMARCB1,SMARCA4,SMARCA2",case,none none none none,"CpGCorpus,existing",True,True,False,cpgcorpus,2026-02-18T12:08:40.543840,data/ajhg2020/GSE116992/GPL21145/betas/QCDPB.arrow,ae8c0245f746bf774b0636a41b24d00e8db8bf680733ea49d277223958098d2b,22.0,865920.0,data/ajhg2020/GSE116992/GPL21145/metadata/metadata.arrow,44643b37822dd38dd82a4e2ff431aba9941f46f8558b3918a3dd505293ce1c74,,,,,,,,,,,,,,,,,,,,,,,,,,,,,,,,,,,,,,,existing,GSE116992,GPL21145,BAFopathy,BAFopathy,"ARID1A,ARID1B,SMARCB1,SMARCA4,SMARCA2",case,ms1169_coffin-siris syndrome 1 ms1169 disease state: coffin-siris syndrome sample 5,CpGCorpus,True,True,False,cpgcorpus,2026-02-18T12:08:40.543840,data/ajhg2020/GSE116992/GPL21145/betas/QCDPB.arrow,ae8c0245f746bf774b0636a41b24d00e8db8bf680733ea49d277223958098d2b,22.0,865920.0,data/ajhg2020/GSE116992/GPL21145/metadata/metadata.arrow,44643b37822dd38dd82a4e2ff431aba9941f46f8558b3918a3dd505293ce1c74,GSM3267115,MS1169_Coffin-Siris Syndrome 1,GSM3267115,Public on Nov 07 2018,Jul 12 2018,Nov 07 2018,genomic,1,MS1169,Homo sapiens,disease state: Coffin-Siris syndrome,tissue: Whole Blood,N/A,N/A,genomic DNA,Standard DNA extraction from blood,Cy5 and Cy3,According to the manufacturer's protocol,9606,According to the manufacturer's protocol,iScan,SAMPLE 5,"Illumina Normalization method with background correction, using minfi package in R 3.4.2",GPL21145,"Bekim,,Sadikovic",bekim.sadikovic@lhsc.on.ca,Pathology and Laboratory Medicine,University of Western Ontario,800 Commissioners Rd E,London,Ontario,N6A 5W9,Canada,ftp://ftp.ncbi.nlm.nih.gov/geo/samples/GSM3267nnn/GSM3267115/suppl/GSM3267115_202081120218_R06C01_Grn.idat.gz,ftp://ftp.ncbi.nlm.nih.gov/geo/samples/GSM3267nnn/GSM3267115/suppl/GSM3267115_202081120218_R06C01_Red.idat.gz,866091,Coffin-Siris syndrome,Whole Blood,cpgcorpus,,,,,,BAFopathy,"ARID1A,ARID1B,SMARCB1,SMARCA4,SMARCA2",614607; 135900; 614609; 614608; 601358,50.0,19.0,yes,CSS1,ARID1B,,,,,,BAFopathy,"ARID1A,ARID1B,SMARCB1,SMARCA4,SMARCA2",614607; 135900; 614609; 614608; 601358,50.0,19.0,yes,CSS1,ARID1B,,,,,,BAFopathy,"ARID1A,ARID1B,SMARCB1,SMARCA4,SMARCA2",614607; 135900; 614609; 614608; 601358,50.0,19.0,yes,CSS1,ARID1B
GSE116992_GPL21145_sample_92,GSE116992,GPL21145,BAFopathy,BAFopathy,"ARID1A,ARID1B,SMARCB1,SMARCA4,SMARCA2",case,ms1170_coffin-siris syndrome 1 ms1170 disease state: coffin-siris syndrome sample 6,"CpGCorpus,existing",True,True,False,cpgcorpus,2026-02-18T12:08:40.543840,data/ajhg2020/GSE116992/GPL21145/betas/QCDPB.arrow,ae8c0245f746bf774b0636a41b24d00e8db8bf680733ea49d277223958098d2b,22.0,865920.0,data/ajhg2020/GSE116992/GPL21145/metadata/metadata.arrow,44643b37822dd38dd82a4e2ff431aba9941f46f8558b3918a3dd505293ce1c74,,,,,,,,,,,,,,,,,,,,,,,,,,,,,,,,,,,,,,,existing,GSE116992,GPL21145,BAFopathy,BAFopathy,"ARID1A,ARID1B,SMARCB1,SMARCA4,SMARCA2",case,none none none none,"CpGCorpus,existing",True,True,False,cpgcorpus,2026-02-18T12:08:40.543840,data/ajhg2020/GSE116992/GPL21145/betas/QCDPB.arrow,ae8c0245f746bf774b0636a41b24d00e8db8bf680733ea49d277223958098d2b,22.0,865920.0,data/ajhg2020/GSE116992/GPL21145/metadata/metadata.arrow,44643b37822dd38dd82a4e2ff431aba9941f46f8558b3918a3dd505293ce1c74,,,,,,,,,,,,,,,,,,,,,,,,,,,,,,,,,,,,,,,existing,GSE116992,GPL21145,BAFopathy,BAFopathy,"ARID1A,ARID1B,SMARCB1,SMARCA4,SMARCA2",case,ms1170_coffin-siris syndrome 1 ms1170 disease state: coffin-siris syndrome sample 6,CpGCorpus,True,True,False,cpgcorpus,2026-02-18T12:08:40.543840,data/ajhg2020/GSE116992/GPL21145/betas/QCDPB.arrow,ae8c0245f746bf774b0636a41b24d00e8db8bf680733ea49d277223958098d2b,22.0,865920.0,data/ajhg2020/GSE116992/GPL21145/metadata/metadata.arrow,44643b37822dd38dd82a4e2ff431aba9941f46f8558b3918a3dd505293ce1c74,GSM3267116,MS1170_Coffin-Siris Syndrome 1,GSM3267116,Public on Nov 07 2018,Jul 12 2018,Nov 07 2018,genomic,1,MS1170,Homo sapiens,disease state: Coffin-Siris syndrome,tissue: Whole Blood,N/A,N/A,genomic DNA,Standard DNA extraction from blood,Cy5 and Cy3,According to the manufacturer's protocol,9606,According to the manufacturer's protocol,iScan,SAMPLE 6,"Illumina Normalization method with background correction, using minfi package in R 3.4.2",GPL21145,"Bekim,,Sadikovic",bekim.sadikovic@lhsc.on.ca,Pathology and Laboratory Medicine,University of Western Ontario,800 Commissioners Rd E,London,Ontario,N6A 5W9,Canada,ftp://ftp.ncbi.nlm.nih.gov/geo/samples/GSM3267nnn/GSM3267116/suppl/GSM3267116_202081120218_R07C01_Grn.idat.gz,ftp://ftp.ncbi.nlm.nih.gov/geo/samples/GSM3267nnn/GSM3267116/suppl/GSM3267116_202081120218_R07C01_Red.idat.gz,866091,Coffin-Siris syndrome,Whole Blood,cpgcorpus,,,,,,BAFopathy,"ARID1A,ARID1B,SMARCB1,SMARCA4,SMARCA2",614607; 135900; 614609; 614608; 601358,50.0,19.0,yes,CSS1,ARID1B,,,,,,BAFopathy,"ARID1A,ARID1B,SMARCB1,SMARCA4,SMARCA2",614607; 135900; 614609; 614608; 601358,50.0,19.0,yes,CSS1,ARID1B,,,,,,BAFopathy,"ARID1A,ARID1B,SMARCB1,SMARCA4,SMARCA2",614607; 135900; 614609; 614608; 601358,50.0,19.0,yes,CSS1,ARID1B
GSE116992_GPL21145_sample_93,GSE116992,GPL21145,BAFopathy,BAFopathy,"ARID1A,ARID1B,SMARCB1,SMARCA4,SMARCA2",case,ms1176_coffin-siris syndrome 1 ms1176 disease state: coffin-siris syndrome sample 7,"CpGCorpus,existing",True,True,False,cpgcorpus,2026-02-18T12:08:40.543840,data/ajhg2020/GSE116992/GPL21145/betas/QCDPB.arrow,ae8c0245f746bf774b0636a41b24d00e8db8bf680733ea49d277223958098d2b,22.0,865920.0,data/ajhg2020/GSE116992/GPL21145/metadata/metadata.arrow,44643b37822dd38dd82a4e2ff431aba9941f46f8558b3918a3dd505293ce1c74,,,,,,,,,,,,,,,,,,,,,,,,,,,,,,,,,,,,,,,existing,GSE116992,GPL21145,BAFopathy,BAFopathy,"ARID1A,ARID1B,SMARCB1,SMARCA4,SMARCA2",case,none none none none,"CpGCorpus,existing",True,True,False,cpgcorpus,2026-02-18T12:08:40.543840,data/ajhg2020/GSE116992/GPL21145/betas/QCDPB.arrow,ae8c0245f746bf774b0636a41b24d00e8db8bf680733ea49d277223958098d2b,22.0,865920.0,data/ajhg2020/GSE116992/GPL21145/metadata/metadata.arrow,44643b37822dd38dd82a4e2ff431aba9941f46f8558b3918a3dd505293ce1c74,,,,,,,,,,,,,,,,,,,,,,,,,,,,,,,,,,,,,,,existing,GSE116992,GPL21145,BAFopathy,BAFopathy,"ARID1A,ARID1B,SMARCB1,SMARCA4,SMARCA2",case,ms1176_coffin-siris syndrome 1 ms1176 disease state: coffin-siris syndrome sample 7,CpGCorpus,True,True,False,cpgcorpus,2026-02-18T12:08:40.543840,data/ajhg2020/GSE116992/GPL21145/betas/QCDPB.arrow,ae8c0245f746bf774b0636a41b24d00e8db8bf680733ea49d277223958098d2b,22.0,865920.0,data/ajhg2020/GSE116992/GPL21145/metadata/metadata.arrow,44643b37822dd38dd82a4e2ff431aba9941f46f8558b3918a3dd505293ce1c74,GSM3267117,MS1176_Coffin-Siris Syndrome 1,GSM3267117,Public on Nov 07 2018,Jul 12 2018,Nov 07 2018,genomic,1,MS1176,Homo sapiens,disease state: Coffin-Siris syndrome,tissue: Whole Blood,N/A,N/A,genomic DNA,Standard DNA extraction from blood,Cy5 and Cy3,According to the manufacturer's protocol,9606,According to the manufacturer's protocol,iScan,SAMPLE 7,"Illumina Normalization method with background correction, using minfi package in R 3.4.2",GPL21145,"Bekim,,Sadikovic",bekim.sadikovic@lhsc.on.ca,Pathology and Laboratory Medicine,University of Western Ontario,800 Commissioners Rd E,London,Ontario,N6A 5W9,Canada,ftp://ftp.ncbi.nlm.nih.gov/geo/samples/GSM3267nnn/GSM3267117/suppl/GSM3267117_202081130042_R05C01_Grn.idat.gz,ftp://ftp.ncbi.nlm.nih.gov/geo/samples/GSM3267nnn/GSM3267117/suppl/GSM3267117_202081130042_R05C01_Red.idat.gz,866091,Coffin-Siris syndrome,Whole Blood,cpgcorpus,,,,,,BAFopathy,"ARID1A,ARID1B,SMARCB1,SMARCA4,SMARCA2",614607; 135900; 614609; 614608; 601358,50.0,19.0,yes,CSS1,ARID1B,,,,,,BAFopathy,"ARID1A,ARID1B,SMARCB1,SMARCA4,SMARCA2",614607; 135900; 614609; 614608; 601358,50.0,19.0,yes,CSS1,ARID1B,,,,,,BAFopathy,"ARID1A,ARID1B,SMARCB1,SMARCA4,SMARCA2",614607; 135900; 614609; 614608; 601358,50.0,19.0,yes,CSS1,ARID1B
GSE116992_GPL21145_sample_94,GSE116992,GPL21145,BAFopathy,BAFopathy,"ARID1A,ARID1B,SMARCB1,SMARCA4,SMARCA2",case,ms1177_coffin-siris syndrome 1 ms1177 disease state: coffin-siris syndrome sample 8,"CpGCorpus,existing",True,True,False,cpgcorpus,2026-02-18T12:08:40.543840,data/ajhg2020/GSE116992/GPL21145/betas/QCDPB.arrow,ae8c0245f746bf774b0636a41b24d00e8db8bf680733ea49d277223958098d2b,22.0,865920.0,data/ajhg2020/GSE116992/GPL21145/metadata/metadata.arrow,44643b37822dd38dd82a4e2ff431aba9941f46f8558b3918a3dd505293ce1c74,,,,,,,,,,,,,,,,,,,,,,,,,,,,,,,,,,,,,,,existing,GSE116992,GPL21145,BAFopathy,BAFopathy,"ARID1A,ARID1B,SMARCB1,SMARCA4,SMARCA2",case,none none none none,"CpGCorpus,existing",True,True,False,cpgcorpus,2026-02-18T12:08:40.543840,data/ajhg2020/GSE116992/GPL21145/betas/QCDPB.arrow,ae8c0245f746bf774b0636a41b24d00e8db8bf680733ea49d277223958098d2b,22.0,865920.0,data/ajhg2020/GSE116992/GPL21145/metadata/metadata.arrow,44643b37822dd38dd82a4e2ff431aba9941f46f8558b3918a3dd505293ce1c74,,,,,,,,,,,,,,,,,,,,,,,,,,,,,,,,,,,,,,,existing,GSE116992,GPL21145,BAFopathy,BAFopathy,"ARID1A,ARID1B,SMARCB1,SMARCA4,SMARCA2",case,ms1177_coffin-siris syndrome 1 ms1177 disease state: coffin-siris syndrome sample 8,CpGCorpus,True,True,False,cpgcorpus,2026-02-18T12:08:40.543840,data/ajhg2020/GSE116992/GPL21145/betas/QCDPB.arrow,ae8c0245f746bf774b0636a41b24d00e8db8bf680733ea49d277223958098d2b,22.0,865920.0,data/ajhg2020/GSE116992/GPL21145/metadata/metadata.arrow,44643b37822dd38dd82a4e2ff431aba9941f46f8558b3918a3dd505293ce1c74,GSM3267118,MS1177_Coffin-Siris Syndrome 1,GSM3267118,Public on Nov 07 2018,Jul 12 2018,Nov 07 2018,genomic,1,MS1177,Homo sapiens,disease state: Coffin-Siris syndrome,tissue: Whole Blood,N/A,N/A,genomic DNA,Standard DNA extraction from blood,Cy5 and Cy3,According to the manufacturer's protocol,9606,According to the manufacturer's protocol,iScan,SAMPLE 8,"Illumina Normalization method with background correction, using minfi package in R 3.4.2",GPL21145,"Bekim,,Sadikovic",bekim.sadikovic@lhsc.on.ca,Pathology and Laboratory Medicine,University of Western Ontario,800 Commissioners Rd E,London,Ontario,N6A 5W9,Canada,ftp://ftp.ncbi.nlm.nih.gov/geo/samples/GSM3267nnn/GSM3267118/suppl/GSM3267118_202081130042_R06C01_Grn.idat.gz,ftp://ftp.ncbi.nlm.nih.gov/geo/samples/GSM3267nnn/GSM3267118/suppl/GSM3267118_202081130042_R06C01_Red.idat.gz,866091,Coffin-Siris syndrome,Whole Blood,cpgcorpus,,,,,,BAFopathy,"ARID1A,ARID1B,SMARCB1,SMARCA4,SMARCA2",614607; 135900; 614609; 614608; 601358,50.0,19.0,yes,CSS1,ARID1B,,,,,,BAFopathy,"ARID1A,ARID1B,SMARCB1,SMARCA4,SMARCA2",614607; 135900; 614609; 614608; 601358,50.0,19.0,yes,CSS1,ARID1B,,,,,,BAFopathy,"ARID1A,ARID1B,SMARCB1,SMARCA4,SMARCA2",614607; 135900; 614609; 614608; 601358,50.0,19.0,yes,CSS1,ARID1B
GSE116992_GPL21145_sample_95,GSE116992,GPL21145,BAFopathy,BAFopathy,"ARID1A,ARID1B,SMARCB1,SMARCA4,SMARCA2",case,ms1221_nicolaides-baraitser syndrome ms1221 disease state: nicolaides-baraitser syndrome sample 9,"CpGCorpus,existing",True,True,False,cpgcorpus,2026-02-18T12:08:40.543840,data/ajhg2020/GSE116992/GPL21145/betas/QCDPB.arrow,ae8c0245f746bf774b0636a41b24d00e8db8bf680733ea49d277223958098d2b,22.0,865920.0,data/ajhg2020/GSE116992/GPL21145/metadata/metadata.arrow,44643b37822dd38dd82a4e2ff431aba9941f46f8558b3918a3dd505293ce1c74,,,,,,,,,,,,,,,,,,,,,,,,,,,,,,,,,,,,,,,existing,GSE116992,GPL21145,BAFopathy,BAFopathy,"ARID1A,ARID1B,SMARCB1,SMARCA4,SMARCA2",case,none none none none,"CpGCorpus,existing",True,True,False,cpgcorpus,2026-02-18T12:08:40.543840,data/ajhg2020/GSE116992/GPL21145/betas/QCDPB.arrow,ae8c0245f746bf774b0636a41b24d00e8db8bf680733ea49d277223958098d2b,22.0,865920.0,data/ajhg2020/GSE116992/GPL21145/metadata/metadata.arrow,44643b37822dd38dd82a4e2ff431aba9941f46f8558b3918a3dd505293ce1c74,,,,,,,,,,,,,,,,,,,,,,,,,,,,,,,,,,,,,,,existing,GSE116992,GPL21145,BAFopathy,BAFopathy,"ARID1A,ARID1B,SMARCB1,SMARCA4,SMARCA2",case,ms1221_nicolaides-baraitser syndrome ms1221 disease state: nicolaides-baraitser syndrome sample 9,CpGCorpus,True,True,False,cpgcorpus,2026-02-18T12:08:40.543840,data/ajhg2020/GSE116992/GPL21145/betas/QCDPB.arrow,ae8c0245f746bf774b0636a41b24d00e8db8bf680733ea49d277223958098d2b,22.0,865920.0,data/ajhg2020/GSE116992/GPL21145/metadata/metadata.arrow,44643b37822dd38dd82a4e2ff431aba9941f46f8558b3918a3dd505293ce1c74,GSM3267119,MS1221_Nicolaides-Baraitser syndrome,GSM3267119,Public on Nov 07 2018,Jul 12 2018,Nov 07 2018,genomic,1,MS1221,Homo sapiens,disease state: Nicolaides-Baraitser syndrome,tissue: Whole Blood,N/A,N/A,genomic DNA,Standard DNA extraction from blood,Cy5 and Cy3,According to the manufacturer's protocol,9606,According to the manufacturer's protocol,iScan,SAMPLE 9,"Illumina Normalization method with background correction, using minfi package in R 3.4.2",GPL21145,"Bekim,,Sadikovic",bekim.sadikovic@lhsc.on.ca,Pathology and Laboratory Medicine,University of Western Ontario,800 Commissioners Rd E,London,Ontario,N6A 5W9,Canada,ftp://ftp.ncbi.nlm.nih.gov/geo/samples/GSM3267nnn/GSM3267119/suppl/GSM3267119_202226320152_R02C01_Grn.idat.gz,ftp://ftp.ncbi.nlm.nih.gov/geo/samples/GSM3267nnn/GSM3267119/suppl/GSM3267119_202226320152_R02C01_Red.idat.gz,866091,Nicolaides-Baraitser syndrome,Whole Blood,cpgcorpus,,,,,,BAFopathy,"ARID1A,ARID1B,SMARCB1,SMARCA4,SMARCA2",614607; 135900; 614609; 614608; 601358,50.0,19.0,yes,NCBRS,SMARCA2,,,,,,BAFopathy,"ARID1A,ARID1B,SMARCB1,SMARCA4,SMARCA2",614607; 135900; 614609; 614608; 601358,50.0,19.0,yes,NCBRS,SMARCA2,,,,,,BAFopathy,"ARID1A,ARID1B,SMARCB1,SMARCA4,SMARCA2",614607; 135900; 614609; 614608; 601358,50.0,19.0,yes,NCBRS,SMARCA2
GSE116992_GPL21145_sample_96,GSE116992,GPL21145,BAFopathy,BAFopathy,"ARID1A,ARID1B,SMARCB1,SMARCA4,SMARCA2",case,ms1222_nicolaides-baraitser syndrome ms1222 disease state: nicolaides-baraitser syndrome sample 10,"CpGCorpus,existing",True,True,False,cpgcorpus,2026-02-18T12:08:40.543840,data/ajhg2020/GSE116992/GPL21145/betas/QCDPB.arrow,ae8c0245f746bf774b0636a41b24d00e8db8bf680733ea49d277223958098d2b,22.0,865920.0,data/ajhg2020/GSE116992/GPL21145/metadata/metadata.arrow,44643b37822dd38dd82a4e2ff431aba9941f46f8558b3918a3dd505293ce1c74,,,,,,,,,,,,,,,,,,,,,,,,,,,,,,,,,,,,,,,existing,GSE116992,GPL21145,BAFopathy,BAFopathy,"ARID1A,ARID1B,SMARCB1,SMARCA4,SMARCA2",case,none none none none,"CpGCorpus,existing",True,True,False,cpgcorpus,2026-02-18T12:08:40.543840,data/ajhg2020/GSE116992/GPL21145/betas/QCDPB.arrow,ae8c0245f746bf774b0636a41b24d00e8db8bf680733ea49d277223958098d2b,22.0,865920.0,data/ajhg2020/GSE116992/GPL21145/metadata/metadata.arrow,44643b37822dd38dd82a4e2ff431aba9941f46f8558b3918a3dd505293ce1c74,,,,,,,,,,,,,,,,,,,,,,,,,,,,,,,,,,,,,,,existing,GSE116992,GPL21145,BAFopathy,BAFopathy,"ARID1A,ARID1B,SMARCB1,SMARCA4,SMARCA2",case,ms1222_nicolaides-baraitser syndrome ms1222 disease state: nicolaides-baraitser syndrome sample 10,CpGCorpus,True,True,False,cpgcorpus,2026-02-18T12:08:40.543840,data/ajhg2020/GSE116992/GPL21145/betas/QCDPB.arrow,ae8c0245f746bf774b0636a41b24d00e8db8bf680733ea49d277223958098d2b,22.0,865920.0,data/ajhg2020/GSE116992/GPL21145/metadata/metadata.arrow,44643b37822dd38dd82a4e2ff431aba9941f46f8558b3918a3dd505293ce1c74,GSM3267120,MS1222_Nicolaides-Baraitser syndrome,GSM3267120,Public on Nov 07 2018,Jul 12 2018,Nov 07 2018,genomic,1,MS1222,Homo sapiens,disease state: Nicolaides-Baraitser syndrome,tissue: Whole Blood,N/A,N/A,genomic DNA,Standard DNA extraction from blood,Cy5 and Cy3,According to the manufacturer's protocol,9606,According to the manufacturer's protocol,iScan,SAMPLE 10,"Illumina Normalization method with background correction, using minfi package in R 3.4.2",GPL21145,"Bekim,,Sadikovic",bekim.sadikovic@lhsc.on.ca,Pathology and Laboratory Medicine,University of Western Ontario,800 Commissioners Rd E,London,Ontario,N6A 5W9,Canada,ftp://ftp.ncbi.nlm.nih.gov/geo/samples/GSM3267nnn/GSM3267120/suppl/GSM3267120_202226320152_R03C01_Grn.idat.gz,ftp://ftp.ncbi.nlm.nih.gov/geo/samples/GSM3267nnn/GSM3267120/suppl/GSM3267120_202226320152_R03C01_Red.idat.gz,866091,Nicolaides-Baraitser syndrome,Whole Blood,cpgcorpus,,,,,,BAFopathy,"ARID1A,ARID1B,SMARCB1,SMARCA4,SMARCA2",614607; 135900; 614609; 614608; 601358,50.0,19.0,yes,NCBRS,SMARCA2,,,,,,BAFopathy,"ARID1A,ARID1B,SMARCB1,SMARCA4,SMARCA2",614607; 135900; 614609; 614608; 601358,50.0,19.0,yes,NCBRS,SMARCA2,,,,,,BAFopathy,"ARID1A,ARID1B,SMARCB1,SMARCA4,SMARCA2",614607; 135900; 614609; 614608; 601358,50.0,19.0,yes,NCBRS,SMARCA2
GSE116992_GPL21145_sample_97,GSE116992,GPL21145,BAFopathy,BAFopathy,"ARID1A,ARID1B,SMARCB1,SMARCA4,SMARCA2",case,ms1223_nicolaides-baraitser syndrome ms1223 disease state: nicolaides-baraitser syndrome sample 11,"CpGCorpus,existing",True,True,False,cpgcorpus,2026-02-18T12:08:40.543840,data/ajhg2020/GSE116992/GPL21145/betas/QCDPB.arrow,ae8c0245f746bf774b0636a41b24d00e8db8bf680733ea49d277223958098d2b,22.0,865920.0,data/ajhg2020/GSE116992/GPL21145/metadata/metadata.arrow,44643b37822dd38dd82a4e2ff431aba9941f46f8558b3918a3dd505293ce1c74,,,,,,,,,,,,,,,,,,,,,,,,,,,,,,,,,,,,,,,existing,GSE116992,GPL21145,BAFopathy,BAFopathy,"ARID1A,ARID1B,SMARCB1,SMARCA4,SMARCA2",case,none none none none,"CpGCorpus,existing",True,True,False,cpgcorpus,2026-02-18T12:08:40.543840,data/ajhg2020/GSE116992/GPL21145/betas/QCDPB.arrow,ae8c0245f746bf774b0636a41b24d00e8db8bf680733ea49d277223958098d2b,22.0,865920.0,data/ajhg2020/GSE116992/GPL21145/metadata/metadata.arrow,44643b37822dd38dd82a4e2ff431aba9941f46f8558b3918a3dd505293ce1c74,,,,,,,,,,,,,,,,,,,,,,,,,,,,,,,,,,,,,,,existing,GSE116992,GPL21145,BAFopathy,BAFopathy,"ARID1A,ARID1B,SMARCB1,SMARCA4,SMARCA2",case,ms1223_nicolaides-baraitser syndrome ms1223 disease state: nicolaides-baraitser syndrome sample 11,CpGCorpus,True,True,False,cpgcorpus,2026-02-18T12:08:40.543840,data/ajhg2020/GSE116992/GPL21145/betas/QCDPB.arrow,ae8c0245f746bf774b0636a41b24d00e8db8bf680733ea49d277223958098d2b,22.0,865920.0,data/ajhg2020/GSE116992/GPL21145/metadata/metadata.arrow,44643b37822dd38dd82a4e2ff431aba9941f46f8558b3918a3dd505293ce1c74,GSM3267121,MS1223_Nicolaides-Baraitser syndrome,GSM3267121,Public on Nov 07 2018,Jul 12 2018,Nov 07 2018,genomic,1,MS1223,Homo sapiens,disease state: Nicolaides-Baraitser syndrome,tissue: Whole Blood,N/A,N/A,genomic DNA,Standard DNA extraction from blood,Cy5 and Cy3,According to the manufacturer's protocol,9606,According to the manufacturer's protocol,iScan,SAMPLE 11,"Illumina Normalization method with background correction, using minfi package in R 3.4.2",GPL21145,"Bekim,,Sadikovic",bekim.sadikovic@lhsc.on.ca,Pathology and Laboratory Medicine,University of Western Ontario,800 Commissioners Rd E,London,Ontario,N6A 5W9,Canada,ftp://ftp.ncbi.nlm.nih.gov/geo/samples/GSM3267nnn/GSM3267121/suppl/GSM3267121_202226320152_R04C01_Grn.idat.gz,ftp://ftp.ncbi.nlm.nih.gov/geo/samples/GSM3267nnn/GSM3267121/suppl/GSM3267121_202226320152_R04C01_Red.idat.gz,866091,Nicolaides-Baraitser syndrome,Whole Blood,cpgcorpus,,,,,,BAFopathy,"ARID1A,ARID1B,SMARCB1,SMARCA4,SMARCA2",614607; 135900; 614609; 614608; 601358,50.0,19.0,yes,NCBRS,SMARCA2,,,,,,BAFopathy,"ARID1A,ARID1B,SMARCB1,SMARCA4,SMARCA2",614607; 135900; 614609; 614608; 601358,50.0,19.0,yes,NCBRS,SMARCA2,,,,,,BAFopathy,"ARID1A,ARID1B,SMARCB1,SMARCA4,SMARCA2",614607; 135900; 614609; 614608; 601358,50.0,19.0,yes,NCBRS,SMARCA2
GSE116992_GPL21145_sample_98,GSE116992,GPL21145,BAFopathy,BAFopathy,"ARID1A,ARID1B,SMARCB1,SMARCA4,SMARCA2",case,ms1227_nicolaides-baraitser syndrome ms1227 disease state: nicolaides-baraitser syndrome sample 12,"CpGCorpus,existing",True,True,False,cpgcorpus,2026-02-18T12:08:40.543840,data/ajhg2020/GSE116992/GPL21145/betas/QCDPB.arrow,ae8c0245f746bf774b0636a41b24d00e8db8bf680733ea49d277223958098d2b,22.0,865920.0,data/ajhg2020/GSE116992/GPL21145/metadata/metadata.arrow,44643b37822dd38dd82a4e2ff431aba9941f46f8558b3918a3dd505293ce1c74,,,,,,,,,,,,,,,,,,,,,,,,,,,,,,,,,,,,,,,existing,GSE116992,GPL21145,BAFopathy,BAFopathy,"ARID1A,ARID1B,SMARCB1,SMARCA4,SMARCA2",case,none none none none,"CpGCorpus,existing",True,True,False,cpgcorpus,2026-02-18T12:08:40.543840,data/ajhg2020/GSE116992/GPL21145/betas/QCDPB.arrow,ae8c0245f746bf774b0636a41b24d00e8db8bf680733ea49d277223958098d2b,22.0,865920.0,data/ajhg2020/GSE116992/GPL21145/metadata/metadata.arrow,44643b37822dd38dd82a4e2ff431aba9941f46f8558b3918a3dd505293ce1c74,,,,,,,,,,,,,,,,,,,,,,,,,,,,,,,,,,,,,,,existing,GSE116992,GPL21145,BAFopathy,BAFopathy,"ARID1A,ARID1B,SMARCB1,SMARCA4,SMARCA2",case,ms1227_nicolaides-baraitser syndrome ms1227 disease state: nicolaides-baraitser syndrome sample 12,CpGCorpus,True,True,False,cpgcorpus,2026-02-18T12:08:40.543840,data/ajhg2020/GSE116992/GPL21145/betas/QCDPB.arrow,ae8c0245f746bf774b0636a41b24d00e8db8bf680733ea49d277223958098d2b,22.0,865920.0,data/ajhg2020/GSE116992/GPL21145/metadata/metadata.arrow,44643b37822dd38dd82a4e2ff431aba9941f46f8558b3918a3dd505293ce1c74,GSM3267122,MS1227_Nicolaides-Baraitser syndrome,GSM3267122,Public on Nov 07 2018,Jul 12 2018,Nov 07 2018,genomic,1,MS1227,Homo sapiens,disease state: Nicolaides-Baraitser syndrome,tissue: Whole Blood,N/A,N/A,genomic DNA,Standard DNA extraction from blood,Cy5 and Cy3,According to the manufacturer's protocol,9606,According to the manufacturer's protocol,iScan,SAMPLE 12,"Illumina Normalization method with background correction, using minfi package in R 3.4.2",GPL21145,"Bekim,,Sadikovic",bekim.sadikovic@lhsc.on.ca,Pathology and Laboratory Medicine,University of Western Ontario,800 Commissioners Rd E,London,Ontario,N6A 5W9,Canada,ftp://ftp.ncbi.nlm.nih.gov/geo/samples/GSM3267nnn/GSM3267122/suppl/GSM3267122_202226320152_R08C01_Grn.idat.gz,ftp://ftp.ncbi.nlm.nih.gov/geo/samples/GSM3267nnn/GSM3267122/suppl/GSM3267122_202226320152_R08C01_Red.idat.gz,866091,Nicolaides-Baraitser syndrome,Whole Blood,cpgcorpus,,,,,,BAFopathy,"ARID1A,ARID1B,SMARCB1,SMARCA4,SMARCA2",614607; 135900; 614609; 614608; 601358,50.0,19.0,yes,NCBRS,SMARCA2,,,,,,BAFopathy,"ARID1A,ARID1B,SMARCB1,SMARCA4,SMARCA2",614607; 135900; 614609; 614608; 601358,50.0,19.0,yes,NCBRS,SMARCA2,,,,,,BAFopathy,"ARID1A,ARID1B,SMARCB1,SMARCA4,SMARCA2",614607; 135900; 614609; 614608; 601358,50.0,19.0,yes,NCBRS,SMARCA2
GSE116992_GPL21145_sample_99,GSE116992,GPL21145,BAFopathy,BAFopathy,"ARID1A,ARID1B,SMARCB1,SMARCA4,SMARCA2",case,ms1237_nicolaides-baraitser syndrome ms1237 disease state: nicolaides-baraitser syndrome sample 13,"CpGCorpus,existing",True,True,False,cpgcorpus,2026-02-18T12:08:40.543840,data/ajhg2020/GSE116992/GPL21145/betas/QCDPB.arrow,ae8c0245f746bf774b0636a41b24d00e8db8bf680733ea49d277223958098d2b,22.0,865920.0,data/ajhg2020/GSE116992/GPL21145/metadata/metadata.arrow,44643b37822dd38dd82a4e2ff431aba9941f46f8558b3918a3dd505293ce1c74,,,,,,,,,,,,,,,,,,,,,,,,,,,,,,,,,,,,,,,existing,GSE116992,GPL21145,BAFopathy,BAFopathy,"ARID1A,ARID1B,SMARCB1,SMARCA4,SMARCA2",case,none none none none,"CpGCorpus,existing",True,True,False,cpgcorpus,2026-02-18T12:08:40.543840,data/ajhg2020/GSE116992/GPL21145/betas/QCDPB.arrow,ae8c0245f746bf774b0636a41b24d00e8db8bf680733ea49d277223958098d2b,22.0,865920.0,data/ajhg2020/GSE116992/GPL21145/metadata/metadata.arrow,44643b37822dd38dd82a4e2ff431aba9941f46f8558b3918a3dd505293ce1c74,,,,,,,,,,,,,,,,,,,,,,,,,,,,,,,,,,,,,,,existing,GSE116992,GPL21145,BAFopathy,BAFopathy,"ARID1A,ARID1B,SMARCB1,SMARCA4,SMARCA2",case,ms1237_nicolaides-baraitser syndrome ms1237 disease state: nicolaides-baraitser syndrome sample 13,CpGCorpus,True,True,False,cpgcorpus,2026-02-18T12:08:40.543840,data/ajhg2020/GSE116992/GPL21145/betas/QCDPB.arrow,ae8c0245f746bf774b0636a41b24d00e8db8bf680733ea49d277223958098d2b,22.0,865920.0,data/ajhg2020/GSE116992/GPL21145/metadata/metadata.arrow,44643b37822dd38dd82a4e2ff431aba9941f46f8558b3918a3dd505293ce1c74,GSM3267123,MS1237_Nicolaides-Baraitser syndrome,GSM3267123,Public on Nov 07 2018,Jul 12 2018,Nov 07 2018,genomic,1,MS1237,Homo sapiens,disease state: Nicolaides-Baraitser syndrome,tissue: Whole Blood,N/A,N/A,genomic DNA,Standard DNA extraction from blood,Cy5 and Cy3,According to the manufacturer's protocol,9606,According to the manufacturer's protocol,iScan,SAMPLE 13,"Illumina Normalization method with background correction, using minfi package in R 3.4.2",GPL21145,"Bekim,,Sadikovic",bekim.sadikovic@lhsc.on.ca,Pathology and Laboratory Medicine,University of Western Ontario,800 Commissioners Rd E,London,Ontario,N6A 5W9,Canada,ftp://ftp.ncbi.nlm.nih.gov/geo/samples/GSM3267nnn/GSM3267123/suppl/GSM3267123_202226320201_R02C01_Grn.idat.gz,ftp://ftp.ncbi.nlm.nih.gov/geo/samples/GSM3267nnn/GSM3267123/suppl/GSM3267123_202226320201_R02C01_Red.idat.gz,866091,Nicolaides-Baraitser syndrome,Whole Blood,cpgcorpus,,,,,,BAFopathy,"ARID1A,ARID1B,SMARCB1,SMARCA4,SMARCA2",614607; 135900; 614609; 614608; 601358,50.0,19.0,yes,NCBRS,SMARCA2,,,,,,BAFopathy,"ARID1A,ARID1B,SMARCB1,SMARCA4,SMARCA2",614607; 135900; 614609; 614608; 601358,50.0,19.0,yes,NCBRS,SMARCA2,,,,,,BAFopathy,"ARID1A,ARID1B,SMARCB1,SMARCA4,SMARCA2",614607; 135900; 614609; 614608; 601358,50.0,19.0,yes,NCBRS,SMARCA2
GSE116992_GPL21145_sample_100,GSE116992,GPL21145,BAFopathy,BAFopathy,"ARID1A,ARID1B,SMARCB1,SMARCA4,SMARCA2",case,ms1238_nicolaides-baraitser syndrome ms1238 disease state: nicolaides-baraitser syndrome sample 14,"CpGCorpus,existing",True,True,False,cpgcorpus,2026-02-18T12:08:40.543840,data/ajhg2020/GSE116992/GPL21145/betas/QCDPB.arrow,ae8c0245f746bf774b0636a41b24d00e8db8bf680733ea49d277223958098d2b,22.0,865920.0,data/ajhg2020/GSE116992/GPL21145/metadata/metadata.arrow,44643b37822dd38dd82a4e2ff431aba9941f46f8558b3918a3dd505293ce1c74,,,,,,,,,,,,,,,,,,,,,,,,,,,,,,,,,,,,,,,existing,GSE116992,GPL21145,BAFopathy,BAFopathy,"ARID1A,ARID1B,SMARCB1,SMARCA4,SMARCA2",case,none none none none,"CpGCorpus,existing",True,True,False,cpgcorpus,2026-02-18T12:08:40.543840,data/ajhg2020/GSE116992/GPL21145/betas/QCDPB.arrow,ae8c0245f746bf774b0636a41b24d00e8db8bf680733ea49d277223958098d2b,22.0,865920.0,data/ajhg2020/GSE116992/GPL21145/metadata/metadata.arrow,44643b37822dd38dd82a4e2ff431aba9941f46f8558b3918a3dd505293ce1c74,,,,,,,,,,,,,,,,,,,,,,,,,,,,,,,,,,,,,,,existing,GSE116992,GPL21145,BAFopathy,BAFopathy,"ARID1A,ARID1B,SMARCB1,SMARCA4,SMARCA2",case,ms1238_nicolaides-baraitser syndrome ms1238 disease state: nicolaides-baraitser syndrome sample 14,CpGCorpus,True,True,False,cpgcorpus,2026-02-18T12:08:40.543840,data/ajhg2020/GSE116992/GPL21145/betas/QCDPB.arrow,ae8c0245f746bf774b0636a41b24d00e8db8bf680733ea49d277223958098d2b,22.0,865920.0,data/ajhg2020/GSE116992/GPL21145/metadata/metadata.arrow,44643b37822dd38dd82a4e2ff431aba9941f46f8558b3918a3dd505293ce1c74,GSM3267124,MS1238_Nicolaides-Baraitser syndrome,GSM3267124,Public on Nov 07 2018,Jul 12 2018,Nov 07 2018,genomic,1,MS1238,Homo sapiens,disease state: Nicolaides-Baraitser syndrome,tissue: Whole Blood,N/A,N/A,genomic DNA,Standard DNA extraction from blood,Cy5 and Cy3,According to the manufacturer's protocol,9606,According to the manufacturer's protocol,iScan,SAMPLE 14,"Illumina Normalization method with background correction, using minfi package in R 3.4.2",GPL21145,"Bekim,,Sadikovic",bekim.sadikovic@lhsc.on.ca,Pathology and Laboratory Medicine,University of Western Ontario,800 Commissioners Rd E,London,Ontario,N6A 5W9,Canada,ftp://ftp.ncbi.nlm.nih.gov/geo/samples/GSM3267nnn/GSM3267124/suppl/GSM3267124_202226320201_R03C01_Grn.idat.gz,ftp://ftp.ncbi.nlm.nih.gov/geo/samples/GSM3267nnn/GSM3267124/suppl/GSM3267124_202226320201_R03C01_Red.idat.gz,866091,Nicolaides-Baraitser syndrome,Whole Blood,cpgcorpus,,,,,,BAFopathy,"ARID1A,ARID1B,SMARCB1,SMARCA4,SMARCA2",614607; 135900; 614609; 614608; 601358,50.0,19.0,yes,NCBRS,SMARCA2,,,,,,BAFopathy,"ARID1A,ARID1B,SMARCB1,SMARCA4,SMARCA2",614607; 135900; 614609; 614608; 601358,50.0,19.0,yes,NCBRS,SMARCA2,,,,,,BAFopathy,"ARID1A,ARID1B,SMARCB1,SMARCA4,SMARCA2",614607; 135900; 614609; 614608; 601358,50.0,19.0,yes,NCBRS,SMARCA2
GSE116992_GPL21145_sample_101,GSE116992,GPL21145,BAFopathy,BAFopathy,"ARID1A,ARID1B,SMARCB1,SMARCA4,SMARCA2",case,ms1243_nicolaides-baraitser syndrome ms1243 disease state: nicolaides-baraitser syndrome sample 15,"CpGCorpus,existing",True,True,False,cpgcorpus,2026-02-18T12:08:40.543840,data/ajhg2020/GSE116992/GPL21145/betas/QCDPB.arrow,ae8c0245f746bf774b0636a41b24d00e8db8bf680733ea49d277223958098d2b,22.0,865920.0,data/ajhg2020/GSE116992/GPL21145/metadata/metadata.arrow,44643b37822dd38dd82a4e2ff431aba9941f46f8558b3918a3dd505293ce1c74,,,,,,,,,,,,,,,,,,,,,,,,,,,,,,,,,,,,,,,existing,GSE116992,GPL21145,BAFopathy,BAFopathy,"ARID1A,ARID1B,SMARCB1,SMARCA4,SMARCA2",case,none none none none,"CpGCorpus,existing",True,True,False,cpgcorpus,2026-02-18T12:08:40.543840,data/ajhg2020/GSE116992/GPL21145/betas/QCDPB.arrow,ae8c0245f746bf774b0636a41b24d00e8db8bf680733ea49d277223958098d2b,22.0,865920.0,data/ajhg2020/GSE116992/GPL21145/metadata/metadata.arrow,44643b37822dd38dd82a4e2ff431aba9941f46f8558b3918a3dd505293ce1c74,,,,,,,,,,,,,,,,,,,,,,,,,,,,,,,,,,,,,,,existing,GSE116992,GPL21145,BAFopathy,BAFopathy,"ARID1A,ARID1B,SMARCB1,SMARCA4,SMARCA2",case,ms1243_nicolaides-baraitser syndrome ms1243 disease state: nicolaides-baraitser syndrome sample 15,CpGCorpus,True,True,False,cpgcorpus,2026-02-18T12:08:40.543840,data/ajhg2020/GSE116992/GPL21145/betas/QCDPB.arrow,ae8c0245f746bf774b0636a41b24d00e8db8bf680733ea49d277223958098d2b,22.0,865920.0,data/ajhg2020/GSE116992/GPL21145/metadata/metadata.arrow,44643b37822dd38dd82a4e2ff431aba9941f46f8558b3918a3dd505293ce1c74,GSM3267125,MS1243_Nicolaides-Baraitser syndrome,GSM3267125,Public on Nov 07 2018,Jul 12 2018,Nov 07 2018,genomic,1,MS1243,Homo sapiens,disease state: Nicolaides-Baraitser syndrome,tissue: Whole Blood,N/A,N/A,genomic DNA,Standard DNA extraction from blood,Cy5 and Cy3,According to the manufacturer's protocol,9606,According to the manufacturer's protocol,iScan,SAMPLE 15,"Illumina Normalization method with background correction, using minfi package in R 3.4.2",GPL21145,"Bekim,,Sadikovic",bekim.sadikovic@lhsc.on.ca,Pathology and Laboratory Medicine,University of Western Ontario,800 Commissioners Rd E,London,Ontario,N6A 5W9,Canada,ftp://ftp.ncbi.nlm.nih.gov/geo/samples/GSM3267nnn/GSM3267125/suppl/GSM3267125_202226320201_R08C01_Grn.idat.gz,ftp://ftp.ncbi.nlm.nih.gov/geo/samples/GSM3267nnn/GSM3267125/suppl/GSM3267125_202226320201_R08C01_Red.idat.gz,866091,Nicolaides-Baraitser syndrome,Whole Blood,cpgcorpus,,,,,,BAFopathy,"ARID1A,ARID1B,SMARCB1,SMARCA4,SMARCA2",614607; 135900; 614609; 614608; 601358,50.0,19.0,yes,NCBRS,SMARCA2,,,,,,BAFopathy,"ARID1A,ARID1B,SMARCB1,SMARCA4,SMARCA2",614607; 135900; 614609; 614608; 601358,50.0,19.0,yes,NCBRS,SMARCA2,,,,,,BAFopathy,"ARID1A,ARID1B,SMARCB1,SMARCA4,SMARCA2",614607; 135900; 614609; 614608; 601358,50.0,19.0,yes,NCBRS,SMARCA2
GSE116992_GPL21145_sample_102,GSE116992,GPL21145,BAFopathy,BAFopathy,"ARID1A,ARID1B,SMARCB1,SMARCA4,SMARCA2",case,ms1201_coffin-siris syndrome 1 ms1201 disease state: coffin-siris syndrome sample 16,"CpGCorpus,existing",True,True,False,cpgcorpus,2026-02-18T12:08:40.543840,data/ajhg2020/GSE116992/GPL21145/betas/QCDPB.arrow,ae8c0245f746bf774b0636a41b24d00e8db8bf680733ea49d277223958098d2b,22.0,865920.0,data/ajhg2020/GSE116992/GPL21145/metadata/metadata.arrow,44643b37822dd38dd82a4e2ff431aba9941f46f8558b3918a3dd505293ce1c74,,,,,,,,,,,,,,,,,,,,,,,,,,,,,,,,,,,,,,,existing,GSE116992,GPL21145,BAFopathy,BAFopathy,"ARID1A,ARID1B,SMARCB1,SMARCA4,SMARCA2",case,none none none none,"CpGCorpus,existing",True,True,False,cpgcorpus,2026-02-18T12:08:40.543840,data/ajhg2020/GSE116992/GPL21145/betas/QCDPB.arrow,ae8c0245f746bf774b0636a41b24d00e8db8bf680733ea49d277223958098d2b,22.0,865920.0,data/ajhg2020/GSE116992/GPL21145/metadata/metadata.arrow,44643b37822dd38dd82a4e2ff431aba9941f46f8558b3918a3dd505293ce1c74,,,,,,,,,,,,,,,,,,,,,,,,,,,,,,,,,,,,,,,existing,GSE116992,GPL21145,BAFopathy,BAFopathy,"ARID1A,ARID1B,SMARCB1,SMARCA4,SMARCA2",case,ms1201_coffin-siris syndrome 1 ms1201 disease state: coffin-siris syndrome sample 16,CpGCorpus,True,True,False,cpgcorpus,2026-02-18T12:08:40.543840,data/ajhg2020/GSE116992/GPL21145/betas/QCDPB.arrow,ae8c0245f746bf774b0636a41b24d00e8db8bf680733ea49d277223958098d2b,22.0,865920.0,data/ajhg2020/GSE116992/GPL21145/metadata/metadata.arrow,44643b37822dd38dd82a4e2ff431aba9941f46f8558b3918a3dd505293ce1c74,GSM3267126,MS1201_Coffin-Siris Syndrome 1,GSM3267126,Public on Nov 07 2018,Jul 12 2018,Nov 07 2018,genomic,1,MS1201,Homo sapiens,disease state: Coffin-Siris syndrome,tissue: Whole Blood,N/A,N/A,genomic DNA,Standard DNA extraction from blood,Cy5 and Cy3,According to the manufacturer's protocol,9606,According to the manufacturer's protocol,iScan,SAMPLE 16,"Illumina Normalization method with background correction, using minfi package in R 3.4.2",GPL21145,"Bekim,,Sadikovic",bekim.sadikovic@lhsc.on.ca,Pathology and Laboratory Medicine,University of Western Ontario,800 Commissioners Rd E,London,Ontario,N6A 5W9,Canada,ftp://ftp.ncbi.nlm.nih.gov/geo/samples/GSM3267nnn/GSM3267126/suppl/GSM3267126_202240580107_R06C01_Grn.idat.gz,ftp://ftp.ncbi.nlm.nih.gov/geo/samples/GSM3267nnn/GSM3267126/suppl/GSM3267126_202240580107_R06C01_Red.idat.gz,866091,Coffin-Siris syndrome,Whole Blood,cpgcorpus,,,,,,BAFopathy,"ARID1A,ARID1B,SMARCB1,SMARCA4,SMARCA2",614607; 135900; 614609; 614608; 601358,50.0,19.0,yes,CSS1,ARID1B,,,,,,BAFopathy,"ARID1A,ARID1B,SMARCB1,SMARCA4,SMARCA2",614607; 135900; 614609; 614608; 601358,50.0,19.0,yes,CSS1,ARID1B,,,,,,BAFopathy,"ARID1A,ARID1B,SMARCB1,SMARCA4,SMARCA2",614607; 135900; 614609; 614608; 601358,50.0,19.0,yes,CSS1,ARID1B
GSE116992_GPL21145_sample_103,GSE116992,GPL21145,BAFopathy,BAFopathy,"ARID1A,ARID1B,SMARCB1,SMARCA4,SMARCA2",case,ms1209_coffin-siris syndrome 4 ms1209 disease state: coffin-siris syndrome sample 17,"CpGCorpus,existing",True,True,False,cpgcorpus,2026-02-18T12:08:40.543840,data/ajhg2020/GSE116992/GPL21145/betas/QCDPB.arrow,ae8c0245f746bf774b0636a41b24d00e8db8bf680733ea49d277223958098d2b,22.0,865920.0,data/ajhg2020/GSE116992/GPL21145/metadata/metadata.arrow,44643b37822dd38dd82a4e2ff431aba9941f46f8558b3918a3dd505293ce1c74,,,,,,,,,,,,,,,,,,,,,,,,,,,,,,,,,,,,,,,existing,GSE116992,GPL21145,BAFopathy,BAFopathy,"ARID1A,ARID1B,SMARCB1,SMARCA4,SMARCA2",case,none none none none,"CpGCorpus,existing",True,True,False,cpgcorpus,2026-02-18T12:08:40.543840,data/ajhg2020/GSE116992/GPL21145/betas/QCDPB.arrow,ae8c0245f746bf774b0636a41b24d00e8db8bf680733ea49d277223958098d2b,22.0,865920.0,data/ajhg2020/GSE116992/GPL21145/metadata/metadata.arrow,44643b37822dd38dd82a4e2ff431aba9941f46f8558b3918a3dd505293ce1c74,,,,,,,,,,,,,,,,,,,,,,,,,,,,,,,,,,,,,,,existing,GSE116992,GPL21145,BAFopathy,BAFopathy,"ARID1A,ARID1B,SMARCB1,SMARCA4,SMARCA2",case,ms1209_coffin-siris syndrome 4 ms1209 disease state: coffin-siris syndrome sample 17,CpGCorpus,True,True,False,cpgcorpus,2026-02-18T12:08:40.543840,data/ajhg2020/GSE116992/GPL21145/betas/QCDPB.arrow,ae8c0245f746bf774b0636a41b24d00e8db8bf680733ea49d277223958098d2b,22.0,865920.0,data/ajhg2020/GSE116992/GPL21145/metadata/metadata.arrow,44643b37822dd38dd82a4e2ff431aba9941f46f8558b3918a3dd505293ce1c74,GSM3267127,MS1209_Coffin-Siris Syndrome 4,GSM3267127,Public on Nov 07 2018,Jul 12 2018,Nov 07 2018,genomic,1,MS1209,Homo sapiens,disease state: Coffin-Siris syndrome,tissue: Whole Blood,N/A,N/A,genomic DNA,Standard DNA extraction from blood,Cy5 and Cy3,According to the manufacturer's protocol,9606,According to the manufacturer's protocol,iScan,SAMPLE 17,"Illumina Normalization method with background correction, using minfi package in R 3.4.2",GPL21145,"Bekim,,Sadikovic",bekim.sadikovic@lhsc.on.ca,Pathology and Laboratory Medicine,University of Western Ontario,800 Commissioners Rd E,London,Ontario,N6A 5W9,Canada,ftp://ftp.ncbi.nlm.nih.gov/geo/samples/GSM3267nnn/GSM3267127/suppl/GSM3267127_202240580157_R06C01_Grn.idat.gz,ftp://ftp.ncbi.nlm.nih.gov/geo/samples/GSM3267nnn/GSM3267127/suppl/GSM3267127_202240580157_R06C01_Red.idat.gz,866091,Coffin-Siris syndrome,Whole Blood,cpgcorpus,,,,,,BAFopathy,"ARID1A,ARID1B,SMARCB1,SMARCA4,SMARCA2",614607; 135900; 614609; 614608; 601358,50.0,19.0,yes,CSS1,ARID1B,,,,,,BAFopathy,"ARID1A,ARID1B,SMARCB1,SMARCA4,SMARCA2",614607; 135900; 614609; 614608; 601358,50.0,19.0,yes,CSS4,SMARCA4,,,,,,BAFopathy,"ARID1A,ARID1B,SMARCB1,SMARCA4,SMARCA2",614607; 135900; 614609; 614608; 601358,50.0,19.0,yes,CSS1,ARID1B
GSE116992_GPL21145_sample_104,GSE116992,GPL21145,BAFopathy,BAFopathy,"ARID1A,ARID1B,SMARCB1,SMARCA4,SMARCA2",case,ms1212_coffin-siris syndrome 1 ms1212 disease state: coffin-siris syndrome sample 18,"CpGCorpus,existing",True,True,False,cpgcorpus,2026-02-18T12:08:40.543840,data/ajhg2020/GSE116992/GPL21145/betas/QCDPB.arrow,ae8c0245f746bf774b0636a41b24d00e8db8bf680733ea49d277223958098d2b,22.0,865920.0,data/ajhg2020/GSE116992/GPL21145/metadata/metadata.arrow,44643b37822dd38dd82a4e2ff431aba9941f46f8558b3918a3dd505293ce1c74,,,,,,,,,,,,,,,,,,,,,,,,,,,,,,,,,,,,,,,existing,GSE116992,GPL21145,BAFopathy,BAFopathy,"ARID1A,ARID1B,SMARCB1,SMARCA4,SMARCA2",case,none none none none,"CpGCorpus,existing",True,True,False,cpgcorpus,2026-02-18T12:08:40.543840,data/ajhg2020/GSE116992/GPL21145/betas/QCDPB.arrow,ae8c0245f746bf774b0636a41b24d00e8db8bf680733ea49d277223958098d2b,22.0,865920.0,data/ajhg2020/GSE116992/GPL21145/metadata/metadata.arrow,44643b37822dd38dd82a4e2ff431aba9941f46f8558b3918a3dd505293ce1c74,,,,,,,,,,,,,,,,,,,,,,,,,,,,,,,,,,,,,,,existing,GSE116992,GPL21145,BAFopathy,BAFopathy,"ARID1A,ARID1B,SMARCB1,SMARCA4,SMARCA2",case,ms1212_coffin-siris syndrome 1 ms1212 disease state: coffin-siris syndrome sample 18,CpGCorpus,True,True,False,cpgcorpus,2026-02-18T12:08:40.543840,data/ajhg2020/GSE116992/GPL21145/betas/QCDPB.arrow,ae8c0245f746bf774b0636a41b24d00e8db8bf680733ea49d277223958098d2b,22.0,865920.0,data/ajhg2020/GSE116992/GPL21145/metadata/metadata.arrow,44643b37822dd38dd82a4e2ff431aba9941f46f8558b3918a3dd505293ce1c74,GSM3267128,MS1212_Coffin-Siris Syndrome 1,GSM3267128,Public on Nov 07 2018,Jul 12 2018,Nov 07 2018,genomic,1,MS1212,Homo sapiens,disease state: Coffin-Siris syndrome,tissue: Whole Blood,N/A,N/A,genomic DNA,Standard DNA extraction from blood,Cy5 and Cy3,According to the manufacturer's protocol,9606,According to the manufacturer's protocol,iScan,SAMPLE 18,"Illumina Normalization method with background correction, using minfi package in R 3.4.2",GPL21145,"Bekim,,Sadikovic",bekim.sadikovic@lhsc.on.ca,Pathology and Laboratory Medicine,University of Western Ontario,800 Commissioners Rd E,London,Ontario,N6A 5W9,Canada,ftp://ftp.ncbi.nlm.nih.gov/geo/samples/GSM3267nnn/GSM3267128/suppl/GSM3267128_202240580159_R01C01_Grn.idat.gz,ftp://ftp.ncbi.nlm.nih.gov/geo/samples/GSM3267nnn/GSM3267128/suppl/GSM3267128_202240580159_R01C01_Red.idat.gz,866091,Coffin-Siris syndrome,Whole Blood,cpgcorpus,,,,,,BAFopathy,"ARID1A,ARID1B,SMARCB1,SMARCA4,SMARCA2",614607; 135900; 614609; 614608; 601358,50.0,19.0,yes,CSS1,ARID1B,,,,,,BAFopathy,"ARID1A,ARID1B,SMARCB1,SMARCA4,SMARCA2",614607; 135900; 614609; 614608; 601358,50.0,19.0,yes,CSS1,ARID1B,,,,,,BAFopathy,"ARID1A,ARID1B,SMARCB1,SMARCA4,SMARCA2",614607; 135900; 614609; 614608; 601358,50.0,19.0,yes,CSS1,ARID1B
GSE116992_GPL21145_sample_105,GSE116992,GPL21145,BAFopathy,BAFopathy,"ARID1A,ARID1B,SMARCB1,SMARCA4,SMARCA2",case,ms1213_coffin-siris syndrome 1 ms1213 disease state: coffin-siris syndrome sample 19,"CpGCorpus,existing",True,True,False,cpgcorpus,2026-02-18T12:08:40.543840,data/ajhg2020/GSE116992/GPL21145/betas/QCDPB.arrow,ae8c0245f746bf774b0636a41b24d00e8db8bf680733ea49d277223958098d2b,22.0,865920.0,data/ajhg2020/GSE116992/GPL21145/metadata/metadata.arrow,44643b37822dd38dd82a4e2ff431aba9941f46f8558b3918a3dd505293ce1c74,,,,,,,,,,,,,,,,,,,,,,,,,,,,,,,,,,,,,,,existing,GSE116992,GPL21145,BAFopathy,BAFopathy,"ARID1A,ARID1B,SMARCB1,SMARCA4,SMARCA2",case,none none none none,"CpGCorpus,existing",True,True,False,cpgcorpus,2026-02-18T12:08:40.543840,data/ajhg2020/GSE116992/GPL21145/betas/QCDPB.arrow,ae8c0245f746bf774b0636a41b24d00e8db8bf680733ea49d277223958098d2b,22.0,865920.0,data/ajhg2020/GSE116992/GPL21145/metadata/metadata.arrow,44643b37822dd38dd82a4e2ff431aba9941f46f8558b3918a3dd505293ce1c74,,,,,,,,,,,,,,,,,,,,,,,,,,,,,,,,,,,,,,,existing,GSE116992,GPL21145,BAFopathy,BAFopathy,"ARID1A,ARID1B,SMARCB1,SMARCA4,SMARCA2",case,ms1213_coffin-siris syndrome 1 ms1213 disease state: coffin-siris syndrome sample 19,CpGCorpus,True,True,False,cpgcorpus,2026-02-18T12:08:40.543840,data/ajhg2020/GSE116992/GPL21145/betas/QCDPB.arrow,ae8c0245f746bf774b0636a41b24d00e8db8bf680733ea49d277223958098d2b,22.0,865920.0,data/ajhg2020/GSE116992/GPL21145/metadata/metadata.arrow,44643b37822dd38dd82a4e2ff431aba9941f46f8558b3918a3dd505293ce1c74,GSM3267129,MS1213_Coffin-Siris Syndrome 1,GSM3267129,Public on Nov 07 2018,Jul 12 2018,Nov 07 2018,genomic,1,MS1213,Homo sapiens,disease state: Coffin-Siris syndrome,tissue: Whole Blood,N/A,N/A,genomic DNA,Standard DNA extraction from blood,Cy5 and Cy3,According to the manufacturer's protocol,9606,According to the manufacturer's protocol,iScan,SAMPLE 19,"Illumina Normalization method with background correction, using minfi package in R 3.4.2",GPL21145,"Bekim,,Sadikovic",bekim.sadikovic@lhsc.on.ca,Pathology and Laboratory Medicine,University of Western Ontario,800 Commissioners Rd E,London,Ontario,N6A 5W9,Canada,ftp://ftp.ncbi.nlm.nih.gov/geo/samples/GSM3267nnn/GSM3267129/suppl/GSM3267129_202240580159_R02C01_Grn.idat.gz,ftp://ftp.ncbi.nlm.nih.gov/geo/samples/GSM3267nnn/GSM3267129/suppl/GSM3267129_202240580159_R02C01_Red.idat.gz,866091,Coffin-Siris syndrome,Whole Blood,cpgcorpus,,,,,,BAFopathy,"ARID1A,ARID1B,SMARCB1,SMARCA4,SMARCA2",614607; 135900; 614609; 614608; 601358,50.0,19.0,yes,CSS1,ARID1B,,,,,,BAFopathy,"ARID1A,ARID1B,SMARCB1,SMARCA4,SMARCA2",614607; 135900; 614609; 614608; 601358,50.0,19.0,yes,CSS1,ARID1B,,,,,,BAFopathy,"ARID1A,ARID1B,SMARCB1,SMARCA4,SMARCA2",614607; 135900; 614609; 614608; 601358,50.0,19.0,yes,CSS1,ARID1B
GSE116992_GPL21145_sample_106,GSE116992,GPL21145,BAFopathy,BAFopathy,"ARID1A,ARID1B,SMARCB1,SMARCA4,SMARCA2",case,ms1215_coffin-siris syndrome 1 ms1215 disease state: coffin-siris syndrome sample 20,"CpGCorpus,existing",True,True,False,cpgcorpus,2026-02-18T12:08:40.543840,data/ajhg2020/GSE116992/GPL21145/betas/QCDPB.arrow,ae8c0245f746bf774b0636a41b24d00e8db8bf680733ea49d277223958098d2b,22.0,865920.0,data/ajhg2020/GSE116992/GPL21145/metadata/metadata.arrow,44643b37822dd38dd82a4e2ff431aba9941f46f8558b3918a3dd505293ce1c74,,,,,,,,,,,,,,,,,,,,,,,,,,,,,,,,,,,,,,,existing,GSE116992,GPL21145,BAFopathy,BAFopathy,"ARID1A,ARID1B,SMARCB1,SMARCA4,SMARCA2",case,none none none none,"CpGCorpus,existing",True,True,False,cpgcorpus,2026-02-18T12:08:40.543840,data/ajhg2020/GSE116992/GPL21145/betas/QCDPB.arrow,ae8c0245f746bf774b0636a41b24d00e8db8bf680733ea49d277223958098d2b,22.0,865920.0,data/ajhg2020/GSE116992/GPL21145/metadata/metadata.arrow,44643b37822dd38dd82a4e2ff431aba9941f46f8558b3918a3dd505293ce1c74,,,,,,,,,,,,,,,,,,,,,,,,,,,,,,,,,,,,,,,existing,GSE116992,GPL21145,BAFopathy,BAFopathy,"ARID1A,ARID1B,SMARCB1,SMARCA4,SMARCA2",case,ms1215_coffin-siris syndrome 1 ms1215 disease state: coffin-siris syndrome sample 20,CpGCorpus,True,True,False,cpgcorpus,2026-02-18T12:08:40.543840,data/ajhg2020/GSE116992/GPL21145/betas/QCDPB.arrow,ae8c0245f746bf774b0636a41b24d00e8db8bf680733ea49d277223958098d2b,22.0,865920.0,data/ajhg2020/GSE116992/GPL21145/metadata/metadata.arrow,44643b37822dd38dd82a4e2ff431aba9941f46f8558b3918a3dd505293ce1c74,GSM3267130,MS1215_Coffin-Siris Syndrome 1,GSM3267130,Public on Nov 07 2018,Jul 12 2018,Nov 07 2018,genomic,1,MS1215,Homo sapiens,disease state: Coffin-Siris syndrome,tissue: Whole Blood,N/A,N/A,genomic DNA,Standard DNA extraction from blood,Cy5 and Cy3,According to the manufacturer's protocol,9606,According to the manufacturer's protocol,iScan,SAMPLE 20,"Illumina Normalization method with background correction, using minfi package in R 3.4.2",GPL21145,"Bekim,,Sadikovic",bekim.sadikovic@lhsc.on.ca,Pathology and Laboratory Medicine,University of Western Ontario,800 Commissioners Rd E,London,Ontario,N6A 5W9,Canada,ftp://ftp.ncbi.nlm.nih.gov/geo/samples/GSM3267nnn/GSM3267130/suppl/GSM3267130_202240580159_R04C01_Grn.idat.gz,ftp://ftp.ncbi.nlm.nih.gov/geo/samples/GSM3267nnn/GSM3267130/suppl/GSM3267130_202240580159_R04C01_Red.idat.gz,866091,Coffin-Siris syndrome,Whole Blood,cpgcorpus,,,,,,BAFopathy,"ARID1A,ARID1B,SMARCB1,SMARCA4,SMARCA2",614607; 135900; 614609; 614608; 601358,50.0,19.0,yes,CSS1,ARID1B,,,,,,BAFopathy,"ARID1A,ARID1B,SMARCB1,SMARCA4,SMARCA2",614607; 135900; 614609; 614608; 601358,50.0,19.0,yes,CSS1,ARID1B,,,,,,BAFopathy,"ARID1A,ARID1B,SMARCB1,SMARCA4,SMARCA2",614607; 135900; 614609; 614608; 601358,50.0,19.0,yes,CSS1,ARID1B
GSE116992_GPL21145_sample_107,GSE116992,GPL21145,BAFopathy,BAFopathy,"ARID1A,ARID1B,SMARCB1,SMARCA4,SMARCA2",case,ms1216_coffin-siris syndrome 1 ms1216 disease state: coffin-siris syndrome sample 21,"CpGCorpus,existing",True,True,False,cpgcorpus,2026-02-18T12:08:40.543840,data/ajhg2020/GSE116992/GPL21145/betas/QCDPB.arrow,ae8c0245f746bf774b0636a41b24d00e8db8bf680733ea49d277223958098d2b,22.0,865920.0,data/ajhg2020/GSE116992/GPL21145/metadata/metadata.arrow,44643b37822dd38dd82a4e2ff431aba9941f46f8558b3918a3dd505293ce1c74,,,,,,,,,,,,,,,,,,,,,,,,,,,,,,,,,,,,,,,existing,GSE116992,GPL21145,BAFopathy,BAFopathy,"ARID1A,ARID1B,SMARCB1,SMARCA4,SMARCA2",case,none none none none,"CpGCorpus,existing",True,True,False,cpgcorpus,2026-02-18T12:08:40.543840,data/ajhg2020/GSE116992/GPL21145/betas/QCDPB.arrow,ae8c0245f746bf774b0636a41b24d00e8db8bf680733ea49d277223958098d2b,22.0,865920.0,data/ajhg2020/GSE116992/GPL21145/metadata/metadata.arrow,44643b37822dd38dd82a4e2ff431aba9941f46f8558b3918a3dd505293ce1c74,,,,,,,,,,,,,,,,,,,,,,,,,,,,,,,,,,,,,,,existing,GSE116992,GPL21145,BAFopathy,BAFopathy,"ARID1A,ARID1B,SMARCB1,SMARCA4,SMARCA2",case,ms1216_coffin-siris syndrome 1 ms1216 disease state: coffin-siris syndrome sample 21,CpGCorpus,True,True,False,cpgcorpus,2026-02-18T12:08:40.543840,data/ajhg2020/GSE116992/GPL21145/betas/QCDPB.arrow,ae8c0245f746bf774b0636a41b24d00e8db8bf680733ea49d277223958098d2b,22.0,865920.0,data/ajhg2020/GSE116992/GPL21145/metadata/metadata.arrow,44643b37822dd38dd82a4e2ff431aba9941f46f8558b3918a3dd505293ce1c74,GSM3267131,MS1216_Coffin-Siris Syndrome 1,GSM3267131,Public on Nov 07 2018,Jul 12 2018,Nov 07 2018,genomic,1,MS1216,Homo sapiens,disease state: Coffin-Siris syndrome,tissue: Whole Blood,N/A,N/A,genomic DNA,Standard DNA extraction from blood,Cy5 and Cy3,According to the manufacturer's protocol,9606,According to the manufacturer's protocol,iScan,SAMPLE 21,"Illumina Normalization method with background correction, using minfi package in R 3.4.2",GPL21145,"Bekim,,Sadikovic",bekim.sadikovic@lhsc.on.ca,Pathology and Laboratory Medicine,University of Western Ontario,800 Commissioners Rd E,London,Ontario,N6A 5W9,Canada,ftp://ftp.ncbi.nlm.nih.gov/geo/samples/GSM3267nnn/GSM3267131/suppl/GSM3267131_202240580159_R05C01_Grn.idat.gz,ftp://ftp.ncbi.nlm.nih.gov/geo/samples/GSM3267nnn/GSM3267131/suppl/GSM3267131_202240580159_R05C01_Red.idat.gz,866091,Coffin-Siris syndrome,Whole Blood,cpgcorpus,,,,,,BAFopathy,"ARID1A,ARID1B,SMARCB1,SMARCA4,SMARCA2",614607; 135900; 614609; 614608; 601358,50.0,19.0,yes,CSS1,ARID1B,,,,,,BAFopathy,"ARID1A,ARID1B,SMARCB1,SMARCA4,SMARCA2",614607; 135900; 614609; 614608; 601358,50.0,19.0,yes,CSS1,ARID1B,,,,,,BAFopathy,"ARID1A,ARID1B,SMARCB1,SMARCA4,SMARCA2",614607; 135900; 614609; 614608; 601358,50.0,19.0,yes,CSS1,ARID1B
GSE116992_GPL21145_sample_108,GSE116992,GPL21145,BAFopathy,BAFopathy,"ARID1A,ARID1B,SMARCB1,SMARCA4,SMARCA2",case,ms1217_coffin-siris syndrome 1 ms1217 disease state: coffin-siris syndrome sample 22,"CpGCorpus,existing",True,True,False,cpgcorpus,2026-02-18T12:08:40.543840,data/ajhg2020/GSE116992/GPL21145/betas/QCDPB.arrow,ae8c0245f746bf774b0636a41b24d00e8db8bf680733ea49d277223958098d2b,22.0,865920.0,data/ajhg2020/GSE116992/GPL21145/metadata/metadata.arrow,44643b37822dd38dd82a4e2ff431aba9941f46f8558b3918a3dd505293ce1c74,,,,,,,,,,,,,,,,,,,,,,,,,,,,,,,,,,,,,,,existing,GSE116992,GPL21145,BAFopathy,BAFopathy,"ARID1A,ARID1B,SMARCB1,SMARCA4,SMARCA2",case,none none none none,"CpGCorpus,existing",True,True,False,cpgcorpus,2026-02-18T12:08:40.543840,data/ajhg2020/GSE116992/GPL21145/betas/QCDPB.arrow,ae8c0245f746bf774b0636a41b24d00e8db8bf680733ea49d277223958098d2b,22.0,865920.0,data/ajhg2020/GSE116992/GPL21145/metadata/metadata.arrow,44643b37822dd38dd82a4e2ff431aba9941f46f8558b3918a3dd505293ce1c74,,,,,,,,,,,,,,,,,,,,,,,,,,,,,,,,,,,,,,,existing,GSE116992,GPL21145,BAFopathy,BAFopathy,"ARID1A,ARID1B,SMARCB1,SMARCA4,SMARCA2",case,ms1217_coffin-siris syndrome 1 ms1217 disease state: coffin-siris syndrome sample 22,CpGCorpus,True,True,False,cpgcorpus,2026-02-18T12:08:40.543840,data/ajhg2020/GSE116992/GPL21145/betas/QCDPB.arrow,ae8c0245f746bf774b0636a41b24d00e8db8bf680733ea49d277223958098d2b,22.0,865920.0,data/ajhg2020/GSE116992/GPL21145/metadata/metadata.arrow,44643b37822dd38dd82a4e2ff431aba9941f46f8558b3918a3dd505293ce1c74,GSM3267132,MS1217_Coffin-Siris Syndrome 1,GSM3267132,Public on Nov 07 2018,Jul 12 2018,Nov 07 2018,genomic,1,MS1217,Homo sapiens,disease state: Coffin-Siris syndrome,tissue: Whole Blood,N/A,N/A,genomic DNA,Standard DNA extraction from blood,Cy5 and Cy3,According to the manufacturer's protocol,9606,According to the manufacturer's protocol,iScan,SAMPLE 22,"Illumina Normalization method with background correction, using minfi package in R 3.4.2",GPL21145,"Bekim,,Sadikovic",bekim.sadikovic@lhsc.on.ca,Pathology and Laboratory Medicine,University of Western Ontario,800 Commissioners Rd E,London,Ontario,N6A 5W9,Canada,ftp://ftp.ncbi.nlm.nih.gov/geo/samples/GSM3267nnn/GSM3267132/suppl/GSM3267132_202240580159_R06C01_Grn.idat.gz,ftp://ftp.ncbi.nlm.nih.gov/geo/samples/GSM3267nnn/GSM3267132/suppl/GSM3267132_202240580159_R06C01_Red.idat.gz,866091,Coffin-Siris syndrome,Whole Blood,cpgcorpus,,,,,,BAFopathy,"ARID1A,ARID1B,SMARCB1,SMARCA4,SMARCA2",614607; 135900; 614609; 614608; 601358,50.0,19.0,yes,CSS1,ARID1B,,,,,,BAFopathy,"ARID1A,ARID1B,SMARCB1,SMARCA4,SMARCA2",614607; 135900; 614609; 614608; 601358,50.0,19.0,yes,CSS1,ARID1B,,,,,,BAFopathy,"ARID1A,ARID1B,SMARCB1,SMARCA4,SMARCA2",614607; 135900; 614609; 614608; 601358,50.0,19.0,yes,CSS1,ARID1B
GSE125367_GPL21145_sample_0,GSE125367,GPL21145,Control,,,control,control sample 1 blood sex: f,"CpGCorpus,existing",True,True,False,cpgcorpus,2026-02-18T12:09:48.594090,data/ajhg2020/GSE125367/GPL21145/betas/QCDPB.arrow,f9dbabd38cf8b3511f5bc0ba2e1178556542cd90bf29c66cdec2855e2562cf6d,44.0,865920.0,data/ajhg2020/GSE125367/GPL21145/metadata/metadata.arrow,308f438e4728d27e814faf3714a69cd44910491c4dceec9cfb30eff1f8167181,GSM3572680,Control sample 1,GSM3572680,Public on Jun 27 2019,Jan 18 2019,Jul 26 2019,genomic,1,Blood,Homo sapiens,Sex: F,age (years): 2,,,genomic DNA,"Genomic DNA was extracted from blood samples using DNEasy (Qiagen) chemistry and columns. No modification was made to the manufacturer's specifications. Prior to extraction, red cells were lysed by exposure of the sample to 2x Lysis Buffer for 5 minutes in ice. The remaining cells were pelletted by centrifugation at 2300 RPM at 4 degrees celsius.",Cy3 and Cy5,Standard Illumina Protocol,9606,"Bisulphite converted DNA was amplified, fragmented and hybridized to Illumina Infinium Human Methylation450 Beadchip using standard Illumina protocol",Using an Illumina HiScan,Genomic DNA extracted from blood had DNA methylation measured using the EPIC array (Illumina),Using an Illumina HiScan,GPL21145,"Eric,J,Chater-Diehl",ericdiehl11@gmail.com,,SickKids Research Institute,686 Bay St.,Toronto,ON,M5G 0A4,Canada,ftp://ftp.ncbi.nlm.nih.gov/geo/samples/GSM3572nnn/GSM3572680/suppl/GSM3572680_202702240186_R04C01_Grn.idat.gz,ftp://ftp.ncbi.nlm.nih.gov/geo/samples/GSM3572nnn/GSM3572680/suppl/GSM3572680_202702240186_R04C01_Red.idat.gz,866150,,,cpgcorpus,GSE125367,GPL21145,Control,,,control,control sample 1 blood sex: f,"CpGCorpus,existing",True,True,False,cpgcorpus,2026-02-18T12:09:48.594090,data/ajhg2020/GSE125367/GPL21145/betas/QCDPB.arrow,f9dbabd38cf8b3511f5bc0ba2e1178556542cd90bf29c66cdec2855e2562cf6d,44.0,865920.0,data/ajhg2020/GSE125367/GPL21145/metadata/metadata.arrow,308f438e4728d27e814faf3714a69cd44910491c4dceec9cfb30eff1f8167181,GSM3572680,Control sample 1,GSM3572680,Public on Jun 27 2019,Jan 18 2019,Jul 26 2019,genomic,1,Blood,Homo sapiens,Sex: F,age (years): 2,,,genomic DNA,"Genomic DNA was extracted from blood samples using DNEasy (Qiagen) chemistry and columns. No modification was made to the manufacturer's specifications. Prior to extraction, red cells were lysed by exposure of the sample to 2x Lysis Buffer for 5 minutes in ice. The remaining cells were pelletted by centrifugation at 2300 RPM at 4 degrees celsius.",Cy3 and Cy5,Standard Illumina Protocol,9606,"Bisulphite converted DNA was amplified, fragmented and hybridized to Illumina Infinium Human Methylation450 Beadchip using standard Illumina protocol",Using an Illumina HiScan,Genomic DNA extracted from blood had DNA methylation measured using the EPIC array (Illumina),Using an Illumina HiScan,GPL21145,"Eric,J,Chater-Diehl",ericdiehl11@gmail.com,,SickKids Research Institute,686 Bay St.,Toronto,ON,M5G 0A4,Canada,ftp://ftp.ncbi.nlm.nih.gov/geo/samples/GSM3572nnn/GSM3572680/suppl/GSM3572680_202702240186_R04C01_Grn.idat.gz,ftp://ftp.ncbi.nlm.nih.gov/geo/samples/GSM3572nnn/GSM3572680/suppl/GSM3572680_202702240186_R04C01_Red.idat.gz,866150,,,cpgcorpus,GSE125367,GPL21145,Control,,,control,control sample 1 blood sex: f,CpGCorpus,True,True,False,cpgcorpus,2026-02-18T12:09:48.594090,data/ajhg2020/GSE125367/GPL21145/betas/QCDPB.arrow,f9dbabd38cf8b3511f5bc0ba2e1178556542cd90bf29c66cdec2855e2562cf6d,44.0,865920.0,data/ajhg2020/GSE125367/GPL21145/metadata/metadata.arrow,308f438e4728d27e814faf3714a69cd44910491c4dceec9cfb30eff1f8167181,GSM3572680,Control sample 1,GSM3572680,Public on Jun 27 2019,Jan 18 2019,Jul 26 2019,genomic,1,Blood,Homo sapiens,Sex: F,age (years): 2,,,genomic DNA,"Genomic DNA was extracted from blood samples using DNEasy (Qiagen) chemistry and columns. No modification was made to the manufacturer's specifications. Prior to extraction, red cells were lysed by exposure of the sample to 2x Lysis Buffer for 5 minutes in ice. The remaining cells were pelletted by centrifugation at 2300 RPM at 4 degrees celsius.",Cy3 and Cy5,Standard Illumina Protocol,9606,"Bisulphite converted DNA was amplified, fragmented and hybridized to Illumina Infinium Human Methylation450 Beadchip using standard Illumina protocol",Using an Illumina HiScan,Genomic DNA extracted from blood had DNA methylation measured using the EPIC array (Illumina),Using an Illumina HiScan,GPL21145,"Eric,J,Chater-Diehl",ericdiehl11@gmail.com,,SickKids Research Institute,686 Bay St.,Toronto,ON,M5G 0A4,Canada,ftp://ftp.ncbi.nlm.nih.gov/geo/samples/GSM3572nnn/GSM3572680/suppl/GSM3572680_202702240186_R04C01_Grn.idat.gz,ftp://ftp.ncbi.nlm.nih.gov/geo/samples/GSM3572nnn/GSM3572680/suppl/GSM3572680_202702240186_R04C01_Red.idat.gz,866150,,,cpgcorpus,Rosanna Weksberg,2,F,,,,,,,,,,,Rosanna Weksberg,2,F,,,,,,,,,,,Rosanna Weksberg,2,F,,,,,,,,,,
GSE125367_GPL21145_sample_1,GSE125367,GPL21145,Control,,,control,control sample 2 blood sex: f,"CpGCorpus,existing",True,True,False,cpgcorpus,2026-02-18T12:09:48.594090,data/ajhg2020/GSE125367/GPL21145/betas/QCDPB.arrow,f9dbabd38cf8b3511f5bc0ba2e1178556542cd90bf29c66cdec2855e2562cf6d,44.0,865920.0,data/ajhg2020/GSE125367/GPL21145/metadata/metadata.arrow,308f438e4728d27e814faf3714a69cd44910491c4dceec9cfb30eff1f8167181,GSM3572681,Control sample 2,GSM3572681,Public on Jun 27 2019,Jan 18 2019,Jul 26 2019,genomic,1,Blood,Homo sapiens,Sex: F,age (years): 3,,,genomic DNA,"Genomic DNA was extracted from blood samples using DNEasy (Qiagen) chemistry and columns. No modification was made to the manufacturer's specifications. Prior to extraction, red cells were lysed by exposure of the sample to 2x Lysis Buffer for 5 minutes in ice. The remaining cells were pelletted by centrifugation at 2300 RPM at 4 degrees celsius.",Cy3 and Cy5,Standard Illumina Protocol,9606,"Bisulphite converted DNA was amplified, fragmented and hybridized to Illumina Infinium Human Methylation450 Beadchip using standard Illumina protocol",Using an Illumina HiScan,Genomic DNA extracted from blood had DNA methylation measured using the EPIC array (Illumina),Using an Illumina HiScan,GPL21145,"Eric,J,Chater-Diehl",ericdiehl11@gmail.com,,SickKids Research Institute,686 Bay St.,Toronto,ON,M5G 0A4,Canada,ftp://ftp.ncbi.nlm.nih.gov/geo/samples/GSM3572nnn/GSM3572681/suppl/GSM3572681_202702240017_R04C01_Grn.idat.gz,ftp://ftp.ncbi.nlm.nih.gov/geo/samples/GSM3572nnn/GSM3572681/suppl/GSM3572681_202702240017_R04C01_Red.idat.gz,866150,,,cpgcorpus,GSE125367,GPL21145,Control,,,control,control sample 2 blood sex: f,"CpGCorpus,existing",True,True,False,cpgcorpus,2026-02-18T12:09:48.594090,data/ajhg2020/GSE125367/GPL21145/betas/QCDPB.arrow,f9dbabd38cf8b3511f5bc0ba2e1178556542cd90bf29c66cdec2855e2562cf6d,44.0,865920.0,data/ajhg2020/GSE125367/GPL21145/metadata/metadata.arrow,308f438e4728d27e814faf3714a69cd44910491c4dceec9cfb30eff1f8167181,GSM3572681,Control sample 2,GSM3572681,Public on Jun 27 2019,Jan 18 2019,Jul 26 2019,genomic,1,Blood,Homo sapiens,Sex: F,age (years): 3,,,genomic DNA,"Genomic DNA was extracted from blood samples using DNEasy (Qiagen) chemistry and columns. No modification was made to the manufacturer's specifications. Prior to extraction, red cells were lysed by exposure of the sample to 2x Lysis Buffer for 5 minutes in ice. The remaining cells were pelletted by centrifugation at 2300 RPM at 4 degrees celsius.",Cy3 and Cy5,Standard Illumina Protocol,9606,"Bisulphite converted DNA was amplified, fragmented and hybridized to Illumina Infinium Human Methylation450 Beadchip using standard Illumina protocol",Using an Illumina HiScan,Genomic DNA extracted from blood had DNA methylation measured using the EPIC array (Illumina),Using an Illumina HiScan,GPL21145,"Eric,J,Chater-Diehl",ericdiehl11@gmail.com,,SickKids Research Institute,686 Bay St.,Toronto,ON,M5G 0A4,Canada,ftp://ftp.ncbi.nlm.nih.gov/geo/samples/GSM3572nnn/GSM3572681/suppl/GSM3572681_202702240017_R04C01_Grn.idat.gz,ftp://ftp.ncbi.nlm.nih.gov/geo/samples/GSM3572nnn/GSM3572681/suppl/GSM3572681_202702240017_R04C01_Red.idat.gz,866150,,,cpgcorpus,GSE125367,GPL21145,Control,,,control,control sample 2 blood sex: f,CpGCorpus,True,True,False,cpgcorpus,2026-02-18T12:09:48.594090,data/ajhg2020/GSE125367/GPL21145/betas/QCDPB.arrow,f9dbabd38cf8b3511f5bc0ba2e1178556542cd90bf29c66cdec2855e2562cf6d,44.0,865920.0,data/ajhg2020/GSE125367/GPL21145/metadata/metadata.arrow,308f438e4728d27e814faf3714a69cd44910491c4dceec9cfb30eff1f8167181,GSM3572681,Control sample 2,GSM3572681,Public on Jun 27 2019,Jan 18 2019,Jul 26 2019,genomic,1,Blood,Homo sapiens,Sex: F,age (years): 3,,,genomic DNA,"Genomic DNA was extracted from blood samples using DNEasy (Qiagen) chemistry and columns. No modification was made to the manufacturer's specifications. Prior to extraction, red cells were lysed by exposure of the sample to 2x Lysis Buffer for 5 minutes in ice. The remaining cells were pelletted by centrifugation at 2300 RPM at 4 degrees celsius.",Cy3 and Cy5,Standard Illumina Protocol,9606,"Bisulphite converted DNA was amplified, fragmented and hybridized to Illumina Infinium Human Methylation450 Beadchip using standard Illumina protocol",Using an Illumina HiScan,Genomic DNA extracted from blood had DNA methylation measured using the EPIC array (Illumina),Using an Illumina HiScan,GPL21145,"Eric,J,Chater-Diehl",ericdiehl11@gmail.com,,SickKids Research Institute,686 Bay St.,Toronto,ON,M5G 0A4,Canada,ftp://ftp.ncbi.nlm.nih.gov/geo/samples/GSM3572nnn/GSM3572681/suppl/GSM3572681_202702240017_R04C01_Grn.idat.gz,ftp://ftp.ncbi.nlm.nih.gov/geo/samples/GSM3572nnn/GSM3572681/suppl/GSM3572681_202702240017_R04C01_Red.idat.gz,866150,,,cpgcorpus,Rosanna Weksberg,3,F,,,,,,,,,,,Rosanna Weksberg,3,F,,,,,,,,,,,Rosanna Weksberg,3,F,,,,,,,,,,
GSE125367_GPL21145_sample_2,GSE125367,GPL21145,Control,,,control,control sample 3 blood sex: f,"CpGCorpus,existing",True,True,False,cpgcorpus,2026-02-18T12:09:48.594090,data/ajhg2020/GSE125367/GPL21145/betas/QCDPB.arrow,f9dbabd38cf8b3511f5bc0ba2e1178556542cd90bf29c66cdec2855e2562cf6d,44.0,865920.0,data/ajhg2020/GSE125367/GPL21145/metadata/metadata.arrow,308f438e4728d27e814faf3714a69cd44910491c4dceec9cfb30eff1f8167181,GSM3572682,Control sample 3,GSM3572682,Public on Jun 27 2019,Jan 18 2019,Jul 26 2019,genomic,1,Blood,Homo sapiens,Sex: F,age (years): 4,,,genomic DNA,"Genomic DNA was extracted from blood samples using DNEasy (Qiagen) chemistry and columns. No modification was made to the manufacturer's specifications. Prior to extraction, red cells were lysed by exposure of the sample to 2x Lysis Buffer for 5 minutes in ice. The remaining cells were pelletted by centrifugation at 2300 RPM at 4 degrees celsius.",Cy3 and Cy5,Standard Illumina Protocol,9606,"Bisulphite converted DNA was amplified, fragmented and hybridized to Illumina Infinium Human Methylation450 Beadchip using standard Illumina protocol",Using an Illumina HiScan,Genomic DNA extracted from blood had DNA methylation measured using the EPIC array (Illumina),Using an Illumina HiScan,GPL21145,"Eric,J,Chater-Diehl",ericdiehl11@gmail.com,,SickKids Research Institute,686 Bay St.,Toronto,ON,M5G 0A4,Canada,ftp://ftp.ncbi.nlm.nih.gov/geo/samples/GSM3572nnn/GSM3572682/suppl/GSM3572682_202702240172_R05C01_Grn.idat.gz,ftp://ftp.ncbi.nlm.nih.gov/geo/samples/GSM3572nnn/GSM3572682/suppl/GSM3572682_202702240172_R05C01_Red.idat.gz,866150,,,cpgcorpus,GSE125367,GPL21145,Control,,,control,control sample 3 blood sex: f,"CpGCorpus,existing",True,True,False,cpgcorpus,2026-02-18T12:09:48.594090,data/ajhg2020/GSE125367/GPL21145/betas/QCDPB.arrow,f9dbabd38cf8b3511f5bc0ba2e1178556542cd90bf29c66cdec2855e2562cf6d,44.0,865920.0,data/ajhg2020/GSE125367/GPL21145/metadata/metadata.arrow,308f438e4728d27e814faf3714a69cd44910491c4dceec9cfb30eff1f8167181,GSM3572682,Control sample 3,GSM3572682,Public on Jun 27 2019,Jan 18 2019,Jul 26 2019,genomic,1,Blood,Homo sapiens,Sex: F,age (years): 4,,,genomic DNA,"Genomic DNA was extracted from blood samples using DNEasy (Qiagen) chemistry and columns. No modification was made to the manufacturer's specifications. Prior to extraction, red cells were lysed by exposure of the sample to 2x Lysis Buffer for 5 minutes in ice. The remaining cells were pelletted by centrifugation at 2300 RPM at 4 degrees celsius.",Cy3 and Cy5,Standard Illumina Protocol,9606,"Bisulphite converted DNA was amplified, fragmented and hybridized to Illumina Infinium Human Methylation450 Beadchip using standard Illumina protocol",Using an Illumina HiScan,Genomic DNA extracted from blood had DNA methylation measured using the EPIC array (Illumina),Using an Illumina HiScan,GPL21145,"Eric,J,Chater-Diehl",ericdiehl11@gmail.com,,SickKids Research Institute,686 Bay St.,Toronto,ON,M5G 0A4,Canada,ftp://ftp.ncbi.nlm.nih.gov/geo/samples/GSM3572nnn/GSM3572682/suppl/GSM3572682_202702240172_R05C01_Grn.idat.gz,ftp://ftp.ncbi.nlm.nih.gov/geo/samples/GSM3572nnn/GSM3572682/suppl/GSM3572682_202702240172_R05C01_Red.idat.gz,866150,,,cpgcorpus,GSE125367,GPL21145,Control,,,control,control sample 3 blood sex: f,CpGCorpus,True,True,False,cpgcorpus,2026-02-18T12:09:48.594090,data/ajhg2020/GSE125367/GPL21145/betas/QCDPB.arrow,f9dbabd38cf8b3511f5bc0ba2e1178556542cd90bf29c66cdec2855e2562cf6d,44.0,865920.0,data/ajhg2020/GSE125367/GPL21145/metadata/metadata.arrow,308f438e4728d27e814faf3714a69cd44910491c4dceec9cfb30eff1f8167181,GSM3572682,Control sample 3,GSM3572682,Public on Jun 27 2019,Jan 18 2019,Jul 26 2019,genomic,1,Blood,Homo sapiens,Sex: F,age (years): 4,,,genomic DNA,"Genomic DNA was extracted from blood samples using DNEasy (Qiagen) chemistry and columns. No modification was made to the manufacturer's specifications. Prior to extraction, red cells were lysed by exposure of the sample to 2x Lysis Buffer for 5 minutes in ice. The remaining cells were pelletted by centrifugation at 2300 RPM at 4 degrees celsius.",Cy3 and Cy5,Standard Illumina Protocol,9606,"Bisulphite converted DNA was amplified, fragmented and hybridized to Illumina Infinium Human Methylation450 Beadchip using standard Illumina protocol",Using an Illumina HiScan,Genomic DNA extracted from blood had DNA methylation measured using the EPIC array (Illumina),Using an Illumina HiScan,GPL21145,"Eric,J,Chater-Diehl",ericdiehl11@gmail.com,,SickKids Research Institute,686 Bay St.,Toronto,ON,M5G 0A4,Canada,ftp://ftp.ncbi.nlm.nih.gov/geo/samples/GSM3572nnn/GSM3572682/suppl/GSM3572682_202702240172_R05C01_Grn.idat.gz,ftp://ftp.ncbi.nlm.nih.gov/geo/samples/GSM3572nnn/GSM3572682/suppl/GSM3572682_202702240172_R05C01_Red.idat.gz,866150,,,cpgcorpus,Rosanna Weksberg,4,F,,,,,,,,,,,Rosanna Weksberg,4,F,,,,,,,,,,,Rosanna Weksberg,4,F,,,,,,,,,,
GSE125367_GPL21145_sample_3,GSE125367,GPL21145,Control,,,control,control sample 4 blood sex: m,"CpGCorpus,existing",True,True,False,cpgcorpus,2026-02-18T12:09:48.594090,data/ajhg2020/GSE125367/GPL21145/betas/QCDPB.arrow,f9dbabd38cf8b3511f5bc0ba2e1178556542cd90bf29c66cdec2855e2562cf6d,44.0,865920.0,data/ajhg2020/GSE125367/GPL21145/metadata/metadata.arrow,308f438e4728d27e814faf3714a69cd44910491c4dceec9cfb30eff1f8167181,GSM3572683,Control sample 4,GSM3572683,Public on Jun 27 2019,Jan 18 2019,Jul 26 2019,genomic,1,Blood,Homo sapiens,Sex: M,age (years): 4,,,genomic DNA,"Genomic DNA was extracted from blood samples using DNEasy (Qiagen) chemistry and columns. No modification was made to the manufacturer's specifications. Prior to extraction, red cells were lysed by exposure of the sample to 2x Lysis Buffer for 5 minutes in ice. The remaining cells were pelletted by centrifugation at 2300 RPM at 4 degrees celsius.",Cy3 and Cy5,Standard Illumina Protocol,9606,"Bisulphite converted DNA was amplified, fragmented and hybridized to Illumina Infinium Human Methylation450 Beadchip using standard Illumina protocol",Using an Illumina HiScan,Genomic DNA extracted from blood had DNA methylation measured using the EPIC array (Illumina),Using an Illumina HiScan,GPL21145,"Eric,J,Chater-Diehl",ericdiehl11@gmail.com,,SickKids Research Institute,686 Bay St.,Toronto,ON,M5G 0A4,Canada,ftp://ftp.ncbi.nlm.nih.gov/geo/samples/GSM3572nnn/GSM3572683/suppl/GSM3572683_202702240101_R01C01_Grn.idat.gz,ftp://ftp.ncbi.nlm.nih.gov/geo/samples/GSM3572nnn/GSM3572683/suppl/GSM3572683_202702240101_R01C01_Red.idat.gz,866150,,,cpgcorpus,GSE125367,GPL21145,Control,,,control,control sample 4 blood sex: m,"CpGCorpus,existing",True,True,False,cpgcorpus,2026-02-18T12:09:48.594090,data/ajhg2020/GSE125367/GPL21145/betas/QCDPB.arrow,f9dbabd38cf8b3511f5bc0ba2e1178556542cd90bf29c66cdec2855e2562cf6d,44.0,865920.0,data/ajhg2020/GSE125367/GPL21145/metadata/metadata.arrow,308f438e4728d27e814faf3714a69cd44910491c4dceec9cfb30eff1f8167181,GSM3572683,Control sample 4,GSM3572683,Public on Jun 27 2019,Jan 18 2019,Jul 26 2019,genomic,1,Blood,Homo sapiens,Sex: M,age (years): 4,,,genomic DNA,"Genomic DNA was extracted from blood samples using DNEasy (Qiagen) chemistry and columns. No modification was made to the manufacturer's specifications. Prior to extraction, red cells were lysed by exposure of the sample to 2x Lysis Buffer for 5 minutes in ice. The remaining cells were pelletted by centrifugation at 2300 RPM at 4 degrees celsius.",Cy3 and Cy5,Standard Illumina Protocol,9606,"Bisulphite converted DNA was amplified, fragmented and hybridized to Illumina Infinium Human Methylation450 Beadchip using standard Illumina protocol",Using an Illumina HiScan,Genomic DNA extracted from blood had DNA methylation measured using the EPIC array (Illumina),Using an Illumina HiScan,GPL21145,"Eric,J,Chater-Diehl",ericdiehl11@gmail.com,,SickKids Research Institute,686 Bay St.,Toronto,ON,M5G 0A4,Canada,ftp://ftp.ncbi.nlm.nih.gov/geo/samples/GSM3572nnn/GSM3572683/suppl/GSM3572683_202702240101_R01C01_Grn.idat.gz,ftp://ftp.ncbi.nlm.nih.gov/geo/samples/GSM3572nnn/GSM3572683/suppl/GSM3572683_202702240101_R01C01_Red.idat.gz,866150,,,cpgcorpus,GSE125367,GPL21145,Control,,,control,control sample 4 blood sex: m,CpGCorpus,True,True,False,cpgcorpus,2026-02-18T12:09:48.594090,data/ajhg2020/GSE125367/GPL21145/betas/QCDPB.arrow,f9dbabd38cf8b3511f5bc0ba2e1178556542cd90bf29c66cdec2855e2562cf6d,44.0,865920.0,data/ajhg2020/GSE125367/GPL21145/metadata/metadata.arrow,308f438e4728d27e814faf3714a69cd44910491c4dceec9cfb30eff1f8167181,GSM3572683,Control sample 4,GSM3572683,Public on Jun 27 2019,Jan 18 2019,Jul 26 2019,genomic,1,Blood,Homo sapiens,Sex: M,age (years): 4,,,genomic DNA,"Genomic DNA was extracted from blood samples using DNEasy (Qiagen) chemistry and columns. No modification was made to the manufacturer's specifications. Prior to extraction, red cells were lysed by exposure of the sample to 2x Lysis Buffer for 5 minutes in ice. The remaining cells were pelletted by centrifugation at 2300 RPM at 4 degrees celsius.",Cy3 and Cy5,Standard Illumina Protocol,9606,"Bisulphite converted DNA was amplified, fragmented and hybridized to Illumina Infinium Human Methylation450 Beadchip using standard Illumina protocol",Using an Illumina HiScan,Genomic DNA extracted from blood had DNA methylation measured using the EPIC array (Illumina),Using an Illumina HiScan,GPL21145,"Eric,J,Chater-Diehl",ericdiehl11@gmail.com,,SickKids Research Institute,686 Bay St.,Toronto,ON,M5G 0A4,Canada,ftp://ftp.ncbi.nlm.nih.gov/geo/samples/GSM3572nnn/GSM3572683/suppl/GSM3572683_202702240101_R01C01_Grn.idat.gz,ftp://ftp.ncbi.nlm.nih.gov/geo/samples/GSM3572nnn/GSM3572683/suppl/GSM3572683_202702240101_R01C01_Red.idat.gz,866150,,,cpgcorpus,Rosanna Weksberg,4,M,,,,,,,,,,,Rosanna Weksberg,4,M,,,,,,,,,,,Rosanna Weksberg,4,M,,,,,,,,,,
GSE125367_GPL21145_sample_4,GSE125367,GPL21145,Control,,,control,control sample 5 blood sex: m,"CpGCorpus,existing",True,True,False,cpgcorpus,2026-02-18T12:09:48.594090,data/ajhg2020/GSE125367/GPL21145/betas/QCDPB.arrow,f9dbabd38cf8b3511f5bc0ba2e1178556542cd90bf29c66cdec2855e2562cf6d,44.0,865920.0,data/ajhg2020/GSE125367/GPL21145/metadata/metadata.arrow,308f438e4728d27e814faf3714a69cd44910491c4dceec9cfb30eff1f8167181,GSM3572684,Control sample 5,GSM3572684,Public on Jun 27 2019,Jan 18 2019,Jul 26 2019,genomic,1,Blood,Homo sapiens,Sex: M,age (years): 4,,,genomic DNA,"Genomic DNA was extracted from blood samples using DNEasy (Qiagen) chemistry and columns. No modification was made to the manufacturer's specifications. Prior to extraction, red cells were lysed by exposure of the sample to 2x Lysis Buffer for 5 minutes in ice. The remaining cells were pelletted by centrifugation at 2300 RPM at 4 degrees celsius.",Cy3 and Cy5,Standard Illumina Protocol,9606,"Bisulphite converted DNA was amplified, fragmented and hybridized to Illumina Infinium Human Methylation450 Beadchip using standard Illumina protocol",Using an Illumina HiScan,Genomic DNA extracted from blood had DNA methylation measured using the EPIC array (Illumina),Using an Illumina HiScan,GPL21145,"Eric,J,Chater-Diehl",ericdiehl11@gmail.com,,SickKids Research Institute,686 Bay St.,Toronto,ON,M5G 0A4,Canada,ftp://ftp.ncbi.nlm.nih.gov/geo/samples/GSM3572nnn/GSM3572684/suppl/GSM3572684_202711530012_R01C01_Grn.idat.gz,ftp://ftp.ncbi.nlm.nih.gov/geo/samples/GSM3572nnn/GSM3572684/suppl/GSM3572684_202711530012_R01C01_Red.idat.gz,866150,,,cpgcorpus,GSE125367,GPL21145,Control,,,control,control sample 5 blood sex: m,"CpGCorpus,existing",True,True,False,cpgcorpus,2026-02-18T12:09:48.594090,data/ajhg2020/GSE125367/GPL21145/betas/QCDPB.arrow,f9dbabd38cf8b3511f5bc0ba2e1178556542cd90bf29c66cdec2855e2562cf6d,44.0,865920.0,data/ajhg2020/GSE125367/GPL21145/metadata/metadata.arrow,308f438e4728d27e814faf3714a69cd44910491c4dceec9cfb30eff1f8167181,GSM3572684,Control sample 5,GSM3572684,Public on Jun 27 2019,Jan 18 2019,Jul 26 2019,genomic,1,Blood,Homo sapiens,Sex: M,age (years): 4,,,genomic DNA,"Genomic DNA was extracted from blood samples using DNEasy (Qiagen) chemistry and columns. No modification was made to the manufacturer's specifications. Prior to extraction, red cells were lysed by exposure of the sample to 2x Lysis Buffer for 5 minutes in ice. The remaining cells were pelletted by centrifugation at 2300 RPM at 4 degrees celsius.",Cy3 and Cy5,Standard Illumina Protocol,9606,"Bisulphite converted DNA was amplified, fragmented and hybridized to Illumina Infinium Human Methylation450 Beadchip using standard Illumina protocol",Using an Illumina HiScan,Genomic DNA extracted from blood had DNA methylation measured using the EPIC array (Illumina),Using an Illumina HiScan,GPL21145,"Eric,J,Chater-Diehl",ericdiehl11@gmail.com,,SickKids Research Institute,686 Bay St.,Toronto,ON,M5G 0A4,Canada,ftp://ftp.ncbi.nlm.nih.gov/geo/samples/GSM3572nnn/GSM3572684/suppl/GSM3572684_202711530012_R01C01_Grn.idat.gz,ftp://ftp.ncbi.nlm.nih.gov/geo/samples/GSM3572nnn/GSM3572684/suppl/GSM3572684_202711530012_R01C01_Red.idat.gz,866150,,,cpgcorpus,GSE125367,GPL21145,Control,,,control,control sample 5 blood sex: m,CpGCorpus,True,True,False,cpgcorpus,2026-02-18T12:09:48.594090,data/ajhg2020/GSE125367/GPL21145/betas/QCDPB.arrow,f9dbabd38cf8b3511f5bc0ba2e1178556542cd90bf29c66cdec2855e2562cf6d,44.0,865920.0,data/ajhg2020/GSE125367/GPL21145/metadata/metadata.arrow,308f438e4728d27e814faf3714a69cd44910491c4dceec9cfb30eff1f8167181,GSM3572684,Control sample 5,GSM3572684,Public on Jun 27 2019,Jan 18 2019,Jul 26 2019,genomic,1,Blood,Homo sapiens,Sex: M,age (years): 4,,,genomic DNA,"Genomic DNA was extracted from blood samples using DNEasy (Qiagen) chemistry and columns. No modification was made to the manufacturer's specifications. Prior to extraction, red cells were lysed by exposure of the sample to 2x Lysis Buffer for 5 minutes in ice. The remaining cells were pelletted by centrifugation at 2300 RPM at 4 degrees celsius.",Cy3 and Cy5,Standard Illumina Protocol,9606,"Bisulphite converted DNA was amplified, fragmented and hybridized to Illumina Infinium Human Methylation450 Beadchip using standard Illumina protocol",Using an Illumina HiScan,Genomic DNA extracted from blood had DNA methylation measured using the EPIC array (Illumina),Using an Illumina HiScan,GPL21145,"Eric,J,Chater-Diehl",ericdiehl11@gmail.com,,SickKids Research Institute,686 Bay St.,Toronto,ON,M5G 0A4,Canada,ftp://ftp.ncbi.nlm.nih.gov/geo/samples/GSM3572nnn/GSM3572684/suppl/GSM3572684_202711530012_R01C01_Grn.idat.gz,ftp://ftp.ncbi.nlm.nih.gov/geo/samples/GSM3572nnn/GSM3572684/suppl/GSM3572684_202711530012_R01C01_Red.idat.gz,866150,,,cpgcorpus,Rosanna Weksberg,4,M,,,,,,,,,,,Rosanna Weksberg,4,M,,,,,,,,,,,Rosanna Weksberg,4,M,,,,,,,,,,
GSE125367_GPL21145_sample_5,GSE125367,GPL21145,Control,,,control,control sample 6 blood sex: m,"CpGCorpus,existing",True,True,False,cpgcorpus,2026-02-18T12:09:48.594090,data/ajhg2020/GSE125367/GPL21145/betas/QCDPB.arrow,f9dbabd38cf8b3511f5bc0ba2e1178556542cd90bf29c66cdec2855e2562cf6d,44.0,865920.0,data/ajhg2020/GSE125367/GPL21145/metadata/metadata.arrow,308f438e4728d27e814faf3714a69cd44910491c4dceec9cfb30eff1f8167181,GSM3572685,Control sample 6,GSM3572685,Public on Jun 27 2019,Jan 18 2019,Jul 26 2019,genomic,1,Blood,Homo sapiens,Sex: M,age (years): 4,,,genomic DNA,"Genomic DNA was extracted from blood samples using DNEasy (Qiagen) chemistry and columns. No modification was made to the manufacturer's specifications. Prior to extraction, red cells were lysed by exposure of the sample to 2x Lysis Buffer for 5 minutes in ice. The remaining cells were pelletted by centrifugation at 2300 RPM at 4 degrees celsius.",Cy3 and Cy5,Standard Illumina Protocol,9606,"Bisulphite converted DNA was amplified, fragmented and hybridized to Illumina Infinium Human Methylation450 Beadchip using standard Illumina protocol",Using an Illumina HiScan,Genomic DNA extracted from blood had DNA methylation measured using the EPIC array (Illumina),Using an Illumina HiScan,GPL21145,"Eric,J,Chater-Diehl",ericdiehl11@gmail.com,,SickKids Research Institute,686 Bay St.,Toronto,ON,M5G 0A4,Canada,ftp://ftp.ncbi.nlm.nih.gov/geo/samples/GSM3572nnn/GSM3572685/suppl/GSM3572685_202702230137_R05C01_Grn.idat.gz,ftp://ftp.ncbi.nlm.nih.gov/geo/samples/GSM3572nnn/GSM3572685/suppl/GSM3572685_202702230137_R05C01_Red.idat.gz,866150,,,cpgcorpus,GSE125367,GPL21145,Control,,,control,control sample 6 blood sex: m,"CpGCorpus,existing",True,True,False,cpgcorpus,2026-02-18T12:09:48.594090,data/ajhg2020/GSE125367/GPL21145/betas/QCDPB.arrow,f9dbabd38cf8b3511f5bc0ba2e1178556542cd90bf29c66cdec2855e2562cf6d,44.0,865920.0,data/ajhg2020/GSE125367/GPL21145/metadata/metadata.arrow,308f438e4728d27e814faf3714a69cd44910491c4dceec9cfb30eff1f8167181,GSM3572685,Control sample 6,GSM3572685,Public on Jun 27 2019,Jan 18 2019,Jul 26 2019,genomic,1,Blood,Homo sapiens,Sex: M,age (years): 4,,,genomic DNA,"Genomic DNA was extracted from blood samples using DNEasy (Qiagen) chemistry and columns. No modification was made to the manufacturer's specifications. Prior to extraction, red cells were lysed by exposure of the sample to 2x Lysis Buffer for 5 minutes in ice. The remaining cells were pelletted by centrifugation at 2300 RPM at 4 degrees celsius.",Cy3 and Cy5,Standard Illumina Protocol,9606,"Bisulphite converted DNA was amplified, fragmented and hybridized to Illumina Infinium Human Methylation450 Beadchip using standard Illumina protocol",Using an Illumina HiScan,Genomic DNA extracted from blood had DNA methylation measured using the EPIC array (Illumina),Using an Illumina HiScan,GPL21145,"Eric,J,Chater-Diehl",ericdiehl11@gmail.com,,SickKids Research Institute,686 Bay St.,Toronto,ON,M5G 0A4,Canada,ftp://ftp.ncbi.nlm.nih.gov/geo/samples/GSM3572nnn/GSM3572685/suppl/GSM3572685_202702230137_R05C01_Grn.idat.gz,ftp://ftp.ncbi.nlm.nih.gov/geo/samples/GSM3572nnn/GSM3572685/suppl/GSM3572685_202702230137_R05C01_Red.idat.gz,866150,,,cpgcorpus,GSE125367,GPL21145,Control,,,control,control sample 6 blood sex: m,CpGCorpus,True,True,False,cpgcorpus,2026-02-18T12:09:48.594090,data/ajhg2020/GSE125367/GPL21145/betas/QCDPB.arrow,f9dbabd38cf8b3511f5bc0ba2e1178556542cd90bf29c66cdec2855e2562cf6d,44.0,865920.0,data/ajhg2020/GSE125367/GPL21145/metadata/metadata.arrow,308f438e4728d27e814faf3714a69cd44910491c4dceec9cfb30eff1f8167181,GSM3572685,Control sample 6,GSM3572685,Public on Jun 27 2019,Jan 18 2019,Jul 26 2019,genomic,1,Blood,Homo sapiens,Sex: M,age (years): 4,,,genomic DNA,"Genomic DNA was extracted from blood samples using DNEasy (Qiagen) chemistry and columns. No modification was made to the manufacturer's specifications. Prior to extraction, red cells were lysed by exposure of the sample to 2x Lysis Buffer for 5 minutes in ice. The remaining cells were pelletted by centrifugation at 2300 RPM at 4 degrees celsius.",Cy3 and Cy5,Standard Illumina Protocol,9606,"Bisulphite converted DNA was amplified, fragmented and hybridized to Illumina Infinium Human Methylation450 Beadchip using standard Illumina protocol",Using an Illumina HiScan,Genomic DNA extracted from blood had DNA methylation measured using the EPIC array (Illumina),Using an Illumina HiScan,GPL21145,"Eric,J,Chater-Diehl",ericdiehl11@gmail.com,,SickKids Research Institute,686 Bay St.,Toronto,ON,M5G 0A4,Canada,ftp://ftp.ncbi.nlm.nih.gov/geo/samples/GSM3572nnn/GSM3572685/suppl/GSM3572685_202702230137_R05C01_Grn.idat.gz,ftp://ftp.ncbi.nlm.nih.gov/geo/samples/GSM3572nnn/GSM3572685/suppl/GSM3572685_202702230137_R05C01_Red.idat.gz,866150,,,cpgcorpus,Rosanna Weksberg,4,M,,,,,,,,,,,Rosanna Weksberg,4,M,,,,,,,,,,,Rosanna Weksberg,4,M,,,,,,,,,,
GSE125367_GPL21145_sample_6,GSE125367,GPL21145,Control,,,control,control sample 7 blood sex: f,"CpGCorpus,existing",True,True,False,cpgcorpus,2026-02-18T12:09:48.594090,data/ajhg2020/GSE125367/GPL21145/betas/QCDPB.arrow,f9dbabd38cf8b3511f5bc0ba2e1178556542cd90bf29c66cdec2855e2562cf6d,44.0,865920.0,data/ajhg2020/GSE125367/GPL21145/metadata/metadata.arrow,308f438e4728d27e814faf3714a69cd44910491c4dceec9cfb30eff1f8167181,GSM3572686,Control sample 7,GSM3572686,Public on Jun 27 2019,Jan 18 2019,Jul 26 2019,genomic,1,Blood,Homo sapiens,Sex: F,age (years): 4,,,genomic DNA,"Genomic DNA was extracted from blood samples using DNEasy (Qiagen) chemistry and columns. No modification was made to the manufacturer's specifications. Prior to extraction, red cells were lysed by exposure of the sample to 2x Lysis Buffer for 5 minutes in ice. The remaining cells were pelletted by centrifugation at 2300 RPM at 4 degrees celsius.",Cy3 and Cy5,Standard Illumina Protocol,9606,"Bisulphite converted DNA was amplified, fragmented and hybridized to Illumina Infinium Human Methylation450 Beadchip using standard Illumina protocol",Using an Illumina HiScan,Genomic DNA extracted from blood had DNA methylation measured using the EPIC array (Illumina),Using an Illumina HiScan,GPL21145,"Eric,J,Chater-Diehl",ericdiehl11@gmail.com,,SickKids Research Institute,686 Bay St.,Toronto,ON,M5G 0A4,Canada,ftp://ftp.ncbi.nlm.nih.gov/geo/samples/GSM3572nnn/GSM3572686/suppl/GSM3572686_202702240186_R05C01_Grn.idat.gz,ftp://ftp.ncbi.nlm.nih.gov/geo/samples/GSM3572nnn/GSM3572686/suppl/GSM3572686_202702240186_R05C01_Red.idat.gz,866150,,,cpgcorpus,GSE125367,GPL21145,Control,,,control,control sample 7 blood sex: f,"CpGCorpus,existing",True,True,False,cpgcorpus,2026-02-18T12:09:48.594090,data/ajhg2020/GSE125367/GPL21145/betas/QCDPB.arrow,f9dbabd38cf8b3511f5bc0ba2e1178556542cd90bf29c66cdec2855e2562cf6d,44.0,865920.0,data/ajhg2020/GSE125367/GPL21145/metadata/metadata.arrow,308f438e4728d27e814faf3714a69cd44910491c4dceec9cfb30eff1f8167181,GSM3572686,Control sample 7,GSM3572686,Public on Jun 27 2019,Jan 18 2019,Jul 26 2019,genomic,1,Blood,Homo sapiens,Sex: F,age (years): 4,,,genomic DNA,"Genomic DNA was extracted from blood samples using DNEasy (Qiagen) chemistry and columns. No modification was made to the manufacturer's specifications. Prior to extraction, red cells were lysed by exposure of the sample to 2x Lysis Buffer for 5 minutes in ice. The remaining cells were pelletted by centrifugation at 2300 RPM at 4 degrees celsius.",Cy3 and Cy5,Standard Illumina Protocol,9606,"Bisulphite converted DNA was amplified, fragmented and hybridized to Illumina Infinium Human Methylation450 Beadchip using standard Illumina protocol",Using an Illumina HiScan,Genomic DNA extracted from blood had DNA methylation measured using the EPIC array (Illumina),Using an Illumina HiScan,GPL21145,"Eric,J,Chater-Diehl",ericdiehl11@gmail.com,,SickKids Research Institute,686 Bay St.,Toronto,ON,M5G 0A4,Canada,ftp://ftp.ncbi.nlm.nih.gov/geo/samples/GSM3572nnn/GSM3572686/suppl/GSM3572686_202702240186_R05C01_Grn.idat.gz,ftp://ftp.ncbi.nlm.nih.gov/geo/samples/GSM3572nnn/GSM3572686/suppl/GSM3572686_202702240186_R05C01_Red.idat.gz,866150,,,cpgcorpus,GSE125367,GPL21145,Control,,,control,control sample 7 blood sex: f,CpGCorpus,True,True,False,cpgcorpus,2026-02-18T12:09:48.594090,data/ajhg2020/GSE125367/GPL21145/betas/QCDPB.arrow,f9dbabd38cf8b3511f5bc0ba2e1178556542cd90bf29c66cdec2855e2562cf6d,44.0,865920.0,data/ajhg2020/GSE125367/GPL21145/metadata/metadata.arrow,308f438e4728d27e814faf3714a69cd44910491c4dceec9cfb30eff1f8167181,GSM3572686,Control sample 7,GSM3572686,Public on Jun 27 2019,Jan 18 2019,Jul 26 2019,genomic,1,Blood,Homo sapiens,Sex: F,age (years): 4,,,genomic DNA,"Genomic DNA was extracted from blood samples using DNEasy (Qiagen) chemistry and columns. No modification was made to the manufacturer's specifications. Prior to extraction, red cells were lysed by exposure of the sample to 2x Lysis Buffer for 5 minutes in ice. The remaining cells were pelletted by centrifugation at 2300 RPM at 4 degrees celsius.",Cy3 and Cy5,Standard Illumina Protocol,9606,"Bisulphite converted DNA was amplified, fragmented and hybridized to Illumina Infinium Human Methylation450 Beadchip using standard Illumina protocol",Using an Illumina HiScan,Genomic DNA extracted from blood had DNA methylation measured using the EPIC array (Illumina),Using an Illumina HiScan,GPL21145,"Eric,J,Chater-Diehl",ericdiehl11@gmail.com,,SickKids Research Institute,686 Bay St.,Toronto,ON,M5G 0A4,Canada,ftp://ftp.ncbi.nlm.nih.gov/geo/samples/GSM3572nnn/GSM3572686/suppl/GSM3572686_202702240186_R05C01_Grn.idat.gz,ftp://ftp.ncbi.nlm.nih.gov/geo/samples/GSM3572nnn/GSM3572686/suppl/GSM3572686_202702240186_R05C01_Red.idat.gz,866150,,,cpgcorpus,Rosanna Weksberg,4,F,,,,,,,,,,,Rosanna Weksberg,4,F,,,,,,,,,,,Rosanna Weksberg,4,F,,,,,,,,,,
GSE125367_GPL21145_sample_7,GSE125367,GPL21145,Control,,,control,control sample 8 blood sex: m,"CpGCorpus,existing",True,True,False,cpgcorpus,2026-02-18T12:09:48.594090,data/ajhg2020/GSE125367/GPL21145/betas/QCDPB.arrow,f9dbabd38cf8b3511f5bc0ba2e1178556542cd90bf29c66cdec2855e2562cf6d,44.0,865920.0,data/ajhg2020/GSE125367/GPL21145/metadata/metadata.arrow,308f438e4728d27e814faf3714a69cd44910491c4dceec9cfb30eff1f8167181,GSM3572687,Control sample 8,GSM3572687,Public on Jun 27 2019,Jan 18 2019,Jul 26 2019,genomic,1,Blood,Homo sapiens,Sex: M,age (years): 5,,,genomic DNA,"Genomic DNA was extracted from blood samples using DNEasy (Qiagen) chemistry and columns. No modification was made to the manufacturer's specifications. Prior to extraction, red cells were lysed by exposure of the sample to 2x Lysis Buffer for 5 minutes in ice. The remaining cells were pelletted by centrifugation at 2300 RPM at 4 degrees celsius.",Cy3 and Cy5,Standard Illumina Protocol,9606,"Bisulphite converted DNA was amplified, fragmented and hybridized to Illumina Infinium Human Methylation450 Beadchip using standard Illumina protocol",Using an Illumina HiScan,Genomic DNA extracted from blood had DNA methylation measured using the EPIC array (Illumina),Using an Illumina HiScan,GPL21145,"Eric,J,Chater-Diehl",ericdiehl11@gmail.com,,SickKids Research Institute,686 Bay St.,Toronto,ON,M5G 0A4,Canada,ftp://ftp.ncbi.nlm.nih.gov/geo/samples/GSM3572nnn/GSM3572687/suppl/GSM3572687_202702320113_R05C01_Grn.idat.gz,ftp://ftp.ncbi.nlm.nih.gov/geo/samples/GSM3572nnn/GSM3572687/suppl/GSM3572687_202702320113_R05C01_Red.idat.gz,866150,,,cpgcorpus,GSE125367,GPL21145,Control,,,control,control sample 8 blood sex: m,"CpGCorpus,existing",True,True,False,cpgcorpus,2026-02-18T12:09:48.594090,data/ajhg2020/GSE125367/GPL21145/betas/QCDPB.arrow,f9dbabd38cf8b3511f5bc0ba2e1178556542cd90bf29c66cdec2855e2562cf6d,44.0,865920.0,data/ajhg2020/GSE125367/GPL21145/metadata/metadata.arrow,308f438e4728d27e814faf3714a69cd44910491c4dceec9cfb30eff1f8167181,GSM3572687,Control sample 8,GSM3572687,Public on Jun 27 2019,Jan 18 2019,Jul 26 2019,genomic,1,Blood,Homo sapiens,Sex: M,age (years): 5,,,genomic DNA,"Genomic DNA was extracted from blood samples using DNEasy (Qiagen) chemistry and columns. No modification was made to the manufacturer's specifications. Prior to extraction, red cells were lysed by exposure of the sample to 2x Lysis Buffer for 5 minutes in ice. The remaining cells were pelletted by centrifugation at 2300 RPM at 4 degrees celsius.",Cy3 and Cy5,Standard Illumina Protocol,9606,"Bisulphite converted DNA was amplified, fragmented and hybridized to Illumina Infinium Human Methylation450 Beadchip using standard Illumina protocol",Using an Illumina HiScan,Genomic DNA extracted from blood had DNA methylation measured using the EPIC array (Illumina),Using an Illumina HiScan,GPL21145,"Eric,J,Chater-Diehl",ericdiehl11@gmail.com,,SickKids Research Institute,686 Bay St.,Toronto,ON,M5G 0A4,Canada,ftp://ftp.ncbi.nlm.nih.gov/geo/samples/GSM3572nnn/GSM3572687/suppl/GSM3572687_202702320113_R05C01_Grn.idat.gz,ftp://ftp.ncbi.nlm.nih.gov/geo/samples/GSM3572nnn/GSM3572687/suppl/GSM3572687_202702320113_R05C01_Red.idat.gz,866150,,,cpgcorpus,GSE125367,GPL21145,Control,,,control,control sample 8 blood sex: m,CpGCorpus,True,True,False,cpgcorpus,2026-02-18T12:09:48.594090,data/ajhg2020/GSE125367/GPL21145/betas/QCDPB.arrow,f9dbabd38cf8b3511f5bc0ba2e1178556542cd90bf29c66cdec2855e2562cf6d,44.0,865920.0,data/ajhg2020/GSE125367/GPL21145/metadata/metadata.arrow,308f438e4728d27e814faf3714a69cd44910491c4dceec9cfb30eff1f8167181,GSM3572687,Control sample 8,GSM3572687,Public on Jun 27 2019,Jan 18 2019,Jul 26 2019,genomic,1,Blood,Homo sapiens,Sex: M,age (years): 5,,,genomic DNA,"Genomic DNA was extracted from blood samples using DNEasy (Qiagen) chemistry and columns. No modification was made to the manufacturer's specifications. Prior to extraction, red cells were lysed by exposure of the sample to 2x Lysis Buffer for 5 minutes in ice. The remaining cells were pelletted by centrifugation at 2300 RPM at 4 degrees celsius.",Cy3 and Cy5,Standard Illumina Protocol,9606,"Bisulphite converted DNA was amplified, fragmented and hybridized to Illumina Infinium Human Methylation450 Beadchip using standard Illumina protocol",Using an Illumina HiScan,Genomic DNA extracted from blood had DNA methylation measured using the EPIC array (Illumina),Using an Illumina HiScan,GPL21145,"Eric,J,Chater-Diehl",ericdiehl11@gmail.com,,SickKids Research Institute,686 Bay St.,Toronto,ON,M5G 0A4,Canada,ftp://ftp.ncbi.nlm.nih.gov/geo/samples/GSM3572nnn/GSM3572687/suppl/GSM3572687_202702320113_R05C01_Grn.idat.gz,ftp://ftp.ncbi.nlm.nih.gov/geo/samples/GSM3572nnn/GSM3572687/suppl/GSM3572687_202702320113_R05C01_Red.idat.gz,866150,,,cpgcorpus,Rosanna Weksberg,5,M,,,,,,,,,,,Rosanna Weksberg,5,M,,,,,,,,,,,Rosanna Weksberg,5,M,,,,,,,,,,
GSE125367_GPL21145_sample_8,GSE125367,GPL21145,Control,,,control,control sample 9 blood sex: f,"CpGCorpus,existing",True,True,False,cpgcorpus,2026-02-18T12:09:48.594090,data/ajhg2020/GSE125367/GPL21145/betas/QCDPB.arrow,f9dbabd38cf8b3511f5bc0ba2e1178556542cd90bf29c66cdec2855e2562cf6d,44.0,865920.0,data/ajhg2020/GSE125367/GPL21145/metadata/metadata.arrow,308f438e4728d27e814faf3714a69cd44910491c4dceec9cfb30eff1f8167181,GSM3572688,Control sample 9,GSM3572688,Public on Jun 27 2019,Jan 18 2019,Jul 26 2019,genomic,1,Blood,Homo sapiens,Sex: F,age (years): 6,,,genomic DNA,"Genomic DNA was extracted from blood samples using DNEasy (Qiagen) chemistry and columns. No modification was made to the manufacturer's specifications. Prior to extraction, red cells were lysed by exposure of the sample to 2x Lysis Buffer for 5 minutes in ice. The remaining cells were pelletted by centrifugation at 2300 RPM at 4 degrees celsius.",Cy3 and Cy5,Standard Illumina Protocol,9606,"Bisulphite converted DNA was amplified, fragmented and hybridized to Illumina Infinium Human Methylation450 Beadchip using standard Illumina protocol",Using an Illumina HiScan,Genomic DNA extracted from blood had DNA methylation measured using the EPIC array (Illumina),Using an Illumina HiScan,GPL21145,"Eric,J,Chater-Diehl",ericdiehl11@gmail.com,,SickKids Research Institute,686 Bay St.,Toronto,ON,M5G 0A4,Canada,ftp://ftp.ncbi.nlm.nih.gov/geo/samples/GSM3572nnn/GSM3572688/suppl/GSM3572688_202711530012_R04C01_Grn.idat.gz,ftp://ftp.ncbi.nlm.nih.gov/geo/samples/GSM3572nnn/GSM3572688/suppl/GSM3572688_202711530012_R04C01_Red.idat.gz,866150,,,cpgcorpus,GSE125367,GPL21145,Control,,,control,control sample 9 blood sex: f,"CpGCorpus,existing",True,True,False,cpgcorpus,2026-02-18T12:09:48.594090,data/ajhg2020/GSE125367/GPL21145/betas/QCDPB.arrow,f9dbabd38cf8b3511f5bc0ba2e1178556542cd90bf29c66cdec2855e2562cf6d,44.0,865920.0,data/ajhg2020/GSE125367/GPL21145/metadata/metadata.arrow,308f438e4728d27e814faf3714a69cd44910491c4dceec9cfb30eff1f8167181,GSM3572688,Control sample 9,GSM3572688,Public on Jun 27 2019,Jan 18 2019,Jul 26 2019,genomic,1,Blood,Homo sapiens,Sex: F,age (years): 6,,,genomic DNA,"Genomic DNA was extracted from blood samples using DNEasy (Qiagen) chemistry and columns. No modification was made to the manufacturer's specifications. Prior to extraction, red cells were lysed by exposure of the sample to 2x Lysis Buffer for 5 minutes in ice. The remaining cells were pelletted by centrifugation at 2300 RPM at 4 degrees celsius.",Cy3 and Cy5,Standard Illumina Protocol,9606,"Bisulphite converted DNA was amplified, fragmented and hybridized to Illumina Infinium Human Methylation450 Beadchip using standard Illumina protocol",Using an Illumina HiScan,Genomic DNA extracted from blood had DNA methylation measured using the EPIC array (Illumina),Using an Illumina HiScan,GPL21145,"Eric,J,Chater-Diehl",ericdiehl11@gmail.com,,SickKids Research Institute,686 Bay St.,Toronto,ON,M5G 0A4,Canada,ftp://ftp.ncbi.nlm.nih.gov/geo/samples/GSM3572nnn/GSM3572688/suppl/GSM3572688_202711530012_R04C01_Grn.idat.gz,ftp://ftp.ncbi.nlm.nih.gov/geo/samples/GSM3572nnn/GSM3572688/suppl/GSM3572688_202711530012_R04C01_Red.idat.gz,866150,,,cpgcorpus,GSE125367,GPL21145,Control,,,control,control sample 9 blood sex: f,CpGCorpus,True,True,False,cpgcorpus,2026-02-18T12:09:48.594090,data/ajhg2020/GSE125367/GPL21145/betas/QCDPB.arrow,f9dbabd38cf8b3511f5bc0ba2e1178556542cd90bf29c66cdec2855e2562cf6d,44.0,865920.0,data/ajhg2020/GSE125367/GPL21145/metadata/metadata.arrow,308f438e4728d27e814faf3714a69cd44910491c4dceec9cfb30eff1f8167181,GSM3572688,Control sample 9,GSM3572688,Public on Jun 27 2019,Jan 18 2019,Jul 26 2019,genomic,1,Blood,Homo sapiens,Sex: F,age (years): 6,,,genomic DNA,"Genomic DNA was extracted from blood samples using DNEasy (Qiagen) chemistry and columns. No modification was made to the manufacturer's specifications. Prior to extraction, red cells were lysed by exposure of the sample to 2x Lysis Buffer for 5 minutes in ice. The remaining cells were pelletted by centrifugation at 2300 RPM at 4 degrees celsius.",Cy3 and Cy5,Standard Illumina Protocol,9606,"Bisulphite converted DNA was amplified, fragmented and hybridized to Illumina Infinium Human Methylation450 Beadchip using standard Illumina protocol",Using an Illumina HiScan,Genomic DNA extracted from blood had DNA methylation measured using the EPIC array (Illumina),Using an Illumina HiScan,GPL21145,"Eric,J,Chater-Diehl",ericdiehl11@gmail.com,,SickKids Research Institute,686 Bay St.,Toronto,ON,M5G 0A4,Canada,ftp://ftp.ncbi.nlm.nih.gov/geo/samples/GSM3572nnn/GSM3572688/suppl/GSM3572688_202711530012_R04C01_Grn.idat.gz,ftp://ftp.ncbi.nlm.nih.gov/geo/samples/GSM3572nnn/GSM3572688/suppl/GSM3572688_202711530012_R04C01_Red.idat.gz,866150,,,cpgcorpus,Rosanna Weksberg,6,F,,,,,,,,,,,Rosanna Weksberg,6,F,,,,,,,,,,,Rosanna Weksberg,6,F,,,,,,,,,,
GSE125367_GPL21145_sample_9,GSE125367,GPL21145,Control,,,control,control sample 10 blood sex: f,"CpGCorpus,existing",True,True,False,cpgcorpus,2026-02-18T12:09:48.594090,data/ajhg2020/GSE125367/GPL21145/betas/QCDPB.arrow,f9dbabd38cf8b3511f5bc0ba2e1178556542cd90bf29c66cdec2855e2562cf6d,44.0,865920.0,data/ajhg2020/GSE125367/GPL21145/metadata/metadata.arrow,308f438e4728d27e814faf3714a69cd44910491c4dceec9cfb30eff1f8167181,GSM3572689,Control sample 10,GSM3572689,Public on Jun 27 2019,Jan 18 2019,Jul 26 2019,genomic,1,Blood,Homo sapiens,Sex: F,age (years): 7,,,genomic DNA,"Genomic DNA was extracted from blood samples using DNEasy (Qiagen) chemistry and columns. No modification was made to the manufacturer's specifications. Prior to extraction, red cells were lysed by exposure of the sample to 2x Lysis Buffer for 5 minutes in ice. The remaining cells were pelletted by centrifugation at 2300 RPM at 4 degrees celsius.",Cy3 and Cy5,Standard Illumina Protocol,9606,"Bisulphite converted DNA was amplified, fragmented and hybridized to Illumina Infinium Human Methylation450 Beadchip using standard Illumina protocol",Using an Illumina HiScan,Genomic DNA extracted from blood had DNA methylation measured using the EPIC array (Illumina),Using an Illumina HiScan,GPL21145,"Eric,J,Chater-Diehl",ericdiehl11@gmail.com,,SickKids Research Institute,686 Bay St.,Toronto,ON,M5G 0A4,Canada,ftp://ftp.ncbi.nlm.nih.gov/geo/samples/GSM3572nnn/GSM3572689/suppl/GSM3572689_202702320243_R05C01_Grn.idat.gz,ftp://ftp.ncbi.nlm.nih.gov/geo/samples/GSM3572nnn/GSM3572689/suppl/GSM3572689_202702320243_R05C01_Red.idat.gz,866150,,,cpgcorpus,GSE125367,GPL21145,Control,,,control,control sample 10 blood sex: f,"CpGCorpus,existing",True,True,False,cpgcorpus,2026-02-18T12:09:48.594090,data/ajhg2020/GSE125367/GPL21145/betas/QCDPB.arrow,f9dbabd38cf8b3511f5bc0ba2e1178556542cd90bf29c66cdec2855e2562cf6d,44.0,865920.0,data/ajhg2020/GSE125367/GPL21145/metadata/metadata.arrow,308f438e4728d27e814faf3714a69cd44910491c4dceec9cfb30eff1f8167181,GSM3572689,Control sample 10,GSM3572689,Public on Jun 27 2019,Jan 18 2019,Jul 26 2019,genomic,1,Blood,Homo sapiens,Sex: F,age (years): 7,,,genomic DNA,"Genomic DNA was extracted from blood samples using DNEasy (Qiagen) chemistry and columns. No modification was made to the manufacturer's specifications. Prior to extraction, red cells were lysed by exposure of the sample to 2x Lysis Buffer for 5 minutes in ice. The remaining cells were pelletted by centrifugation at 2300 RPM at 4 degrees celsius.",Cy3 and Cy5,Standard Illumina Protocol,9606,"Bisulphite converted DNA was amplified, fragmented and hybridized to Illumina Infinium Human Methylation450 Beadchip using standard Illumina protocol",Using an Illumina HiScan,Genomic DNA extracted from blood had DNA methylation measured using the EPIC array (Illumina),Using an Illumina HiScan,GPL21145,"Eric,J,Chater-Diehl",ericdiehl11@gmail.com,,SickKids Research Institute,686 Bay St.,Toronto,ON,M5G 0A4,Canada,ftp://ftp.ncbi.nlm.nih.gov/geo/samples/GSM3572nnn/GSM3572689/suppl/GSM3572689_202702320243_R05C01_Grn.idat.gz,ftp://ftp.ncbi.nlm.nih.gov/geo/samples/GSM3572nnn/GSM3572689/suppl/GSM3572689_202702320243_R05C01_Red.idat.gz,866150,,,cpgcorpus,GSE125367,GPL21145,Control,,,control,control sample 10 blood sex: f,CpGCorpus,True,True,False,cpgcorpus,2026-02-18T12:09:48.594090,data/ajhg2020/GSE125367/GPL21145/betas/QCDPB.arrow,f9dbabd38cf8b3511f5bc0ba2e1178556542cd90bf29c66cdec2855e2562cf6d,44.0,865920.0,data/ajhg2020/GSE125367/GPL21145/metadata/metadata.arrow,308f438e4728d27e814faf3714a69cd44910491c4dceec9cfb30eff1f8167181,GSM3572689,Control sample 10,GSM3572689,Public on Jun 27 2019,Jan 18 2019,Jul 26 2019,genomic,1,Blood,Homo sapiens,Sex: F,age (years): 7,,,genomic DNA,"Genomic DNA was extracted from blood samples using DNEasy (Qiagen) chemistry and columns. No modification was made to the manufacturer's specifications. Prior to extraction, red cells were lysed by exposure of the sample to 2x Lysis Buffer for 5 minutes in ice. The remaining cells were pelletted by centrifugation at 2300 RPM at 4 degrees celsius.",Cy3 and Cy5,Standard Illumina Protocol,9606,"Bisulphite converted DNA was amplified, fragmented and hybridized to Illumina Infinium Human Methylation450 Beadchip using standard Illumina protocol",Using an Illumina HiScan,Genomic DNA extracted from blood had DNA methylation measured using the EPIC array (Illumina),Using an Illumina HiScan,GPL21145,"Eric,J,Chater-Diehl",ericdiehl11@gmail.com,,SickKids Research Institute,686 Bay St.,Toronto,ON,M5G 0A4,Canada,ftp://ftp.ncbi.nlm.nih.gov/geo/samples/GSM3572nnn/GSM3572689/suppl/GSM3572689_202702320243_R05C01_Grn.idat.gz,ftp://ftp.ncbi.nlm.nih.gov/geo/samples/GSM3572nnn/GSM3572689/suppl/GSM3572689_202702320243_R05C01_Red.idat.gz,866150,,,cpgcorpus,Rosanna Weksberg,7,F,,,,,,,,,,,Rosanna Weksberg,7,F,,,,,,,,,,,Rosanna Weksberg,7,F,,,,,,,,,,
GSE125367_GPL21145_sample_10,GSE125367,GPL21145,Control,,,control,control sample 11 blood sex: m,"CpGCorpus,existing",True,True,False,cpgcorpus,2026-02-18T12:09:48.594090,data/ajhg2020/GSE125367/GPL21145/betas/QCDPB.arrow,f9dbabd38cf8b3511f5bc0ba2e1178556542cd90bf29c66cdec2855e2562cf6d,44.0,865920.0,data/ajhg2020/GSE125367/GPL21145/metadata/metadata.arrow,308f438e4728d27e814faf3714a69cd44910491c4dceec9cfb30eff1f8167181,GSM3572690,Control sample 11,GSM3572690,Public on Jun 27 2019,Jan 18 2019,Jul 26 2019,genomic,1,Blood,Homo sapiens,Sex: M,age (years): 8,,,genomic DNA,"Genomic DNA was extracted from blood samples using DNEasy (Qiagen) chemistry and columns. No modification was made to the manufacturer's specifications. Prior to extraction, red cells were lysed by exposure of the sample to 2x Lysis Buffer for 5 minutes in ice. The remaining cells were pelletted by centrifugation at 2300 RPM at 4 degrees celsius.",Cy3 and Cy5,Standard Illumina Protocol,9606,"Bisulphite converted DNA was amplified, fragmented and hybridized to Illumina Infinium Human Methylation450 Beadchip using standard Illumina protocol",Using an Illumina HiScan,Genomic DNA extracted from blood had DNA methylation measured using the EPIC array (Illumina),Using an Illumina HiScan,GPL21145,"Eric,J,Chater-Diehl",ericdiehl11@gmail.com,,SickKids Research Institute,686 Bay St.,Toronto,ON,M5G 0A4,Canada,ftp://ftp.ncbi.nlm.nih.gov/geo/samples/GSM3572nnn/GSM3572690/suppl/GSM3572690_202702230086_R05C01_Grn.idat.gz,ftp://ftp.ncbi.nlm.nih.gov/geo/samples/GSM3572nnn/GSM3572690/suppl/GSM3572690_202702230086_R05C01_Red.idat.gz,866150,,,cpgcorpus,GSE125367,GPL21145,Control,,,control,control sample 11 blood sex: m,"CpGCorpus,existing",True,True,False,cpgcorpus,2026-02-18T12:09:48.594090,data/ajhg2020/GSE125367/GPL21145/betas/QCDPB.arrow,f9dbabd38cf8b3511f5bc0ba2e1178556542cd90bf29c66cdec2855e2562cf6d,44.0,865920.0,data/ajhg2020/GSE125367/GPL21145/metadata/metadata.arrow,308f438e4728d27e814faf3714a69cd44910491c4dceec9cfb30eff1f8167181,GSM3572690,Control sample 11,GSM3572690,Public on Jun 27 2019,Jan 18 2019,Jul 26 2019,genomic,1,Blood,Homo sapiens,Sex: M,age (years): 8,,,genomic DNA,"Genomic DNA was extracted from blood samples using DNEasy (Qiagen) chemistry and columns. No modification was made to the manufacturer's specifications. Prior to extraction, red cells were lysed by exposure of the sample to 2x Lysis Buffer for 5 minutes in ice. The remaining cells were pelletted by centrifugation at 2300 RPM at 4 degrees celsius.",Cy3 and Cy5,Standard Illumina Protocol,9606,"Bisulphite converted DNA was amplified, fragmented and hybridized to Illumina Infinium Human Methylation450 Beadchip using standard Illumina protocol",Using an Illumina HiScan,Genomic DNA extracted from blood had DNA methylation measured using the EPIC array (Illumina),Using an Illumina HiScan,GPL21145,"Eric,J,Chater-Diehl",ericdiehl11@gmail.com,,SickKids Research Institute,686 Bay St.,Toronto,ON,M5G 0A4,Canada,ftp://ftp.ncbi.nlm.nih.gov/geo/samples/GSM3572nnn/GSM3572690/suppl/GSM3572690_202702230086_R05C01_Grn.idat.gz,ftp://ftp.ncbi.nlm.nih.gov/geo/samples/GSM3572nnn/GSM3572690/suppl/GSM3572690_202702230086_R05C01_Red.idat.gz,866150,,,cpgcorpus,GSE125367,GPL21145,Control,,,control,control sample 11 blood sex: m,CpGCorpus,True,True,False,cpgcorpus,2026-02-18T12:09:48.594090,data/ajhg2020/GSE125367/GPL21145/betas/QCDPB.arrow,f9dbabd38cf8b3511f5bc0ba2e1178556542cd90bf29c66cdec2855e2562cf6d,44.0,865920.0,data/ajhg2020/GSE125367/GPL21145/metadata/metadata.arrow,308f438e4728d27e814faf3714a69cd44910491c4dceec9cfb30eff1f8167181,GSM3572690,Control sample 11,GSM3572690,Public on Jun 27 2019,Jan 18 2019,Jul 26 2019,genomic,1,Blood,Homo sapiens,Sex: M,age (years): 8,,,genomic DNA,"Genomic DNA was extracted from blood samples using DNEasy (Qiagen) chemistry and columns. No modification was made to the manufacturer's specifications. Prior to extraction, red cells were lysed by exposure of the sample to 2x Lysis Buffer for 5 minutes in ice. The remaining cells were pelletted by centrifugation at 2300 RPM at 4 degrees celsius.",Cy3 and Cy5,Standard Illumina Protocol,9606,"Bisulphite converted DNA was amplified, fragmented and hybridized to Illumina Infinium Human Methylation450 Beadchip using standard Illumina protocol",Using an Illumina HiScan,Genomic DNA extracted from blood had DNA methylation measured using the EPIC array (Illumina),Using an Illumina HiScan,GPL21145,"Eric,J,Chater-Diehl",ericdiehl11@gmail.com,,SickKids Research Institute,686 Bay St.,Toronto,ON,M5G 0A4,Canada,ftp://ftp.ncbi.nlm.nih.gov/geo/samples/GSM3572nnn/GSM3572690/suppl/GSM3572690_202702230086_R05C01_Grn.idat.gz,ftp://ftp.ncbi.nlm.nih.gov/geo/samples/GSM3572nnn/GSM3572690/suppl/GSM3572690_202702230086_R05C01_Red.idat.gz,866150,,,cpgcorpus,Rosanna Weksberg,8,M,,,,,,,,,,,Rosanna Weksberg,8,M,,,,,,,,,,,Rosanna Weksberg,8,M,,,,,,,,,,
GSE125367_GPL21145_sample_11,GSE125367,GPL21145,Control,,,control,control sample 12 blood sex: m,"CpGCorpus,existing",True,True,False,cpgcorpus,2026-02-18T12:09:48.594090,data/ajhg2020/GSE125367/GPL21145/betas/QCDPB.arrow,f9dbabd38cf8b3511f5bc0ba2e1178556542cd90bf29c66cdec2855e2562cf6d,44.0,865920.0,data/ajhg2020/GSE125367/GPL21145/metadata/metadata.arrow,308f438e4728d27e814faf3714a69cd44910491c4dceec9cfb30eff1f8167181,GSM3572691,Control sample 12,GSM3572691,Public on Jun 27 2019,Jan 18 2019,Jul 26 2019,genomic,1,Blood,Homo sapiens,Sex: M,age (years): 8,,,genomic DNA,"Genomic DNA was extracted from blood samples using DNEasy (Qiagen) chemistry and columns. No modification was made to the manufacturer's specifications. Prior to extraction, red cells were lysed by exposure of the sample to 2x Lysis Buffer for 5 minutes in ice. The remaining cells were pelletted by centrifugation at 2300 RPM at 4 degrees celsius.",Cy3 and Cy5,Standard Illumina Protocol,9606,"Bisulphite converted DNA was amplified, fragmented and hybridized to Illumina Infinium Human Methylation450 Beadchip using standard Illumina protocol",Using an Illumina HiScan,Genomic DNA extracted from blood had DNA methylation measured using the EPIC array (Illumina),Using an Illumina HiScan,GPL21145,"Eric,J,Chater-Diehl",ericdiehl11@gmail.com,,SickKids Research Institute,686 Bay St.,Toronto,ON,M5G 0A4,Canada,ftp://ftp.ncbi.nlm.nih.gov/geo/samples/GSM3572nnn/GSM3572691/suppl/GSM3572691_202702240172_R07C01_Grn.idat.gz,ftp://ftp.ncbi.nlm.nih.gov/geo/samples/GSM3572nnn/GSM3572691/suppl/GSM3572691_202702240172_R07C01_Red.idat.gz,866150,,,cpgcorpus,GSE125367,GPL21145,Control,,,control,control sample 12 blood sex: m,"CpGCorpus,existing",True,True,False,cpgcorpus,2026-02-18T12:09:48.594090,data/ajhg2020/GSE125367/GPL21145/betas/QCDPB.arrow,f9dbabd38cf8b3511f5bc0ba2e1178556542cd90bf29c66cdec2855e2562cf6d,44.0,865920.0,data/ajhg2020/GSE125367/GPL21145/metadata/metadata.arrow,308f438e4728d27e814faf3714a69cd44910491c4dceec9cfb30eff1f8167181,GSM3572691,Control sample 12,GSM3572691,Public on Jun 27 2019,Jan 18 2019,Jul 26 2019,genomic,1,Blood,Homo sapiens,Sex: M,age (years): 8,,,genomic DNA,"Genomic DNA was extracted from blood samples using DNEasy (Qiagen) chemistry and columns. No modification was made to the manufacturer's specifications. Prior to extraction, red cells were lysed by exposure of the sample to 2x Lysis Buffer for 5 minutes in ice. The remaining cells were pelletted by centrifugation at 2300 RPM at 4 degrees celsius.",Cy3 and Cy5,Standard Illumina Protocol,9606,"Bisulphite converted DNA was amplified, fragmented and hybridized to Illumina Infinium Human Methylation450 Beadchip using standard Illumina protocol",Using an Illumina HiScan,Genomic DNA extracted from blood had DNA methylation measured using the EPIC array (Illumina),Using an Illumina HiScan,GPL21145,"Eric,J,Chater-Diehl",ericdiehl11@gmail.com,,SickKids Research Institute,686 Bay St.,Toronto,ON,M5G 0A4,Canada,ftp://ftp.ncbi.nlm.nih.gov/geo/samples/GSM3572nnn/GSM3572691/suppl/GSM3572691_202702240172_R07C01_Grn.idat.gz,ftp://ftp.ncbi.nlm.nih.gov/geo/samples/GSM3572nnn/GSM3572691/suppl/GSM3572691_202702240172_R07C01_Red.idat.gz,866150,,,cpgcorpus,GSE125367,GPL21145,Control,,,control,control sample 12 blood sex: m,CpGCorpus,True,True,False,cpgcorpus,2026-02-18T12:09:48.594090,data/ajhg2020/GSE125367/GPL21145/betas/QCDPB.arrow,f9dbabd38cf8b3511f5bc0ba2e1178556542cd90bf29c66cdec2855e2562cf6d,44.0,865920.0,data/ajhg2020/GSE125367/GPL21145/metadata/metadata.arrow,308f438e4728d27e814faf3714a69cd44910491c4dceec9cfb30eff1f8167181,GSM3572691,Control sample 12,GSM3572691,Public on Jun 27 2019,Jan 18 2019,Jul 26 2019,genomic,1,Blood,Homo sapiens,Sex: M,age (years): 8,,,genomic DNA,"Genomic DNA was extracted from blood samples using DNEasy (Qiagen) chemistry and columns. No modification was made to the manufacturer's specifications. Prior to extraction, red cells were lysed by exposure of the sample to 2x Lysis Buffer for 5 minutes in ice. The remaining cells were pelletted by centrifugation at 2300 RPM at 4 degrees celsius.",Cy3 and Cy5,Standard Illumina Protocol,9606,"Bisulphite converted DNA was amplified, fragmented and hybridized to Illumina Infinium Human Methylation450 Beadchip using standard Illumina protocol",Using an Illumina HiScan,Genomic DNA extracted from blood had DNA methylation measured using the EPIC array (Illumina),Using an Illumina HiScan,GPL21145,"Eric,J,Chater-Diehl",ericdiehl11@gmail.com,,SickKids Research Institute,686 Bay St.,Toronto,ON,M5G 0A4,Canada,ftp://ftp.ncbi.nlm.nih.gov/geo/samples/GSM3572nnn/GSM3572691/suppl/GSM3572691_202702240172_R07C01_Grn.idat.gz,ftp://ftp.ncbi.nlm.nih.gov/geo/samples/GSM3572nnn/GSM3572691/suppl/GSM3572691_202702240172_R07C01_Red.idat.gz,866150,,,cpgcorpus,Rosanna Weksberg,8,M,,,,,,,,,,,Rosanna Weksberg,8,M,,,,,,,,,,,Rosanna Weksberg,8,M,,,,,,,,,,
GSE125367_GPL21145_sample_12,GSE125367,GPL21145,Control,,,control,control sample 13 blood sex: m,"CpGCorpus,existing",True,True,False,cpgcorpus,2026-02-18T12:09:48.594090,data/ajhg2020/GSE125367/GPL21145/betas/QCDPB.arrow,f9dbabd38cf8b3511f5bc0ba2e1178556542cd90bf29c66cdec2855e2562cf6d,44.0,865920.0,data/ajhg2020/GSE125367/GPL21145/metadata/metadata.arrow,308f438e4728d27e814faf3714a69cd44910491c4dceec9cfb30eff1f8167181,GSM3572692,Control sample 13,GSM3572692,Public on Jun 27 2019,Jan 18 2019,Jul 26 2019,genomic,1,Blood,Homo sapiens,Sex: M,age (years): 10,,,genomic DNA,"Genomic DNA was extracted from blood samples using DNEasy (Qiagen) chemistry and columns. No modification was made to the manufacturer's specifications. Prior to extraction, red cells were lysed by exposure of the sample to 2x Lysis Buffer for 5 minutes in ice. The remaining cells were pelletted by centrifugation at 2300 RPM at 4 degrees celsius.",Cy3 and Cy5,Standard Illumina Protocol,9606,"Bisulphite converted DNA was amplified, fragmented and hybridized to Illumina Infinium Human Methylation450 Beadchip using standard Illumina protocol",Using an Illumina HiScan,Genomic DNA extracted from blood had DNA methylation measured using the EPIC array (Illumina),Using an Illumina HiScan,GPL21145,"Eric,J,Chater-Diehl",ericdiehl11@gmail.com,,SickKids Research Institute,686 Bay St.,Toronto,ON,M5G 0A4,Canada,ftp://ftp.ncbi.nlm.nih.gov/geo/samples/GSM3572nnn/GSM3572692/suppl/GSM3572692_202702240101_R04C01_Grn.idat.gz,ftp://ftp.ncbi.nlm.nih.gov/geo/samples/GSM3572nnn/GSM3572692/suppl/GSM3572692_202702240101_R04C01_Red.idat.gz,866150,,,cpgcorpus,GSE125367,GPL21145,Control,,,control,control sample 13 blood sex: m,"CpGCorpus,existing",True,True,False,cpgcorpus,2026-02-18T12:09:48.594090,data/ajhg2020/GSE125367/GPL21145/betas/QCDPB.arrow,f9dbabd38cf8b3511f5bc0ba2e1178556542cd90bf29c66cdec2855e2562cf6d,44.0,865920.0,data/ajhg2020/GSE125367/GPL21145/metadata/metadata.arrow,308f438e4728d27e814faf3714a69cd44910491c4dceec9cfb30eff1f8167181,GSM3572692,Control sample 13,GSM3572692,Public on Jun 27 2019,Jan 18 2019,Jul 26 2019,genomic,1,Blood,Homo sapiens,Sex: M,age (years): 10,,,genomic DNA,"Genomic DNA was extracted from blood samples using DNEasy (Qiagen) chemistry and columns. No modification was made to the manufacturer's specifications. Prior to extraction, red cells were lysed by exposure of the sample to 2x Lysis Buffer for 5 minutes in ice. The remaining cells were pelletted by centrifugation at 2300 RPM at 4 degrees celsius.",Cy3 and Cy5,Standard Illumina Protocol,9606,"Bisulphite converted DNA was amplified, fragmented and hybridized to Illumina Infinium Human Methylation450 Beadchip using standard Illumina protocol",Using an Illumina HiScan,Genomic DNA extracted from blood had DNA methylation measured using the EPIC array (Illumina),Using an Illumina HiScan,GPL21145,"Eric,J,Chater-Diehl",ericdiehl11@gmail.com,,SickKids Research Institute,686 Bay St.,Toronto,ON,M5G 0A4,Canada,ftp://ftp.ncbi.nlm.nih.gov/geo/samples/GSM3572nnn/GSM3572692/suppl/GSM3572692_202702240101_R04C01_Grn.idat.gz,ftp://ftp.ncbi.nlm.nih.gov/geo/samples/GSM3572nnn/GSM3572692/suppl/GSM3572692_202702240101_R04C01_Red.idat.gz,866150,,,cpgcorpus,GSE125367,GPL21145,Control,,,control,control sample 13 blood sex: m,CpGCorpus,True,True,False,cpgcorpus,2026-02-18T12:09:48.594090,data/ajhg2020/GSE125367/GPL21145/betas/QCDPB.arrow,f9dbabd38cf8b3511f5bc0ba2e1178556542cd90bf29c66cdec2855e2562cf6d,44.0,865920.0,data/ajhg2020/GSE125367/GPL21145/metadata/metadata.arrow,308f438e4728d27e814faf3714a69cd44910491c4dceec9cfb30eff1f8167181,GSM3572692,Control sample 13,GSM3572692,Public on Jun 27 2019,Jan 18 2019,Jul 26 2019,genomic,1,Blood,Homo sapiens,Sex: M,age (years): 10,,,genomic DNA,"Genomic DNA was extracted from blood samples using DNEasy (Qiagen) chemistry and columns. No modification was made to the manufacturer's specifications. Prior to extraction, red cells were lysed by exposure of the sample to 2x Lysis Buffer for 5 minutes in ice. The remaining cells were pelletted by centrifugation at 2300 RPM at 4 degrees celsius.",Cy3 and Cy5,Standard Illumina Protocol,9606,"Bisulphite converted DNA was amplified, fragmented and hybridized to Illumina Infinium Human Methylation450 Beadchip using standard Illumina protocol",Using an Illumina HiScan,Genomic DNA extracted from blood had DNA methylation measured using the EPIC array (Illumina),Using an Illumina HiScan,GPL21145,"Eric,J,Chater-Diehl",ericdiehl11@gmail.com,,SickKids Research Institute,686 Bay St.,Toronto,ON,M5G 0A4,Canada,ftp://ftp.ncbi.nlm.nih.gov/geo/samples/GSM3572nnn/GSM3572692/suppl/GSM3572692_202702240101_R04C01_Grn.idat.gz,ftp://ftp.ncbi.nlm.nih.gov/geo/samples/GSM3572nnn/GSM3572692/suppl/GSM3572692_202702240101_R04C01_Red.idat.gz,866150,,,cpgcorpus,Rosanna Weksberg,10,M,,,,,,,,,,,Rosanna Weksberg,10,M,,,,,,,,,,,Rosanna Weksberg,10,M,,,,,,,,,,
GSE125367_GPL21145_sample_13,GSE125367,GPL21145,Control,,,control,control sample 14 blood sex: f,"CpGCorpus,existing",True,True,False,cpgcorpus,2026-02-18T12:09:48.594090,data/ajhg2020/GSE125367/GPL21145/betas/QCDPB.arrow,f9dbabd38cf8b3511f5bc0ba2e1178556542cd90bf29c66cdec2855e2562cf6d,44.0,865920.0,data/ajhg2020/GSE125367/GPL21145/metadata/metadata.arrow,308f438e4728d27e814faf3714a69cd44910491c4dceec9cfb30eff1f8167181,GSM3572693,Control sample 14,GSM3572693,Public on Jun 27 2019,Jan 18 2019,Jul 26 2019,genomic,1,Blood,Homo sapiens,Sex: F,age (years): 10,,,genomic DNA,"Genomic DNA was extracted from blood samples using DNEasy (Qiagen) chemistry and columns. No modification was made to the manufacturer's specifications. Prior to extraction, red cells were lysed by exposure of the sample to 2x Lysis Buffer for 5 minutes in ice. The remaining cells were pelletted by centrifugation at 2300 RPM at 4 degrees celsius.",Cy3 and Cy5,Standard Illumina Protocol,9606,"Bisulphite converted DNA was amplified, fragmented and hybridized to Illumina Infinium Human Methylation450 Beadchip using standard Illumina protocol",Using an Illumina HiScan,Genomic DNA extracted from blood had DNA methylation measured using the EPIC array (Illumina),Using an Illumina HiScan,GPL21145,"Eric,J,Chater-Diehl",ericdiehl11@gmail.com,,SickKids Research Institute,686 Bay St.,Toronto,ON,M5G 0A4,Canada,ftp://ftp.ncbi.nlm.nih.gov/geo/samples/GSM3572nnn/GSM3572693/suppl/GSM3572693_202702240017_R05C01_Grn.idat.gz,ftp://ftp.ncbi.nlm.nih.gov/geo/samples/GSM3572nnn/GSM3572693/suppl/GSM3572693_202702240017_R05C01_Red.idat.gz,866150,,,cpgcorpus,GSE125367,GPL21145,Control,,,control,control sample 14 blood sex: f,"CpGCorpus,existing",True,True,False,cpgcorpus,2026-02-18T12:09:48.594090,data/ajhg2020/GSE125367/GPL21145/betas/QCDPB.arrow,f9dbabd38cf8b3511f5bc0ba2e1178556542cd90bf29c66cdec2855e2562cf6d,44.0,865920.0,data/ajhg2020/GSE125367/GPL21145/metadata/metadata.arrow,308f438e4728d27e814faf3714a69cd44910491c4dceec9cfb30eff1f8167181,GSM3572693,Control sample 14,GSM3572693,Public on Jun 27 2019,Jan 18 2019,Jul 26 2019,genomic,1,Blood,Homo sapiens,Sex: F,age (years): 10,,,genomic DNA,"Genomic DNA was extracted from blood samples using DNEasy (Qiagen) chemistry and columns. No modification was made to the manufacturer's specifications. Prior to extraction, red cells were lysed by exposure of the sample to 2x Lysis Buffer for 5 minutes in ice. The remaining cells were pelletted by centrifugation at 2300 RPM at 4 degrees celsius.",Cy3 and Cy5,Standard Illumina Protocol,9606,"Bisulphite converted DNA was amplified, fragmented and hybridized to Illumina Infinium Human Methylation450 Beadchip using standard Illumina protocol",Using an Illumina HiScan,Genomic DNA extracted from blood had DNA methylation measured using the EPIC array (Illumina),Using an Illumina HiScan,GPL21145,"Eric,J,Chater-Diehl",ericdiehl11@gmail.com,,SickKids Research Institute,686 Bay St.,Toronto,ON,M5G 0A4,Canada,ftp://ftp.ncbi.nlm.nih.gov/geo/samples/GSM3572nnn/GSM3572693/suppl/GSM3572693_202702240017_R05C01_Grn.idat.gz,ftp://ftp.ncbi.nlm.nih.gov/geo/samples/GSM3572nnn/GSM3572693/suppl/GSM3572693_202702240017_R05C01_Red.idat.gz,866150,,,cpgcorpus,GSE125367,GPL21145,Control,,,control,control sample 14 blood sex: f,CpGCorpus,True,True,False,cpgcorpus,2026-02-18T12:09:48.594090,data/ajhg2020/GSE125367/GPL21145/betas/QCDPB.arrow,f9dbabd38cf8b3511f5bc0ba2e1178556542cd90bf29c66cdec2855e2562cf6d,44.0,865920.0,data/ajhg2020/GSE125367/GPL21145/metadata/metadata.arrow,308f438e4728d27e814faf3714a69cd44910491c4dceec9cfb30eff1f8167181,GSM3572693,Control sample 14,GSM3572693,Public on Jun 27 2019,Jan 18 2019,Jul 26 2019,genomic,1,Blood,Homo sapiens,Sex: F,age (years): 10,,,genomic DNA,"Genomic DNA was extracted from blood samples using DNEasy (Qiagen) chemistry and columns. No modification was made to the manufacturer's specifications. Prior to extraction, red cells were lysed by exposure of the sample to 2x Lysis Buffer for 5 minutes in ice. The remaining cells were pelletted by centrifugation at 2300 RPM at 4 degrees celsius.",Cy3 and Cy5,Standard Illumina Protocol,9606,"Bisulphite converted DNA was amplified, fragmented and hybridized to Illumina Infinium Human Methylation450 Beadchip using standard Illumina protocol",Using an Illumina HiScan,Genomic DNA extracted from blood had DNA methylation measured using the EPIC array (Illumina),Using an Illumina HiScan,GPL21145,"Eric,J,Chater-Diehl",ericdiehl11@gmail.com,,SickKids Research Institute,686 Bay St.,Toronto,ON,M5G 0A4,Canada,ftp://ftp.ncbi.nlm.nih.gov/geo/samples/GSM3572nnn/GSM3572693/suppl/GSM3572693_202702240017_R05C01_Grn.idat.gz,ftp://ftp.ncbi.nlm.nih.gov/geo/samples/GSM3572nnn/GSM3572693/suppl/GSM3572693_202702240017_R05C01_Red.idat.gz,866150,,,cpgcorpus,Rosanna Weksberg,10,F,,,,,,,,,,,Rosanna Weksberg,10,F,,,,,,,,,,,Rosanna Weksberg,10,F,,,,,,,,,,
GSE125367_GPL21145_sample_14,GSE125367,GPL21145,Control,,,control,control sample 15 blood sex: m,"CpGCorpus,existing",True,True,False,cpgcorpus,2026-02-18T12:09:48.594090,data/ajhg2020/GSE125367/GPL21145/betas/QCDPB.arrow,f9dbabd38cf8b3511f5bc0ba2e1178556542cd90bf29c66cdec2855e2562cf6d,44.0,865920.0,data/ajhg2020/GSE125367/GPL21145/metadata/metadata.arrow,308f438e4728d27e814faf3714a69cd44910491c4dceec9cfb30eff1f8167181,GSM3572694,Control sample 15,GSM3572694,Public on Jun 27 2019,Jan 18 2019,Jul 26 2019,genomic,1,Blood,Homo sapiens,Sex: M,age (years): 11,,,genomic DNA,"Genomic DNA was extracted from blood samples using DNEasy (Qiagen) chemistry and columns. No modification was made to the manufacturer's specifications. Prior to extraction, red cells were lysed by exposure of the sample to 2x Lysis Buffer for 5 minutes in ice. The remaining cells were pelletted by centrifugation at 2300 RPM at 4 degrees celsius.",Cy3 and Cy5,Standard Illumina Protocol,9606,"Bisulphite converted DNA was amplified, fragmented and hybridized to Illumina Infinium Human Methylation450 Beadchip using standard Illumina protocol",Using an Illumina HiScan,Genomic DNA extracted from blood had DNA methylation measured using the EPIC array (Illumina),Using an Illumina HiScan,GPL21145,"Eric,J,Chater-Diehl",ericdiehl11@gmail.com,,SickKids Research Institute,686 Bay St.,Toronto,ON,M5G 0A4,Canada,ftp://ftp.ncbi.nlm.nih.gov/geo/samples/GSM3572nnn/GSM3572694/suppl/GSM3572694_202702320174_R07C01_Grn.idat.gz,ftp://ftp.ncbi.nlm.nih.gov/geo/samples/GSM3572nnn/GSM3572694/suppl/GSM3572694_202702320174_R07C01_Red.idat.gz,866150,,,cpgcorpus,GSE125367,GPL21145,Control,,,control,control sample 15 blood sex: m,"CpGCorpus,existing",True,True,False,cpgcorpus,2026-02-18T12:09:48.594090,data/ajhg2020/GSE125367/GPL21145/betas/QCDPB.arrow,f9dbabd38cf8b3511f5bc0ba2e1178556542cd90bf29c66cdec2855e2562cf6d,44.0,865920.0,data/ajhg2020/GSE125367/GPL21145/metadata/metadata.arrow,308f438e4728d27e814faf3714a69cd44910491c4dceec9cfb30eff1f8167181,GSM3572694,Control sample 15,GSM3572694,Public on Jun 27 2019,Jan 18 2019,Jul 26 2019,genomic,1,Blood,Homo sapiens,Sex: M,age (years): 11,,,genomic DNA,"Genomic DNA was extracted from blood samples using DNEasy (Qiagen) chemistry and columns. No modification was made to the manufacturer's specifications. Prior to extraction, red cells were lysed by exposure of the sample to 2x Lysis Buffer for 5 minutes in ice. The remaining cells were pelletted by centrifugation at 2300 RPM at 4 degrees celsius.",Cy3 and Cy5,Standard Illumina Protocol,9606,"Bisulphite converted DNA was amplified, fragmented and hybridized to Illumina Infinium Human Methylation450 Beadchip using standard Illumina protocol",Using an Illumina HiScan,Genomic DNA extracted from blood had DNA methylation measured using the EPIC array (Illumina),Using an Illumina HiScan,GPL21145,"Eric,J,Chater-Diehl",ericdiehl11@gmail.com,,SickKids Research Institute,686 Bay St.,Toronto,ON,M5G 0A4,Canada,ftp://ftp.ncbi.nlm.nih.gov/geo/samples/GSM3572nnn/GSM3572694/suppl/GSM3572694_202702320174_R07C01_Grn.idat.gz,ftp://ftp.ncbi.nlm.nih.gov/geo/samples/GSM3572nnn/GSM3572694/suppl/GSM3572694_202702320174_R07C01_Red.idat.gz,866150,,,cpgcorpus,GSE125367,GPL21145,Control,,,control,control sample 15 blood sex: m,CpGCorpus,True,True,False,cpgcorpus,2026-02-18T12:09:48.594090,data/ajhg2020/GSE125367/GPL21145/betas/QCDPB.arrow,f9dbabd38cf8b3511f5bc0ba2e1178556542cd90bf29c66cdec2855e2562cf6d,44.0,865920.0,data/ajhg2020/GSE125367/GPL21145/metadata/metadata.arrow,308f438e4728d27e814faf3714a69cd44910491c4dceec9cfb30eff1f8167181,GSM3572694,Control sample 15,GSM3572694,Public on Jun 27 2019,Jan 18 2019,Jul 26 2019,genomic,1,Blood,Homo sapiens,Sex: M,age (years): 11,,,genomic DNA,"Genomic DNA was extracted from blood samples using DNEasy (Qiagen) chemistry and columns. No modification was made to the manufacturer's specifications. Prior to extraction, red cells were lysed by exposure of the sample to 2x Lysis Buffer for 5 minutes in ice. The remaining cells were pelletted by centrifugation at 2300 RPM at 4 degrees celsius.",Cy3 and Cy5,Standard Illumina Protocol,9606,"Bisulphite converted DNA was amplified, fragmented and hybridized to Illumina Infinium Human Methylation450 Beadchip using standard Illumina protocol",Using an Illumina HiScan,Genomic DNA extracted from blood had DNA methylation measured using the EPIC array (Illumina),Using an Illumina HiScan,GPL21145,"Eric,J,Chater-Diehl",ericdiehl11@gmail.com,,SickKids Research Institute,686 Bay St.,Toronto,ON,M5G 0A4,Canada,ftp://ftp.ncbi.nlm.nih.gov/geo/samples/GSM3572nnn/GSM3572694/suppl/GSM3572694_202702320174_R07C01_Grn.idat.gz,ftp://ftp.ncbi.nlm.nih.gov/geo/samples/GSM3572nnn/GSM3572694/suppl/GSM3572694_202702320174_R07C01_Red.idat.gz,866150,,,cpgcorpus,Rosanna Weksberg,11,M,,,,,,,,,,,Rosanna Weksberg,11,M,,,,,,,,,,,Rosanna Weksberg,11,M,,,,,,,,,,
GSE125367_GPL21145_sample_15,GSE125367,GPL21145,Control,,,control,control sample 16 blood sex: m,"CpGCorpus,existing",True,True,False,cpgcorpus,2026-02-18T12:09:48.594090,data/ajhg2020/GSE125367/GPL21145/betas/QCDPB.arrow,f9dbabd38cf8b3511f5bc0ba2e1178556542cd90bf29c66cdec2855e2562cf6d,44.0,865920.0,data/ajhg2020/GSE125367/GPL21145/metadata/metadata.arrow,308f438e4728d27e814faf3714a69cd44910491c4dceec9cfb30eff1f8167181,GSM3572695,Control sample 16,GSM3572695,Public on Jun 27 2019,Jan 18 2019,Jul 26 2019,genomic,1,Blood,Homo sapiens,Sex: M,age (years): 9,,,genomic DNA,"Genomic DNA was extracted from blood samples using DNEasy (Qiagen) chemistry and columns. No modification was made to the manufacturer's specifications. Prior to extraction, red cells were lysed by exposure of the sample to 2x Lysis Buffer for 5 minutes in ice. The remaining cells were pelletted by centrifugation at 2300 RPM at 4 degrees celsius.",Cy3 and Cy5,Standard Illumina Protocol,9606,"Bisulphite converted DNA was amplified, fragmented and hybridized to Illumina Infinium Human Methylation450 Beadchip using standard Illumina protocol",Using an Illumina HiScan,Genomic DNA extracted from blood had DNA methylation measured using the EPIC array (Illumina),Using an Illumina HiScan,GPL21145,"Eric,J,Chater-Diehl",ericdiehl11@gmail.com,,SickKids Research Institute,686 Bay St.,Toronto,ON,M5G 0A4,Canada,ftp://ftp.ncbi.nlm.nih.gov/geo/samples/GSM3572nnn/GSM3572695/suppl/GSM3572695_202702240017_R08C01_Grn.idat.gz,ftp://ftp.ncbi.nlm.nih.gov/geo/samples/GSM3572nnn/GSM3572695/suppl/GSM3572695_202702240017_R08C01_Red.idat.gz,866150,,,cpgcorpus,GSE125367,GPL21145,Control,,,control,control sample 16 blood sex: m,"CpGCorpus,existing",True,True,False,cpgcorpus,2026-02-18T12:09:48.594090,data/ajhg2020/GSE125367/GPL21145/betas/QCDPB.arrow,f9dbabd38cf8b3511f5bc0ba2e1178556542cd90bf29c66cdec2855e2562cf6d,44.0,865920.0,data/ajhg2020/GSE125367/GPL21145/metadata/metadata.arrow,308f438e4728d27e814faf3714a69cd44910491c4dceec9cfb30eff1f8167181,GSM3572695,Control sample 16,GSM3572695,Public on Jun 27 2019,Jan 18 2019,Jul 26 2019,genomic,1,Blood,Homo sapiens,Sex: M,age (years): 9,,,genomic DNA,"Genomic DNA was extracted from blood samples using DNEasy (Qiagen) chemistry and columns. No modification was made to the manufacturer's specifications. Prior to extraction, red cells were lysed by exposure of the sample to 2x Lysis Buffer for 5 minutes in ice. The remaining cells were pelletted by centrifugation at 2300 RPM at 4 degrees celsius.",Cy3 and Cy5,Standard Illumina Protocol,9606,"Bisulphite converted DNA was amplified, fragmented and hybridized to Illumina Infinium Human Methylation450 Beadchip using standard Illumina protocol",Using an Illumina HiScan,Genomic DNA extracted from blood had DNA methylation measured using the EPIC array (Illumina),Using an Illumina HiScan,GPL21145,"Eric,J,Chater-Diehl",ericdiehl11@gmail.com,,SickKids Research Institute,686 Bay St.,Toronto,ON,M5G 0A4,Canada,ftp://ftp.ncbi.nlm.nih.gov/geo/samples/GSM3572nnn/GSM3572695/suppl/GSM3572695_202702240017_R08C01_Grn.idat.gz,ftp://ftp.ncbi.nlm.nih.gov/geo/samples/GSM3572nnn/GSM3572695/suppl/GSM3572695_202702240017_R08C01_Red.idat.gz,866150,,,cpgcorpus,GSE125367,GPL21145,Control,,,control,control sample 16 blood sex: m,CpGCorpus,True,True,False,cpgcorpus,2026-02-18T12:09:48.594090,data/ajhg2020/GSE125367/GPL21145/betas/QCDPB.arrow,f9dbabd38cf8b3511f5bc0ba2e1178556542cd90bf29c66cdec2855e2562cf6d,44.0,865920.0,data/ajhg2020/GSE125367/GPL21145/metadata/metadata.arrow,308f438e4728d27e814faf3714a69cd44910491c4dceec9cfb30eff1f8167181,GSM3572695,Control sample 16,GSM3572695,Public on Jun 27 2019,Jan 18 2019,Jul 26 2019,genomic,1,Blood,Homo sapiens,Sex: M,age (years): 9,,,genomic DNA,"Genomic DNA was extracted from blood samples using DNEasy (Qiagen) chemistry and columns. No modification was made to the manufacturer's specifications. Prior to extraction, red cells were lysed by exposure of the sample to 2x Lysis Buffer for 5 minutes in ice. The remaining cells were pelletted by centrifugation at 2300 RPM at 4 degrees celsius.",Cy3 and Cy5,Standard Illumina Protocol,9606,"Bisulphite converted DNA was amplified, fragmented and hybridized to Illumina Infinium Human Methylation450 Beadchip using standard Illumina protocol",Using an Illumina HiScan,Genomic DNA extracted from blood had DNA methylation measured using the EPIC array (Illumina),Using an Illumina HiScan,GPL21145,"Eric,J,Chater-Diehl",ericdiehl11@gmail.com,,SickKids Research Institute,686 Bay St.,Toronto,ON,M5G 0A4,Canada,ftp://ftp.ncbi.nlm.nih.gov/geo/samples/GSM3572nnn/GSM3572695/suppl/GSM3572695_202702240017_R08C01_Grn.idat.gz,ftp://ftp.ncbi.nlm.nih.gov/geo/samples/GSM3572nnn/GSM3572695/suppl/GSM3572695_202702240017_R08C01_Red.idat.gz,866150,,,cpgcorpus,Rosanna Weksberg,9,M,,,,,,,,,,,Rosanna Weksberg,9,M,,,,,,,,,,,Rosanna Weksberg,9,M,,,,,,,,,,
GSE125367_GPL21145_sample_16,GSE125367,GPL21145,Control,,,control,control sample 17 blood sex: f,"CpGCorpus,existing",True,True,False,cpgcorpus,2026-02-18T12:09:48.594090,data/ajhg2020/GSE125367/GPL21145/betas/QCDPB.arrow,f9dbabd38cf8b3511f5bc0ba2e1178556542cd90bf29c66cdec2855e2562cf6d,44.0,865920.0,data/ajhg2020/GSE125367/GPL21145/metadata/metadata.arrow,308f438e4728d27e814faf3714a69cd44910491c4dceec9cfb30eff1f8167181,GSM3572696,Control sample 17,GSM3572696,Public on Jun 27 2019,Jan 18 2019,Jul 26 2019,genomic,1,Blood,Homo sapiens,Sex: F,age (years): 11,,,genomic DNA,"Genomic DNA was extracted from blood samples using DNEasy (Qiagen) chemistry and columns. No modification was made to the manufacturer's specifications. Prior to extraction, red cells were lysed by exposure of the sample to 2x Lysis Buffer for 5 minutes in ice. The remaining cells were pelletted by centrifugation at 2300 RPM at 4 degrees celsius.",Cy3 and Cy5,Standard Illumina Protocol,9606,"Bisulphite converted DNA was amplified, fragmented and hybridized to Illumina Infinium Human Methylation450 Beadchip using standard Illumina protocol",Using an Illumina HiScan,Genomic DNA extracted from blood had DNA methylation measured using the EPIC array (Illumina),Using an Illumina HiScan,GPL21145,"Eric,J,Chater-Diehl",ericdiehl11@gmail.com,,SickKids Research Institute,686 Bay St.,Toronto,ON,M5G 0A4,Canada,ftp://ftp.ncbi.nlm.nih.gov/geo/samples/GSM3572nnn/GSM3572696/suppl/GSM3572696_202702240101_R05C01_Grn.idat.gz,ftp://ftp.ncbi.nlm.nih.gov/geo/samples/GSM3572nnn/GSM3572696/suppl/GSM3572696_202702240101_R05C01_Red.idat.gz,866150,,,cpgcorpus,GSE125367,GPL21145,Control,,,control,control sample 17 blood sex: f,"CpGCorpus,existing",True,True,False,cpgcorpus,2026-02-18T12:09:48.594090,data/ajhg2020/GSE125367/GPL21145/betas/QCDPB.arrow,f9dbabd38cf8b3511f5bc0ba2e1178556542cd90bf29c66cdec2855e2562cf6d,44.0,865920.0,data/ajhg2020/GSE125367/GPL21145/metadata/metadata.arrow,308f438e4728d27e814faf3714a69cd44910491c4dceec9cfb30eff1f8167181,GSM3572696,Control sample 17,GSM3572696,Public on Jun 27 2019,Jan 18 2019,Jul 26 2019,genomic,1,Blood,Homo sapiens,Sex: F,age (years): 11,,,genomic DNA,"Genomic DNA was extracted from blood samples using DNEasy (Qiagen) chemistry and columns. No modification was made to the manufacturer's specifications. Prior to extraction, red cells were lysed by exposure of the sample to 2x Lysis Buffer for 5 minutes in ice. The remaining cells were pelletted by centrifugation at 2300 RPM at 4 degrees celsius.",Cy3 and Cy5,Standard Illumina Protocol,9606,"Bisulphite converted DNA was amplified, fragmented and hybridized to Illumina Infinium Human Methylation450 Beadchip using standard Illumina protocol",Using an Illumina HiScan,Genomic DNA extracted from blood had DNA methylation measured using the EPIC array (Illumina),Using an Illumina HiScan,GPL21145,"Eric,J,Chater-Diehl",ericdiehl11@gmail.com,,SickKids Research Institute,686 Bay St.,Toronto,ON,M5G 0A4,Canada,ftp://ftp.ncbi.nlm.nih.gov/geo/samples/GSM3572nnn/GSM3572696/suppl/GSM3572696_202702240101_R05C01_Grn.idat.gz,ftp://ftp.ncbi.nlm.nih.gov/geo/samples/GSM3572nnn/GSM3572696/suppl/GSM3572696_202702240101_R05C01_Red.idat.gz,866150,,,cpgcorpus,GSE125367,GPL21145,Control,,,control,control sample 17 blood sex: f,CpGCorpus,True,True,False,cpgcorpus,2026-02-18T12:09:48.594090,data/ajhg2020/GSE125367/GPL21145/betas/QCDPB.arrow,f9dbabd38cf8b3511f5bc0ba2e1178556542cd90bf29c66cdec2855e2562cf6d,44.0,865920.0,data/ajhg2020/GSE125367/GPL21145/metadata/metadata.arrow,308f438e4728d27e814faf3714a69cd44910491c4dceec9cfb30eff1f8167181,GSM3572696,Control sample 17,GSM3572696,Public on Jun 27 2019,Jan 18 2019,Jul 26 2019,genomic,1,Blood,Homo sapiens,Sex: F,age (years): 11,,,genomic DNA,"Genomic DNA was extracted from blood samples using DNEasy (Qiagen) chemistry and columns. No modification was made to the manufacturer's specifications. Prior to extraction, red cells were lysed by exposure of the sample to 2x Lysis Buffer for 5 minutes in ice. The remaining cells were pelletted by centrifugation at 2300 RPM at 4 degrees celsius.",Cy3 and Cy5,Standard Illumina Protocol,9606,"Bisulphite converted DNA was amplified, fragmented and hybridized to Illumina Infinium Human Methylation450 Beadchip using standard Illumina protocol",Using an Illumina HiScan,Genomic DNA extracted from blood had DNA methylation measured using the EPIC array (Illumina),Using an Illumina HiScan,GPL21145,"Eric,J,Chater-Diehl",ericdiehl11@gmail.com,,SickKids Research Institute,686 Bay St.,Toronto,ON,M5G 0A4,Canada,ftp://ftp.ncbi.nlm.nih.gov/geo/samples/GSM3572nnn/GSM3572696/suppl/GSM3572696_202702240101_R05C01_Grn.idat.gz,ftp://ftp.ncbi.nlm.nih.gov/geo/samples/GSM3572nnn/GSM3572696/suppl/GSM3572696_202702240101_R05C01_Red.idat.gz,866150,,,cpgcorpus,Rosanna Weksberg,11,F,,,,,,,,,,,Rosanna Weksberg,11,F,,,,,,,,,,,Rosanna Weksberg,11,F,,,,,,,,,,
GSE125367_GPL21145_sample_17,GSE125367,GPL21145,Control,,,control,control sample 18 blood sex: m,"CpGCorpus,existing",True,True,False,cpgcorpus,2026-02-18T12:09:48.594090,data/ajhg2020/GSE125367/GPL21145/betas/QCDPB.arrow,f9dbabd38cf8b3511f5bc0ba2e1178556542cd90bf29c66cdec2855e2562cf6d,44.0,865920.0,data/ajhg2020/GSE125367/GPL21145/metadata/metadata.arrow,308f438e4728d27e814faf3714a69cd44910491c4dceec9cfb30eff1f8167181,GSM3572697,Control sample 18,GSM3572697,Public on Jun 27 2019,Jan 18 2019,Jul 26 2019,genomic,1,Blood,Homo sapiens,Sex: M,age (years): 11,,,genomic DNA,"Genomic DNA was extracted from blood samples using DNEasy (Qiagen) chemistry and columns. No modification was made to the manufacturer's specifications. Prior to extraction, red cells were lysed by exposure of the sample to 2x Lysis Buffer for 5 minutes in ice. The remaining cells were pelletted by centrifugation at 2300 RPM at 4 degrees celsius.",Cy3 and Cy5,Standard Illumina Protocol,9606,"Bisulphite converted DNA was amplified, fragmented and hybridized to Illumina Infinium Human Methylation450 Beadchip using standard Illumina protocol",Using an Illumina HiScan,Genomic DNA extracted from blood had DNA methylation measured using the EPIC array (Illumina),Using an Illumina HiScan,GPL21145,"Eric,J,Chater-Diehl",ericdiehl11@gmail.com,,SickKids Research Institute,686 Bay St.,Toronto,ON,M5G 0A4,Canada,ftp://ftp.ncbi.nlm.nih.gov/geo/samples/GSM3572nnn/GSM3572697/suppl/GSM3572697_202711530012_R06C01_Grn.idat.gz,ftp://ftp.ncbi.nlm.nih.gov/geo/samples/GSM3572nnn/GSM3572697/suppl/GSM3572697_202711530012_R06C01_Red.idat.gz,866150,,,cpgcorpus,GSE125367,GPL21145,Control,,,control,control sample 18 blood sex: m,"CpGCorpus,existing",True,True,False,cpgcorpus,2026-02-18T12:09:48.594090,data/ajhg2020/GSE125367/GPL21145/betas/QCDPB.arrow,f9dbabd38cf8b3511f5bc0ba2e1178556542cd90bf29c66cdec2855e2562cf6d,44.0,865920.0,data/ajhg2020/GSE125367/GPL21145/metadata/metadata.arrow,308f438e4728d27e814faf3714a69cd44910491c4dceec9cfb30eff1f8167181,GSM3572697,Control sample 18,GSM3572697,Public on Jun 27 2019,Jan 18 2019,Jul 26 2019,genomic,1,Blood,Homo sapiens,Sex: M,age (years): 11,,,genomic DNA,"Genomic DNA was extracted from blood samples using DNEasy (Qiagen) chemistry and columns. No modification was made to the manufacturer's specifications. Prior to extraction, red cells were lysed by exposure of the sample to 2x Lysis Buffer for 5 minutes in ice. The remaining cells were pelletted by centrifugation at 2300 RPM at 4 degrees celsius.",Cy3 and Cy5,Standard Illumina Protocol,9606,"Bisulphite converted DNA was amplified, fragmented and hybridized to Illumina Infinium Human Methylation450 Beadchip using standard Illumina protocol",Using an Illumina HiScan,Genomic DNA extracted from blood had DNA methylation measured using the EPIC array (Illumina),Using an Illumina HiScan,GPL21145,"Eric,J,Chater-Diehl",ericdiehl11@gmail.com,,SickKids Research Institute,686 Bay St.,Toronto,ON,M5G 0A4,Canada,ftp://ftp.ncbi.nlm.nih.gov/geo/samples/GSM3572nnn/GSM3572697/suppl/GSM3572697_202711530012_R06C01_Grn.idat.gz,ftp://ftp.ncbi.nlm.nih.gov/geo/samples/GSM3572nnn/GSM3572697/suppl/GSM3572697_202711530012_R06C01_Red.idat.gz,866150,,,cpgcorpus,GSE125367,GPL21145,Control,,,control,control sample 18 blood sex: m,CpGCorpus,True,True,False,cpgcorpus,2026-02-18T12:09:48.594090,data/ajhg2020/GSE125367/GPL21145/betas/QCDPB.arrow,f9dbabd38cf8b3511f5bc0ba2e1178556542cd90bf29c66cdec2855e2562cf6d,44.0,865920.0,data/ajhg2020/GSE125367/GPL21145/metadata/metadata.arrow,308f438e4728d27e814faf3714a69cd44910491c4dceec9cfb30eff1f8167181,GSM3572697,Control sample 18,GSM3572697,Public on Jun 27 2019,Jan 18 2019,Jul 26 2019,genomic,1,Blood,Homo sapiens,Sex: M,age (years): 11,,,genomic DNA,"Genomic DNA was extracted from blood samples using DNEasy (Qiagen) chemistry and columns. No modification was made to the manufacturer's specifications. Prior to extraction, red cells were lysed by exposure of the sample to 2x Lysis Buffer for 5 minutes in ice. The remaining cells were pelletted by centrifugation at 2300 RPM at 4 degrees celsius.",Cy3 and Cy5,Standard Illumina Protocol,9606,"Bisulphite converted DNA was amplified, fragmented and hybridized to Illumina Infinium Human Methylation450 Beadchip using standard Illumina protocol",Using an Illumina HiScan,Genomic DNA extracted from blood had DNA methylation measured using the EPIC array (Illumina),Using an Illumina HiScan,GPL21145,"Eric,J,Chater-Diehl",ericdiehl11@gmail.com,,SickKids Research Institute,686 Bay St.,Toronto,ON,M5G 0A4,Canada,ftp://ftp.ncbi.nlm.nih.gov/geo/samples/GSM3572nnn/GSM3572697/suppl/GSM3572697_202711530012_R06C01_Grn.idat.gz,ftp://ftp.ncbi.nlm.nih.gov/geo/samples/GSM3572nnn/GSM3572697/suppl/GSM3572697_202711530012_R06C01_Red.idat.gz,866150,,,cpgcorpus,Rosanna Weksberg,11,M,,,,,,,,,,,Rosanna Weksberg,11,M,,,,,,,,,,,Rosanna Weksberg,11,M,,,,,,,,,,
GSE125367_GPL21145_sample_18,GSE125367,GPL21145,Control,,,control,control sample 19 blood sex: m,"CpGCorpus,existing",True,True,False,cpgcorpus,2026-02-18T12:09:48.594090,data/ajhg2020/GSE125367/GPL21145/betas/QCDPB.arrow,f9dbabd38cf8b3511f5bc0ba2e1178556542cd90bf29c66cdec2855e2562cf6d,44.0,865920.0,data/ajhg2020/GSE125367/GPL21145/metadata/metadata.arrow,308f438e4728d27e814faf3714a69cd44910491c4dceec9cfb30eff1f8167181,GSM3572698,Control sample 19,GSM3572698,Public on Jun 27 2019,Jan 18 2019,Jul 26 2019,genomic,1,Blood,Homo sapiens,Sex: M,age (years): 12,,,genomic DNA,"Genomic DNA was extracted from blood samples using DNEasy (Qiagen) chemistry and columns. No modification was made to the manufacturer's specifications. Prior to extraction, red cells were lysed by exposure of the sample to 2x Lysis Buffer for 5 minutes in ice. The remaining cells were pelletted by centrifugation at 2300 RPM at 4 degrees celsius.",Cy3 and Cy5,Standard Illumina Protocol,9606,"Bisulphite converted DNA was amplified, fragmented and hybridized to Illumina Infinium Human Methylation450 Beadchip using standard Illumina protocol",Using an Illumina HiScan,Genomic DNA extracted from blood had DNA methylation measured using the EPIC array (Illumina),Using an Illumina HiScan,GPL21145,"Eric,J,Chater-Diehl",ericdiehl11@gmail.com,,SickKids Research Institute,686 Bay St.,Toronto,ON,M5G 0A4,Canada,ftp://ftp.ncbi.nlm.nih.gov/geo/samples/GSM3572nnn/GSM3572698/suppl/GSM3572698_202702320113_R07C01_Grn.idat.gz,ftp://ftp.ncbi.nlm.nih.gov/geo/samples/GSM3572nnn/GSM3572698/suppl/GSM3572698_202702320113_R07C01_Red.idat.gz,866150,,,cpgcorpus,GSE125367,GPL21145,Control,,,control,control sample 19 blood sex: m,"CpGCorpus,existing",True,True,False,cpgcorpus,2026-02-18T12:09:48.594090,data/ajhg2020/GSE125367/GPL21145/betas/QCDPB.arrow,f9dbabd38cf8b3511f5bc0ba2e1178556542cd90bf29c66cdec2855e2562cf6d,44.0,865920.0,data/ajhg2020/GSE125367/GPL21145/metadata/metadata.arrow,308f438e4728d27e814faf3714a69cd44910491c4dceec9cfb30eff1f8167181,GSM3572698,Control sample 19,GSM3572698,Public on Jun 27 2019,Jan 18 2019,Jul 26 2019,genomic,1,Blood,Homo sapiens,Sex: M,age (years): 12,,,genomic DNA,"Genomic DNA was extracted from blood samples using DNEasy (Qiagen) chemistry and columns. No modification was made to the manufacturer's specifications. Prior to extraction, red cells were lysed by exposure of the sample to 2x Lysis Buffer for 5 minutes in ice. The remaining cells were pelletted by centrifugation at 2300 RPM at 4 degrees celsius.",Cy3 and Cy5,Standard Illumina Protocol,9606,"Bisulphite converted DNA was amplified, fragmented and hybridized to Illumina Infinium Human Methylation450 Beadchip using standard Illumina protocol",Using an Illumina HiScan,Genomic DNA extracted from blood had DNA methylation measured using the EPIC array (Illumina),Using an Illumina HiScan,GPL21145,"Eric,J,Chater-Diehl",ericdiehl11@gmail.com,,SickKids Research Institute,686 Bay St.,Toronto,ON,M5G 0A4,Canada,ftp://ftp.ncbi.nlm.nih.gov/geo/samples/GSM3572nnn/GSM3572698/suppl/GSM3572698_202702320113_R07C01_Grn.idat.gz,ftp://ftp.ncbi.nlm.nih.gov/geo/samples/GSM3572nnn/GSM3572698/suppl/GSM3572698_202702320113_R07C01_Red.idat.gz,866150,,,cpgcorpus,GSE125367,GPL21145,Control,,,control,control sample 19 blood sex: m,CpGCorpus,True,True,False,cpgcorpus,2026-02-18T12:09:48.594090,data/ajhg2020/GSE125367/GPL21145/betas/QCDPB.arrow,f9dbabd38cf8b3511f5bc0ba2e1178556542cd90bf29c66cdec2855e2562cf6d,44.0,865920.0,data/ajhg2020/GSE125367/GPL21145/metadata/metadata.arrow,308f438e4728d27e814faf3714a69cd44910491c4dceec9cfb30eff1f8167181,GSM3572698,Control sample 19,GSM3572698,Public on Jun 27 2019,Jan 18 2019,Jul 26 2019,genomic,1,Blood,Homo sapiens,Sex: M,age (years): 12,,,genomic DNA,"Genomic DNA was extracted from blood samples using DNEasy (Qiagen) chemistry and columns. No modification was made to the manufacturer's specifications. Prior to extraction, red cells were lysed by exposure of the sample to 2x Lysis Buffer for 5 minutes in ice. The remaining cells were pelletted by centrifugation at 2300 RPM at 4 degrees celsius.",Cy3 and Cy5,Standard Illumina Protocol,9606,"Bisulphite converted DNA was amplified, fragmented and hybridized to Illumina Infinium Human Methylation450 Beadchip using standard Illumina protocol",Using an Illumina HiScan,Genomic DNA extracted from blood had DNA methylation measured using the EPIC array (Illumina),Using an Illumina HiScan,GPL21145,"Eric,J,Chater-Diehl",ericdiehl11@gmail.com,,SickKids Research Institute,686 Bay St.,Toronto,ON,M5G 0A4,Canada,ftp://ftp.ncbi.nlm.nih.gov/geo/samples/GSM3572nnn/GSM3572698/suppl/GSM3572698_202702320113_R07C01_Grn.idat.gz,ftp://ftp.ncbi.nlm.nih.gov/geo/samples/GSM3572nnn/GSM3572698/suppl/GSM3572698_202702320113_R07C01_Red.idat.gz,866150,,,cpgcorpus,Rosanna Weksberg,12,M,,,,,,,,,,,Rosanna Weksberg,12,M,,,,,,,,,,,Rosanna Weksberg,12,M,,,,,,,,,,
GSE125367_GPL21145_sample_19,GSE125367,GPL21145,Control,,,control,control sample 20 blood sex: f,"CpGCorpus,existing",True,True,False,cpgcorpus,2026-02-18T12:09:48.594090,data/ajhg2020/GSE125367/GPL21145/betas/QCDPB.arrow,f9dbabd38cf8b3511f5bc0ba2e1178556542cd90bf29c66cdec2855e2562cf6d,44.0,865920.0,data/ajhg2020/GSE125367/GPL21145/metadata/metadata.arrow,308f438e4728d27e814faf3714a69cd44910491c4dceec9cfb30eff1f8167181,GSM3572699,Control sample 20,GSM3572699,Public on Jun 27 2019,Jan 18 2019,Jul 26 2019,genomic,1,Blood,Homo sapiens,Sex: F,age (years): 12,,,genomic DNA,"Genomic DNA was extracted from blood samples using DNEasy (Qiagen) chemistry and columns. No modification was made to the manufacturer's specifications. Prior to extraction, red cells were lysed by exposure of the sample to 2x Lysis Buffer for 5 minutes in ice. The remaining cells were pelletted by centrifugation at 2300 RPM at 4 degrees celsius.",Cy3 and Cy5,Standard Illumina Protocol,9606,"Bisulphite converted DNA was amplified, fragmented and hybridized to Illumina Infinium Human Methylation450 Beadchip using standard Illumina protocol",Using an Illumina HiScan,Genomic DNA extracted from blood had DNA methylation measured using the EPIC array (Illumina),Using an Illumina HiScan,GPL21145,"Eric,J,Chater-Diehl",ericdiehl11@gmail.com,,SickKids Research Institute,686 Bay St.,Toronto,ON,M5G 0A4,Canada,ftp://ftp.ncbi.nlm.nih.gov/geo/samples/GSM3572nnn/GSM3572699/suppl/GSM3572699_202702240101_R07C01_Grn.idat.gz,ftp://ftp.ncbi.nlm.nih.gov/geo/samples/GSM3572nnn/GSM3572699/suppl/GSM3572699_202702240101_R07C01_Red.idat.gz,866150,,,cpgcorpus,GSE125367,GPL21145,Control,,,control,control sample 20 blood sex: f,"CpGCorpus,existing",True,True,False,cpgcorpus,2026-02-18T12:09:48.594090,data/ajhg2020/GSE125367/GPL21145/betas/QCDPB.arrow,f9dbabd38cf8b3511f5bc0ba2e1178556542cd90bf29c66cdec2855e2562cf6d,44.0,865920.0,data/ajhg2020/GSE125367/GPL21145/metadata/metadata.arrow,308f438e4728d27e814faf3714a69cd44910491c4dceec9cfb30eff1f8167181,GSM3572699,Control sample 20,GSM3572699,Public on Jun 27 2019,Jan 18 2019,Jul 26 2019,genomic,1,Blood,Homo sapiens,Sex: F,age (years): 12,,,genomic DNA,"Genomic DNA was extracted from blood samples using DNEasy (Qiagen) chemistry and columns. No modification was made to the manufacturer's specifications. Prior to extraction, red cells were lysed by exposure of the sample to 2x Lysis Buffer for 5 minutes in ice. The remaining cells were pelletted by centrifugation at 2300 RPM at 4 degrees celsius.",Cy3 and Cy5,Standard Illumina Protocol,9606,"Bisulphite converted DNA was amplified, fragmented and hybridized to Illumina Infinium Human Methylation450 Beadchip using standard Illumina protocol",Using an Illumina HiScan,Genomic DNA extracted from blood had DNA methylation measured using the EPIC array (Illumina),Using an Illumina HiScan,GPL21145,"Eric,J,Chater-Diehl",ericdiehl11@gmail.com,,SickKids Research Institute,686 Bay St.,Toronto,ON,M5G 0A4,Canada,ftp://ftp.ncbi.nlm.nih.gov/geo/samples/GSM3572nnn/GSM3572699/suppl/GSM3572699_202702240101_R07C01_Grn.idat.gz,ftp://ftp.ncbi.nlm.nih.gov/geo/samples/GSM3572nnn/GSM3572699/suppl/GSM3572699_202702240101_R07C01_Red.idat.gz,866150,,,cpgcorpus,GSE125367,GPL21145,Control,,,control,control sample 20 blood sex: f,CpGCorpus,True,True,False,cpgcorpus,2026-02-18T12:09:48.594090,data/ajhg2020/GSE125367/GPL21145/betas/QCDPB.arrow,f9dbabd38cf8b3511f5bc0ba2e1178556542cd90bf29c66cdec2855e2562cf6d,44.0,865920.0,data/ajhg2020/GSE125367/GPL21145/metadata/metadata.arrow,308f438e4728d27e814faf3714a69cd44910491c4dceec9cfb30eff1f8167181,GSM3572699,Control sample 20,GSM3572699,Public on Jun 27 2019,Jan 18 2019,Jul 26 2019,genomic,1,Blood,Homo sapiens,Sex: F,age (years): 12,,,genomic DNA,"Genomic DNA was extracted from blood samples using DNEasy (Qiagen) chemistry and columns. No modification was made to the manufacturer's specifications. Prior to extraction, red cells were lysed by exposure of the sample to 2x Lysis Buffer for 5 minutes in ice. The remaining cells were pelletted by centrifugation at 2300 RPM at 4 degrees celsius.",Cy3 and Cy5,Standard Illumina Protocol,9606,"Bisulphite converted DNA was amplified, fragmented and hybridized to Illumina Infinium Human Methylation450 Beadchip using standard Illumina protocol",Using an Illumina HiScan,Genomic DNA extracted from blood had DNA methylation measured using the EPIC array (Illumina),Using an Illumina HiScan,GPL21145,"Eric,J,Chater-Diehl",ericdiehl11@gmail.com,,SickKids Research Institute,686 Bay St.,Toronto,ON,M5G 0A4,Canada,ftp://ftp.ncbi.nlm.nih.gov/geo/samples/GSM3572nnn/GSM3572699/suppl/GSM3572699_202702240101_R07C01_Grn.idat.gz,ftp://ftp.ncbi.nlm.nih.gov/geo/samples/GSM3572nnn/GSM3572699/suppl/GSM3572699_202702240101_R07C01_Red.idat.gz,866150,,,cpgcorpus,Rosanna Weksberg,12,F,,,,,,,,,,,Rosanna Weksberg,12,F,,,,,,,,,,,Rosanna Weksberg,12,F,,,,,,,,,,
GSE125367_GPL21145_sample_20,GSE125367,GPL21145,Control,,,control,control sample 21 blood sex: f,"CpGCorpus,existing",True,True,False,cpgcorpus,2026-02-18T12:09:48.594090,data/ajhg2020/GSE125367/GPL21145/betas/QCDPB.arrow,f9dbabd38cf8b3511f5bc0ba2e1178556542cd90bf29c66cdec2855e2562cf6d,44.0,865920.0,data/ajhg2020/GSE125367/GPL21145/metadata/metadata.arrow,308f438e4728d27e814faf3714a69cd44910491c4dceec9cfb30eff1f8167181,GSM3572700,Control sample 21,GSM3572700,Public on Jun 27 2019,Jan 18 2019,Jul 26 2019,genomic,1,Blood,Homo sapiens,Sex: F,age (years): 13,,,genomic DNA,"Genomic DNA was extracted from blood samples using DNEasy (Qiagen) chemistry and columns. No modification was made to the manufacturer's specifications. Prior to extraction, red cells were lysed by exposure of the sample to 2x Lysis Buffer for 5 minutes in ice. The remaining cells were pelletted by centrifugation at 2300 RPM at 4 degrees celsius.",Cy3 and Cy5,Standard Illumina Protocol,9606,"Bisulphite converted DNA was amplified, fragmented and hybridized to Illumina Infinium Human Methylation450 Beadchip using standard Illumina protocol",Using an Illumina HiScan,Genomic DNA extracted from blood had DNA methylation measured using the EPIC array (Illumina),Using an Illumina HiScan,GPL21145,"Eric,J,Chater-Diehl",ericdiehl11@gmail.com,,SickKids Research Institute,686 Bay St.,Toronto,ON,M5G 0A4,Canada,ftp://ftp.ncbi.nlm.nih.gov/geo/samples/GSM3572nnn/GSM3572700/suppl/GSM3572700_202702230086_R07C01_Grn.idat.gz,ftp://ftp.ncbi.nlm.nih.gov/geo/samples/GSM3572nnn/GSM3572700/suppl/GSM3572700_202702230086_R07C01_Red.idat.gz,866150,,,cpgcorpus,GSE125367,GPL21145,Control,,,control,control sample 21 blood sex: f,"CpGCorpus,existing",True,True,False,cpgcorpus,2026-02-18T12:09:48.594090,data/ajhg2020/GSE125367/GPL21145/betas/QCDPB.arrow,f9dbabd38cf8b3511f5bc0ba2e1178556542cd90bf29c66cdec2855e2562cf6d,44.0,865920.0,data/ajhg2020/GSE125367/GPL21145/metadata/metadata.arrow,308f438e4728d27e814faf3714a69cd44910491c4dceec9cfb30eff1f8167181,GSM3572700,Control sample 21,GSM3572700,Public on Jun 27 2019,Jan 18 2019,Jul 26 2019,genomic,1,Blood,Homo sapiens,Sex: F,age (years): 13,,,genomic DNA,"Genomic DNA was extracted from blood samples using DNEasy (Qiagen) chemistry and columns. No modification was made to the manufacturer's specifications. Prior to extraction, red cells were lysed by exposure of the sample to 2x Lysis Buffer for 5 minutes in ice. The remaining cells were pelletted by centrifugation at 2300 RPM at 4 degrees celsius.",Cy3 and Cy5,Standard Illumina Protocol,9606,"Bisulphite converted DNA was amplified, fragmented and hybridized to Illumina Infinium Human Methylation450 Beadchip using standard Illumina protocol",Using an Illumina HiScan,Genomic DNA extracted from blood had DNA methylation measured using the EPIC array (Illumina),Using an Illumina HiScan,GPL21145,"Eric,J,Chater-Diehl",ericdiehl11@gmail.com,,SickKids Research Institute,686 Bay St.,Toronto,ON,M5G 0A4,Canada,ftp://ftp.ncbi.nlm.nih.gov/geo/samples/GSM3572nnn/GSM3572700/suppl/GSM3572700_202702230086_R07C01_Grn.idat.gz,ftp://ftp.ncbi.nlm.nih.gov/geo/samples/GSM3572nnn/GSM3572700/suppl/GSM3572700_202702230086_R07C01_Red.idat.gz,866150,,,cpgcorpus,GSE125367,GPL21145,Control,,,control,control sample 21 blood sex: f,CpGCorpus,True,True,False,cpgcorpus,2026-02-18T12:09:48.594090,data/ajhg2020/GSE125367/GPL21145/betas/QCDPB.arrow,f9dbabd38cf8b3511f5bc0ba2e1178556542cd90bf29c66cdec2855e2562cf6d,44.0,865920.0,data/ajhg2020/GSE125367/GPL21145/metadata/metadata.arrow,308f438e4728d27e814faf3714a69cd44910491c4dceec9cfb30eff1f8167181,GSM3572700,Control sample 21,GSM3572700,Public on Jun 27 2019,Jan 18 2019,Jul 26 2019,genomic,1,Blood,Homo sapiens,Sex: F,age (years): 13,,,genomic DNA,"Genomic DNA was extracted from blood samples using DNEasy (Qiagen) chemistry and columns. No modification was made to the manufacturer's specifications. Prior to extraction, red cells were lysed by exposure of the sample to 2x Lysis Buffer for 5 minutes in ice. The remaining cells were pelletted by centrifugation at 2300 RPM at 4 degrees celsius.",Cy3 and Cy5,Standard Illumina Protocol,9606,"Bisulphite converted DNA was amplified, fragmented and hybridized to Illumina Infinium Human Methylation450 Beadchip using standard Illumina protocol",Using an Illumina HiScan,Genomic DNA extracted from blood had DNA methylation measured using the EPIC array (Illumina),Using an Illumina HiScan,GPL21145,"Eric,J,Chater-Diehl",ericdiehl11@gmail.com,,SickKids Research Institute,686 Bay St.,Toronto,ON,M5G 0A4,Canada,ftp://ftp.ncbi.nlm.nih.gov/geo/samples/GSM3572nnn/GSM3572700/suppl/GSM3572700_202702230086_R07C01_Grn.idat.gz,ftp://ftp.ncbi.nlm.nih.gov/geo/samples/GSM3572nnn/GSM3572700/suppl/GSM3572700_202702230086_R07C01_Red.idat.gz,866150,,,cpgcorpus,Rosanna Weksberg,13,F,,,,,,,,,,,Rosanna Weksberg,13,F,,,,,,,,,,,Rosanna Weksberg,13,F,,,,,,,,,,
GSE125367_GPL21145_sample_21,GSE125367,GPL21145,Control,,,control,control sample 22 blood sex: m,"CpGCorpus,existing",True,True,False,cpgcorpus,2026-02-18T12:09:48.594090,data/ajhg2020/GSE125367/GPL21145/betas/QCDPB.arrow,f9dbabd38cf8b3511f5bc0ba2e1178556542cd90bf29c66cdec2855e2562cf6d,44.0,865920.0,data/ajhg2020/GSE125367/GPL21145/metadata/metadata.arrow,308f438e4728d27e814faf3714a69cd44910491c4dceec9cfb30eff1f8167181,GSM3572701,Control sample 22,GSM3572701,Public on Jun 27 2019,Jan 18 2019,Jul 26 2019,genomic,1,Blood,Homo sapiens,Sex: M,age (years): 14,,,genomic DNA,"Genomic DNA was extracted from blood samples using DNEasy (Qiagen) chemistry and columns. No modification was made to the manufacturer's specifications. Prior to extraction, red cells were lysed by exposure of the sample to 2x Lysis Buffer for 5 minutes in ice. The remaining cells were pelletted by centrifugation at 2300 RPM at 4 degrees celsius.",Cy3 and Cy5,Standard Illumina Protocol,9606,"Bisulphite converted DNA was amplified, fragmented and hybridized to Illumina Infinium Human Methylation450 Beadchip using standard Illumina protocol",Using an Illumina HiScan,Genomic DNA extracted from blood had DNA methylation measured using the EPIC array (Illumina),Using an Illumina HiScan,GPL21145,"Eric,J,Chater-Diehl",ericdiehl11@gmail.com,,SickKids Research Institute,686 Bay St.,Toronto,ON,M5G 0A4,Canada,ftp://ftp.ncbi.nlm.nih.gov/geo/samples/GSM3572nnn/GSM3572701/suppl/GSM3572701_202702320243_R08C01_Grn.idat.gz,ftp://ftp.ncbi.nlm.nih.gov/geo/samples/GSM3572nnn/GSM3572701/suppl/GSM3572701_202702320243_R08C01_Red.idat.gz,866150,,,cpgcorpus,GSE125367,GPL21145,Control,,,control,control sample 22 blood sex: m,"CpGCorpus,existing",True,True,False,cpgcorpus,2026-02-18T12:09:48.594090,data/ajhg2020/GSE125367/GPL21145/betas/QCDPB.arrow,f9dbabd38cf8b3511f5bc0ba2e1178556542cd90bf29c66cdec2855e2562cf6d,44.0,865920.0,data/ajhg2020/GSE125367/GPL21145/metadata/metadata.arrow,308f438e4728d27e814faf3714a69cd44910491c4dceec9cfb30eff1f8167181,GSM3572701,Control sample 22,GSM3572701,Public on Jun 27 2019,Jan 18 2019,Jul 26 2019,genomic,1,Blood,Homo sapiens,Sex: M,age (years): 14,,,genomic DNA,"Genomic DNA was extracted from blood samples using DNEasy (Qiagen) chemistry and columns. No modification was made to the manufacturer's specifications. Prior to extraction, red cells were lysed by exposure of the sample to 2x Lysis Buffer for 5 minutes in ice. The remaining cells were pelletted by centrifugation at 2300 RPM at 4 degrees celsius.",Cy3 and Cy5,Standard Illumina Protocol,9606,"Bisulphite converted DNA was amplified, fragmented and hybridized to Illumina Infinium Human Methylation450 Beadchip using standard Illumina protocol",Using an Illumina HiScan,Genomic DNA extracted from blood had DNA methylation measured using the EPIC array (Illumina),Using an Illumina HiScan,GPL21145,"Eric,J,Chater-Diehl",ericdiehl11@gmail.com,,SickKids Research Institute,686 Bay St.,Toronto,ON,M5G 0A4,Canada,ftp://ftp.ncbi.nlm.nih.gov/geo/samples/GSM3572nnn/GSM3572701/suppl/GSM3572701_202702320243_R08C01_Grn.idat.gz,ftp://ftp.ncbi.nlm.nih.gov/geo/samples/GSM3572nnn/GSM3572701/suppl/GSM3572701_202702320243_R08C01_Red.idat.gz,866150,,,cpgcorpus,GSE125367,GPL21145,Control,,,control,control sample 22 blood sex: m,CpGCorpus,True,True,False,cpgcorpus,2026-02-18T12:09:48.594090,data/ajhg2020/GSE125367/GPL21145/betas/QCDPB.arrow,f9dbabd38cf8b3511f5bc0ba2e1178556542cd90bf29c66cdec2855e2562cf6d,44.0,865920.0,data/ajhg2020/GSE125367/GPL21145/metadata/metadata.arrow,308f438e4728d27e814faf3714a69cd44910491c4dceec9cfb30eff1f8167181,GSM3572701,Control sample 22,GSM3572701,Public on Jun 27 2019,Jan 18 2019,Jul 26 2019,genomic,1,Blood,Homo sapiens,Sex: M,age (years): 14,,,genomic DNA,"Genomic DNA was extracted from blood samples using DNEasy (Qiagen) chemistry and columns. No modification was made to the manufacturer's specifications. Prior to extraction, red cells were lysed by exposure of the sample to 2x Lysis Buffer for 5 minutes in ice. The remaining cells were pelletted by centrifugation at 2300 RPM at 4 degrees celsius.",Cy3 and Cy5,Standard Illumina Protocol,9606,"Bisulphite converted DNA was amplified, fragmented and hybridized to Illumina Infinium Human Methylation450 Beadchip using standard Illumina protocol",Using an Illumina HiScan,Genomic DNA extracted from blood had DNA methylation measured using the EPIC array (Illumina),Using an Illumina HiScan,GPL21145,"Eric,J,Chater-Diehl",ericdiehl11@gmail.com,,SickKids Research Institute,686 Bay St.,Toronto,ON,M5G 0A4,Canada,ftp://ftp.ncbi.nlm.nih.gov/geo/samples/GSM3572nnn/GSM3572701/suppl/GSM3572701_202702320243_R08C01_Grn.idat.gz,ftp://ftp.ncbi.nlm.nih.gov/geo/samples/GSM3572nnn/GSM3572701/suppl/GSM3572701_202702320243_R08C01_Red.idat.gz,866150,,,cpgcorpus,Rosanna Weksberg,14,M,,,,,,,,,,,Rosanna Weksberg,14,M,,,,,,,,,,,Rosanna Weksberg,14,M,,,,,,,,,,
GSE125367_GPL21145_sample_22,GSE125367,GPL21145,Control,,,control,control sample 23 blood sex: m,"CpGCorpus,existing",True,True,False,cpgcorpus,2026-02-18T12:09:48.594090,data/ajhg2020/GSE125367/GPL21145/betas/QCDPB.arrow,f9dbabd38cf8b3511f5bc0ba2e1178556542cd90bf29c66cdec2855e2562cf6d,44.0,865920.0,data/ajhg2020/GSE125367/GPL21145/metadata/metadata.arrow,308f438e4728d27e814faf3714a69cd44910491c4dceec9cfb30eff1f8167181,GSM3572702,Control sample 23,GSM3572702,Public on Jun 27 2019,Jan 18 2019,Jul 26 2019,genomic,1,Blood,Homo sapiens,Sex: M,age (years): 1,,,genomic DNA,"Genomic DNA was extracted from blood samples using DNEasy (Qiagen) chemistry and columns. No modification was made to the manufacturer's specifications. Prior to extraction, red cells were lysed by exposure of the sample to 2x Lysis Buffer for 5 minutes in ice. The remaining cells were pelletted by centrifugation at 2300 RPM at 4 degrees celsius.",Cy3 and Cy5,Standard Illumina Protocol,9606,"Bisulphite converted DNA was amplified, fragmented and hybridized to Illumina Infinium Human Methylation450 Beadchip using standard Illumina protocol",Using an Illumina HiScan,Genomic DNA extracted from blood had DNA methylation measured using the EPIC array (Illumina),Using an Illumina HiScan,GPL21145,"Eric,J,Chater-Diehl",ericdiehl11@gmail.com,,SickKids Research Institute,686 Bay St.,Toronto,ON,M5G 0A4,Canada,ftp://ftp.ncbi.nlm.nih.gov/geo/samples/GSM3572nnn/GSM3572702/suppl/GSM3572702_202702230137_R07C01_Grn.idat.gz,ftp://ftp.ncbi.nlm.nih.gov/geo/samples/GSM3572nnn/GSM3572702/suppl/GSM3572702_202702230137_R07C01_Red.idat.gz,866150,,,cpgcorpus,GSE125367,GPL21145,Control,,,control,control sample 23 blood sex: m,"CpGCorpus,existing",True,True,False,cpgcorpus,2026-02-18T12:09:48.594090,data/ajhg2020/GSE125367/GPL21145/betas/QCDPB.arrow,f9dbabd38cf8b3511f5bc0ba2e1178556542cd90bf29c66cdec2855e2562cf6d,44.0,865920.0,data/ajhg2020/GSE125367/GPL21145/metadata/metadata.arrow,308f438e4728d27e814faf3714a69cd44910491c4dceec9cfb30eff1f8167181,GSM3572702,Control sample 23,GSM3572702,Public on Jun 27 2019,Jan 18 2019,Jul 26 2019,genomic,1,Blood,Homo sapiens,Sex: M,age (years): 1,,,genomic DNA,"Genomic DNA was extracted from blood samples using DNEasy (Qiagen) chemistry and columns. No modification was made to the manufacturer's specifications. Prior to extraction, red cells were lysed by exposure of the sample to 2x Lysis Buffer for 5 minutes in ice. The remaining cells were pelletted by centrifugation at 2300 RPM at 4 degrees celsius.",Cy3 and Cy5,Standard Illumina Protocol,9606,"Bisulphite converted DNA was amplified, fragmented and hybridized to Illumina Infinium Human Methylation450 Beadchip using standard Illumina protocol",Using an Illumina HiScan,Genomic DNA extracted from blood had DNA methylation measured using the EPIC array (Illumina),Using an Illumina HiScan,GPL21145,"Eric,J,Chater-Diehl",ericdiehl11@gmail.com,,SickKids Research Institute,686 Bay St.,Toronto,ON,M5G 0A4,Canada,ftp://ftp.ncbi.nlm.nih.gov/geo/samples/GSM3572nnn/GSM3572702/suppl/GSM3572702_202702230137_R07C01_Grn.idat.gz,ftp://ftp.ncbi.nlm.nih.gov/geo/samples/GSM3572nnn/GSM3572702/suppl/GSM3572702_202702230137_R07C01_Red.idat.gz,866150,,,cpgcorpus,GSE125367,GPL21145,Control,,,control,control sample 23 blood sex: m,CpGCorpus,True,True,False,cpgcorpus,2026-02-18T12:09:48.594090,data/ajhg2020/GSE125367/GPL21145/betas/QCDPB.arrow,f9dbabd38cf8b3511f5bc0ba2e1178556542cd90bf29c66cdec2855e2562cf6d,44.0,865920.0,data/ajhg2020/GSE125367/GPL21145/metadata/metadata.arrow,308f438e4728d27e814faf3714a69cd44910491c4dceec9cfb30eff1f8167181,GSM3572702,Control sample 23,GSM3572702,Public on Jun 27 2019,Jan 18 2019,Jul 26 2019,genomic,1,Blood,Homo sapiens,Sex: M,age (years): 1,,,genomic DNA,"Genomic DNA was extracted from blood samples using DNEasy (Qiagen) chemistry and columns. No modification was made to the manufacturer's specifications. Prior to extraction, red cells were lysed by exposure of the sample to 2x Lysis Buffer for 5 minutes in ice. The remaining cells were pelletted by centrifugation at 2300 RPM at 4 degrees celsius.",Cy3 and Cy5,Standard Illumina Protocol,9606,"Bisulphite converted DNA was amplified, fragmented and hybridized to Illumina Infinium Human Methylation450 Beadchip using standard Illumina protocol",Using an Illumina HiScan,Genomic DNA extracted from blood had DNA methylation measured using the EPIC array (Illumina),Using an Illumina HiScan,GPL21145,"Eric,J,Chater-Diehl",ericdiehl11@gmail.com,,SickKids Research Institute,686 Bay St.,Toronto,ON,M5G 0A4,Canada,ftp://ftp.ncbi.nlm.nih.gov/geo/samples/GSM3572nnn/GSM3572702/suppl/GSM3572702_202702230137_R07C01_Grn.idat.gz,ftp://ftp.ncbi.nlm.nih.gov/geo/samples/GSM3572nnn/GSM3572702/suppl/GSM3572702_202702230137_R07C01_Red.idat.gz,866150,,,cpgcorpus,Rosanna Weksberg,1,M,,,,,,,,,,,Rosanna Weksberg,1,M,,,,,,,,,,,Rosanna Weksberg,1,M,,,,,,,,,,
GSE125367_GPL21145_sample_23,GSE125367,GPL21145,Control,,,control,control sample 24 blood sex: f,"CpGCorpus,existing",True,True,False,cpgcorpus,2026-02-18T12:09:48.594090,data/ajhg2020/GSE125367/GPL21145/betas/QCDPB.arrow,f9dbabd38cf8b3511f5bc0ba2e1178556542cd90bf29c66cdec2855e2562cf6d,44.0,865920.0,data/ajhg2020/GSE125367/GPL21145/metadata/metadata.arrow,308f438e4728d27e814faf3714a69cd44910491c4dceec9cfb30eff1f8167181,GSM3572703,Control sample 24,GSM3572703,Public on Jun 27 2019,Jan 18 2019,Jul 26 2019,genomic,1,Blood,Homo sapiens,Sex: F,age (years): 16,,,genomic DNA,"Genomic DNA was extracted from blood samples using DNEasy (Qiagen) chemistry and columns. No modification was made to the manufacturer's specifications. Prior to extraction, red cells were lysed by exposure of the sample to 2x Lysis Buffer for 5 minutes in ice. The remaining cells were pelletted by centrifugation at 2300 RPM at 4 degrees celsius.",Cy3 and Cy5,Standard Illumina Protocol,9606,"Bisulphite converted DNA was amplified, fragmented and hybridized to Illumina Infinium Human Methylation450 Beadchip using standard Illumina protocol",Using an Illumina HiScan,Genomic DNA extracted from blood had DNA methylation measured using the EPIC array (Illumina),Using an Illumina HiScan,GPL21145,"Eric,J,Chater-Diehl",ericdiehl11@gmail.com,,SickKids Research Institute,686 Bay St.,Toronto,ON,M5G 0A4,Canada,ftp://ftp.ncbi.nlm.nih.gov/geo/samples/GSM3572nnn/GSM3572703/suppl/GSM3572703_202702320156_R06C01_Grn.idat.gz,ftp://ftp.ncbi.nlm.nih.gov/geo/samples/GSM3572nnn/GSM3572703/suppl/GSM3572703_202702320156_R06C01_Red.idat.gz,866150,,,cpgcorpus,GSE125367,GPL21145,Control,,,control,control sample 24 blood sex: f,"CpGCorpus,existing",True,True,False,cpgcorpus,2026-02-18T12:09:48.594090,data/ajhg2020/GSE125367/GPL21145/betas/QCDPB.arrow,f9dbabd38cf8b3511f5bc0ba2e1178556542cd90bf29c66cdec2855e2562cf6d,44.0,865920.0,data/ajhg2020/GSE125367/GPL21145/metadata/metadata.arrow,308f438e4728d27e814faf3714a69cd44910491c4dceec9cfb30eff1f8167181,GSM3572703,Control sample 24,GSM3572703,Public on Jun 27 2019,Jan 18 2019,Jul 26 2019,genomic,1,Blood,Homo sapiens,Sex: F,age (years): 16,,,genomic DNA,"Genomic DNA was extracted from blood samples using DNEasy (Qiagen) chemistry and columns. No modification was made to the manufacturer's specifications. Prior to extraction, red cells were lysed by exposure of the sample to 2x Lysis Buffer for 5 minutes in ice. The remaining cells were pelletted by centrifugation at 2300 RPM at 4 degrees celsius.",Cy3 and Cy5,Standard Illumina Protocol,9606,"Bisulphite converted DNA was amplified, fragmented and hybridized to Illumina Infinium Human Methylation450 Beadchip using standard Illumina protocol",Using an Illumina HiScan,Genomic DNA extracted from blood had DNA methylation measured using the EPIC array (Illumina),Using an Illumina HiScan,GPL21145,"Eric,J,Chater-Diehl",ericdiehl11@gmail.com,,SickKids Research Institute,686 Bay St.,Toronto,ON,M5G 0A4,Canada,ftp://ftp.ncbi.nlm.nih.gov/geo/samples/GSM3572nnn/GSM3572703/suppl/GSM3572703_202702320156_R06C01_Grn.idat.gz,ftp://ftp.ncbi.nlm.nih.gov/geo/samples/GSM3572nnn/GSM3572703/suppl/GSM3572703_202702320156_R06C01_Red.idat.gz,866150,,,cpgcorpus,GSE125367,GPL21145,Control,,,control,control sample 24 blood sex: f,CpGCorpus,True,True,False,cpgcorpus,2026-02-18T12:09:48.594090,data/ajhg2020/GSE125367/GPL21145/betas/QCDPB.arrow,f9dbabd38cf8b3511f5bc0ba2e1178556542cd90bf29c66cdec2855e2562cf6d,44.0,865920.0,data/ajhg2020/GSE125367/GPL21145/metadata/metadata.arrow,308f438e4728d27e814faf3714a69cd44910491c4dceec9cfb30eff1f8167181,GSM3572703,Control sample 24,GSM3572703,Public on Jun 27 2019,Jan 18 2019,Jul 26 2019,genomic,1,Blood,Homo sapiens,Sex: F,age (years): 16,,,genomic DNA,"Genomic DNA was extracted from blood samples using DNEasy (Qiagen) chemistry and columns. No modification was made to the manufacturer's specifications. Prior to extraction, red cells were lysed by exposure of the sample to 2x Lysis Buffer for 5 minutes in ice. The remaining cells were pelletted by centrifugation at 2300 RPM at 4 degrees celsius.",Cy3 and Cy5,Standard Illumina Protocol,9606,"Bisulphite converted DNA was amplified, fragmented and hybridized to Illumina Infinium Human Methylation450 Beadchip using standard Illumina protocol",Using an Illumina HiScan,Genomic DNA extracted from blood had DNA methylation measured using the EPIC array (Illumina),Using an Illumina HiScan,GPL21145,"Eric,J,Chater-Diehl",ericdiehl11@gmail.com,,SickKids Research Institute,686 Bay St.,Toronto,ON,M5G 0A4,Canada,ftp://ftp.ncbi.nlm.nih.gov/geo/samples/GSM3572nnn/GSM3572703/suppl/GSM3572703_202702320156_R06C01_Grn.idat.gz,ftp://ftp.ncbi.nlm.nih.gov/geo/samples/GSM3572nnn/GSM3572703/suppl/GSM3572703_202702320156_R06C01_Red.idat.gz,866150,,,cpgcorpus,Rosanna Weksberg,16,F,,,,,,,,,,,Rosanna Weksberg,16,F,,,,,,,,,,,Rosanna Weksberg,16,F,,,,,,,,,,
GSE125367_GPL21145_sample_24,GSE125367,GPL21145,Control,,,control,control sample 25 blood sex: f,"CpGCorpus,existing",True,True,False,cpgcorpus,2026-02-18T12:09:48.594090,data/ajhg2020/GSE125367/GPL21145/betas/QCDPB.arrow,f9dbabd38cf8b3511f5bc0ba2e1178556542cd90bf29c66cdec2855e2562cf6d,44.0,865920.0,data/ajhg2020/GSE125367/GPL21145/metadata/metadata.arrow,308f438e4728d27e814faf3714a69cd44910491c4dceec9cfb30eff1f8167181,GSM3572704,Control sample 25,GSM3572704,Public on Jun 27 2019,Jan 18 2019,Jul 26 2019,genomic,1,Blood,Homo sapiens,Sex: F,age (years): 1,,,genomic DNA,"Genomic DNA was extracted from blood samples using DNEasy (Qiagen) chemistry and columns. No modification was made to the manufacturer's specifications. Prior to extraction, red cells were lysed by exposure of the sample to 2x Lysis Buffer for 5 minutes in ice. The remaining cells were pelletted by centrifugation at 2300 RPM at 4 degrees celsius.",Cy3 and Cy5,Standard Illumina Protocol,9606,"Bisulphite converted DNA was amplified, fragmented and hybridized to Illumina Infinium Human Methylation450 Beadchip using standard Illumina protocol",Using an Illumina HiScan,Genomic DNA extracted from blood had DNA methylation measured using the EPIC array (Illumina),Using an Illumina HiScan,GPL21145,"Eric,J,Chater-Diehl",ericdiehl11@gmail.com,,SickKids Research Institute,686 Bay St.,Toronto,ON,M5G 0A4,Canada,ftp://ftp.ncbi.nlm.nih.gov/geo/samples/GSM3572nnn/GSM3572704/suppl/GSM3572704_202702320153_R07C01_Grn.idat.gz,ftp://ftp.ncbi.nlm.nih.gov/geo/samples/GSM3572nnn/GSM3572704/suppl/GSM3572704_202702320153_R07C01_Red.idat.gz,866150,,,cpgcorpus,GSE125367,GPL21145,Control,,,control,control sample 25 blood sex: f,"CpGCorpus,existing",True,True,False,cpgcorpus,2026-02-18T12:09:48.594090,data/ajhg2020/GSE125367/GPL21145/betas/QCDPB.arrow,f9dbabd38cf8b3511f5bc0ba2e1178556542cd90bf29c66cdec2855e2562cf6d,44.0,865920.0,data/ajhg2020/GSE125367/GPL21145/metadata/metadata.arrow,308f438e4728d27e814faf3714a69cd44910491c4dceec9cfb30eff1f8167181,GSM3572704,Control sample 25,GSM3572704,Public on Jun 27 2019,Jan 18 2019,Jul 26 2019,genomic,1,Blood,Homo sapiens,Sex: F,age (years): 1,,,genomic DNA,"Genomic DNA was extracted from blood samples using DNEasy (Qiagen) chemistry and columns. No modification was made to the manufacturer's specifications. Prior to extraction, red cells were lysed by exposure of the sample to 2x Lysis Buffer for 5 minutes in ice. The remaining cells were pelletted by centrifugation at 2300 RPM at 4 degrees celsius.",Cy3 and Cy5,Standard Illumina Protocol,9606,"Bisulphite converted DNA was amplified, fragmented and hybridized to Illumina Infinium Human Methylation450 Beadchip using standard Illumina protocol",Using an Illumina HiScan,Genomic DNA extracted from blood had DNA methylation measured using the EPIC array (Illumina),Using an Illumina HiScan,GPL21145,"Eric,J,Chater-Diehl",ericdiehl11@gmail.com,,SickKids Research Institute,686 Bay St.,Toronto,ON,M5G 0A4,Canada,ftp://ftp.ncbi.nlm.nih.gov/geo/samples/GSM3572nnn/GSM3572704/suppl/GSM3572704_202702320153_R07C01_Grn.idat.gz,ftp://ftp.ncbi.nlm.nih.gov/geo/samples/GSM3572nnn/GSM3572704/suppl/GSM3572704_202702320153_R07C01_Red.idat.gz,866150,,,cpgcorpus,GSE125367,GPL21145,Control,,,control,control sample 25 blood sex: f,CpGCorpus,True,True,False,cpgcorpus,2026-02-18T12:09:48.594090,data/ajhg2020/GSE125367/GPL21145/betas/QCDPB.arrow,f9dbabd38cf8b3511f5bc0ba2e1178556542cd90bf29c66cdec2855e2562cf6d,44.0,865920.0,data/ajhg2020/GSE125367/GPL21145/metadata/metadata.arrow,308f438e4728d27e814faf3714a69cd44910491c4dceec9cfb30eff1f8167181,GSM3572704,Control sample 25,GSM3572704,Public on Jun 27 2019,Jan 18 2019,Jul 26 2019,genomic,1,Blood,Homo sapiens,Sex: F,age (years): 1,,,genomic DNA,"Genomic DNA was extracted from blood samples using DNEasy (Qiagen) chemistry and columns. No modification was made to the manufacturer's specifications. Prior to extraction, red cells were lysed by exposure of the sample to 2x Lysis Buffer for 5 minutes in ice. The remaining cells were pelletted by centrifugation at 2300 RPM at 4 degrees celsius.",Cy3 and Cy5,Standard Illumina Protocol,9606,"Bisulphite converted DNA was amplified, fragmented and hybridized to Illumina Infinium Human Methylation450 Beadchip using standard Illumina protocol",Using an Illumina HiScan,Genomic DNA extracted from blood had DNA methylation measured using the EPIC array (Illumina),Using an Illumina HiScan,GPL21145,"Eric,J,Chater-Diehl",ericdiehl11@gmail.com,,SickKids Research Institute,686 Bay St.,Toronto,ON,M5G 0A4,Canada,ftp://ftp.ncbi.nlm.nih.gov/geo/samples/GSM3572nnn/GSM3572704/suppl/GSM3572704_202702320153_R07C01_Grn.idat.gz,ftp://ftp.ncbi.nlm.nih.gov/geo/samples/GSM3572nnn/GSM3572704/suppl/GSM3572704_202702320153_R07C01_Red.idat.gz,866150,,,cpgcorpus,Rosanna Weksberg,1,F,,,,,,,,,,,Rosanna Weksberg,1,F,,,,,,,,,,,Rosanna Weksberg,1,F,,,,,,,,,,
GSE125367_GPL21145_sample_25,GSE125367,GPL21145,Control,,,control,control sample 26 blood sex: m,"CpGCorpus,existing",True,True,False,cpgcorpus,2026-02-18T12:09:48.594090,data/ajhg2020/GSE125367/GPL21145/betas/QCDPB.arrow,f9dbabd38cf8b3511f5bc0ba2e1178556542cd90bf29c66cdec2855e2562cf6d,44.0,865920.0,data/ajhg2020/GSE125367/GPL21145/metadata/metadata.arrow,308f438e4728d27e814faf3714a69cd44910491c4dceec9cfb30eff1f8167181,GSM3572705,Control sample 26,GSM3572705,Public on Jun 27 2019,Jan 18 2019,Jul 26 2019,genomic,1,Blood,Homo sapiens,Sex: M,age (years): 1,,,genomic DNA,"Genomic DNA was extracted from blood samples using DNEasy (Qiagen) chemistry and columns. No modification was made to the manufacturer's specifications. Prior to extraction, red cells were lysed by exposure of the sample to 2x Lysis Buffer for 5 minutes in ice. The remaining cells were pelletted by centrifugation at 2300 RPM at 4 degrees celsius.",Cy3 and Cy5,Standard Illumina Protocol,9606,"Bisulphite converted DNA was amplified, fragmented and hybridized to Illumina Infinium Human Methylation450 Beadchip using standard Illumina protocol",Using an Illumina HiScan,Genomic DNA extracted from blood had DNA methylation measured using the EPIC array (Illumina),Using an Illumina HiScan,GPL21145,"Eric,J,Chater-Diehl",ericdiehl11@gmail.com,,SickKids Research Institute,686 Bay St.,Toronto,ON,M5G 0A4,Canada,ftp://ftp.ncbi.nlm.nih.gov/geo/samples/GSM3572nnn/GSM3572705/suppl/GSM3572705_202702320156_R08C01_Grn.idat.gz,ftp://ftp.ncbi.nlm.nih.gov/geo/samples/GSM3572nnn/GSM3572705/suppl/GSM3572705_202702320156_R08C01_Red.idat.gz,866150,,,cpgcorpus,GSE125367,GPL21145,Control,,,control,control sample 26 blood sex: m,"CpGCorpus,existing",True,True,False,cpgcorpus,2026-02-18T12:09:48.594090,data/ajhg2020/GSE125367/GPL21145/betas/QCDPB.arrow,f9dbabd38cf8b3511f5bc0ba2e1178556542cd90bf29c66cdec2855e2562cf6d,44.0,865920.0,data/ajhg2020/GSE125367/GPL21145/metadata/metadata.arrow,308f438e4728d27e814faf3714a69cd44910491c4dceec9cfb30eff1f8167181,GSM3572705,Control sample 26,GSM3572705,Public on Jun 27 2019,Jan 18 2019,Jul 26 2019,genomic,1,Blood,Homo sapiens,Sex: M,age (years): 1,,,genomic DNA,"Genomic DNA was extracted from blood samples using DNEasy (Qiagen) chemistry and columns. No modification was made to the manufacturer's specifications. Prior to extraction, red cells were lysed by exposure of the sample to 2x Lysis Buffer for 5 minutes in ice. The remaining cells were pelletted by centrifugation at 2300 RPM at 4 degrees celsius.",Cy3 and Cy5,Standard Illumina Protocol,9606,"Bisulphite converted DNA was amplified, fragmented and hybridized to Illumina Infinium Human Methylation450 Beadchip using standard Illumina protocol",Using an Illumina HiScan,Genomic DNA extracted from blood had DNA methylation measured using the EPIC array (Illumina),Using an Illumina HiScan,GPL21145,"Eric,J,Chater-Diehl",ericdiehl11@gmail.com,,SickKids Research Institute,686 Bay St.,Toronto,ON,M5G 0A4,Canada,ftp://ftp.ncbi.nlm.nih.gov/geo/samples/GSM3572nnn/GSM3572705/suppl/GSM3572705_202702320156_R08C01_Grn.idat.gz,ftp://ftp.ncbi.nlm.nih.gov/geo/samples/GSM3572nnn/GSM3572705/suppl/GSM3572705_202702320156_R08C01_Red.idat.gz,866150,,,cpgcorpus,GSE125367,GPL21145,Control,,,control,control sample 26 blood sex: m,CpGCorpus,True,True,False,cpgcorpus,2026-02-18T12:09:48.594090,data/ajhg2020/GSE125367/GPL21145/betas/QCDPB.arrow,f9dbabd38cf8b3511f5bc0ba2e1178556542cd90bf29c66cdec2855e2562cf6d,44.0,865920.0,data/ajhg2020/GSE125367/GPL21145/metadata/metadata.arrow,308f438e4728d27e814faf3714a69cd44910491c4dceec9cfb30eff1f8167181,GSM3572705,Control sample 26,GSM3572705,Public on Jun 27 2019,Jan 18 2019,Jul 26 2019,genomic,1,Blood,Homo sapiens,Sex: M,age (years): 1,,,genomic DNA,"Genomic DNA was extracted from blood samples using DNEasy (Qiagen) chemistry and columns. No modification was made to the manufacturer's specifications. Prior to extraction, red cells were lysed by exposure of the sample to 2x Lysis Buffer for 5 minutes in ice. The remaining cells were pelletted by centrifugation at 2300 RPM at 4 degrees celsius.",Cy3 and Cy5,Standard Illumina Protocol,9606,"Bisulphite converted DNA was amplified, fragmented and hybridized to Illumina Infinium Human Methylation450 Beadchip using standard Illumina protocol",Using an Illumina HiScan,Genomic DNA extracted from blood had DNA methylation measured using the EPIC array (Illumina),Using an Illumina HiScan,GPL21145,"Eric,J,Chater-Diehl",ericdiehl11@gmail.com,,SickKids Research Institute,686 Bay St.,Toronto,ON,M5G 0A4,Canada,ftp://ftp.ncbi.nlm.nih.gov/geo/samples/GSM3572nnn/GSM3572705/suppl/GSM3572705_202702320156_R08C01_Grn.idat.gz,ftp://ftp.ncbi.nlm.nih.gov/geo/samples/GSM3572nnn/GSM3572705/suppl/GSM3572705_202702320156_R08C01_Red.idat.gz,866150,,,cpgcorpus,Rosanna Weksberg,1,M,,,,,,,,,,,Rosanna Weksberg,1,M,,,,,,,,,,,Rosanna Weksberg,1,M,,,,,,,,,,
GSE125367_GPL21145_sample_26,GSE125367,GPL21145,Control,,,control,control sample 27 blood sex: f,"CpGCorpus,existing",True,True,False,cpgcorpus,2026-02-18T12:09:48.594090,data/ajhg2020/GSE125367/GPL21145/betas/QCDPB.arrow,f9dbabd38cf8b3511f5bc0ba2e1178556542cd90bf29c66cdec2855e2562cf6d,44.0,865920.0,data/ajhg2020/GSE125367/GPL21145/metadata/metadata.arrow,308f438e4728d27e814faf3714a69cd44910491c4dceec9cfb30eff1f8167181,GSM3572706,Control sample 27,GSM3572706,Public on Jun 27 2019,Jan 18 2019,Jul 26 2019,genomic,1,Blood,Homo sapiens,Sex: F,age (years): 1,,,genomic DNA,"Genomic DNA was extracted from blood samples using DNEasy (Qiagen) chemistry and columns. No modification was made to the manufacturer's specifications. Prior to extraction, red cells were lysed by exposure of the sample to 2x Lysis Buffer for 5 minutes in ice. The remaining cells were pelletted by centrifugation at 2300 RPM at 4 degrees celsius.",Cy3 and Cy5,Standard Illumina Protocol,9606,"Bisulphite converted DNA was amplified, fragmented and hybridized to Illumina Infinium Human Methylation450 Beadchip using standard Illumina protocol",Using an Illumina HiScan,Genomic DNA extracted from blood had DNA methylation measured using the EPIC array (Illumina),Using an Illumina HiScan,GPL21145,"Eric,J,Chater-Diehl",ericdiehl11@gmail.com,,SickKids Research Institute,686 Bay St.,Toronto,ON,M5G 0A4,Canada,ftp://ftp.ncbi.nlm.nih.gov/geo/samples/GSM3572nnn/GSM3572706/suppl/GSM3572706_202702240044_R06C01_Grn.idat.gz,ftp://ftp.ncbi.nlm.nih.gov/geo/samples/GSM3572nnn/GSM3572706/suppl/GSM3572706_202702240044_R06C01_Red.idat.gz,866150,,,cpgcorpus,GSE125367,GPL21145,Control,,,control,control sample 27 blood sex: f,"CpGCorpus,existing",True,True,False,cpgcorpus,2026-02-18T12:09:48.594090,data/ajhg2020/GSE125367/GPL21145/betas/QCDPB.arrow,f9dbabd38cf8b3511f5bc0ba2e1178556542cd90bf29c66cdec2855e2562cf6d,44.0,865920.0,data/ajhg2020/GSE125367/GPL21145/metadata/metadata.arrow,308f438e4728d27e814faf3714a69cd44910491c4dceec9cfb30eff1f8167181,GSM3572706,Control sample 27,GSM3572706,Public on Jun 27 2019,Jan 18 2019,Jul 26 2019,genomic,1,Blood,Homo sapiens,Sex: F,age (years): 1,,,genomic DNA,"Genomic DNA was extracted from blood samples using DNEasy (Qiagen) chemistry and columns. No modification was made to the manufacturer's specifications. Prior to extraction, red cells were lysed by exposure of the sample to 2x Lysis Buffer for 5 minutes in ice. The remaining cells were pelletted by centrifugation at 2300 RPM at 4 degrees celsius.",Cy3 and Cy5,Standard Illumina Protocol,9606,"Bisulphite converted DNA was amplified, fragmented and hybridized to Illumina Infinium Human Methylation450 Beadchip using standard Illumina protocol",Using an Illumina HiScan,Genomic DNA extracted from blood had DNA methylation measured using the EPIC array (Illumina),Using an Illumina HiScan,GPL21145,"Eric,J,Chater-Diehl",ericdiehl11@gmail.com,,SickKids Research Institute,686 Bay St.,Toronto,ON,M5G 0A4,Canada,ftp://ftp.ncbi.nlm.nih.gov/geo/samples/GSM3572nnn/GSM3572706/suppl/GSM3572706_202702240044_R06C01_Grn.idat.gz,ftp://ftp.ncbi.nlm.nih.gov/geo/samples/GSM3572nnn/GSM3572706/suppl/GSM3572706_202702240044_R06C01_Red.idat.gz,866150,,,cpgcorpus,GSE125367,GPL21145,Control,,,control,control sample 27 blood sex: f,CpGCorpus,True,True,False,cpgcorpus,2026-02-18T12:09:48.594090,data/ajhg2020/GSE125367/GPL21145/betas/QCDPB.arrow,f9dbabd38cf8b3511f5bc0ba2e1178556542cd90bf29c66cdec2855e2562cf6d,44.0,865920.0,data/ajhg2020/GSE125367/GPL21145/metadata/metadata.arrow,308f438e4728d27e814faf3714a69cd44910491c4dceec9cfb30eff1f8167181,GSM3572706,Control sample 27,GSM3572706,Public on Jun 27 2019,Jan 18 2019,Jul 26 2019,genomic,1,Blood,Homo sapiens,Sex: F,age (years): 1,,,genomic DNA,"Genomic DNA was extracted from blood samples using DNEasy (Qiagen) chemistry and columns. No modification was made to the manufacturer's specifications. Prior to extraction, red cells were lysed by exposure of the sample to 2x Lysis Buffer for 5 minutes in ice. The remaining cells were pelletted by centrifugation at 2300 RPM at 4 degrees celsius.",Cy3 and Cy5,Standard Illumina Protocol,9606,"Bisulphite converted DNA was amplified, fragmented and hybridized to Illumina Infinium Human Methylation450 Beadchip using standard Illumina protocol",Using an Illumina HiScan,Genomic DNA extracted from blood had DNA methylation measured using the EPIC array (Illumina),Using an Illumina HiScan,GPL21145,"Eric,J,Chater-Diehl",ericdiehl11@gmail.com,,SickKids Research Institute,686 Bay St.,Toronto,ON,M5G 0A4,Canada,ftp://ftp.ncbi.nlm.nih.gov/geo/samples/GSM3572nnn/GSM3572706/suppl/GSM3572706_202702240044_R06C01_Grn.idat.gz,ftp://ftp.ncbi.nlm.nih.gov/geo/samples/GSM3572nnn/GSM3572706/suppl/GSM3572706_202702240044_R06C01_Red.idat.gz,866150,,,cpgcorpus,Rosanna Weksberg,1,F,,,,,,,,,,,Rosanna Weksberg,1,F,,,,,,,,,,,Rosanna Weksberg,1,F,,,,,,,,,,
GSE125367_GPL21145_sample_27,GSE125367,GPL21145,BAFopathy,BAFopathy,"ARID1A,ARID1B,SMARCB1,SMARCA4,SMARCA2",case,ncbrs case 1 blood sex: m,"CpGCorpus,existing",True,True,False,cpgcorpus,2026-02-18T12:09:48.594090,data/ajhg2020/GSE125367/GPL21145/betas/QCDPB.arrow,f9dbabd38cf8b3511f5bc0ba2e1178556542cd90bf29c66cdec2855e2562cf6d,44.0,865920.0,data/ajhg2020/GSE125367/GPL21145/metadata/metadata.arrow,308f438e4728d27e814faf3714a69cd44910491c4dceec9cfb30eff1f8167181,GSM3572707,NCBRS case 1,GSM3572707,Public on Jun 27 2019,Jan 18 2019,Jul 26 2019,genomic,1,Blood,Homo sapiens,Sex: M,age (years): 15,,,genomic DNA,"Genomic DNA was extracted from blood samples using DNEasy (Qiagen) chemistry and columns. No modification was made to the manufacturer's specifications. Prior to extraction, red cells were lysed by exposure of the sample to 2x Lysis Buffer for 5 minutes in ice. The remaining cells were pelletted by centrifugation at 2300 RPM at 4 degrees celsius.",Cy3 and Cy5,Standard Illumina Protocol,9606,"Bisulphite converted DNA was amplified, fragmented and hybridized to Illumina Infinium Human Methylation450 Beadchip using standard Illumina protocol",Using an Illumina HiScan,Genomic DNA extracted from blood had DNA methylation measured using the EPIC array (Illumina),Using an Illumina HiScan,GPL21145,"Eric,J,Chater-Diehl",ericdiehl11@gmail.com,,SickKids Research Institute,686 Bay St.,Toronto,ON,M5G 0A4,Canada,ftp://ftp.ncbi.nlm.nih.gov/geo/samples/GSM3572nnn/GSM3572707/suppl/GSM3572707_202702240186_R06C01_Grn.idat.gz,ftp://ftp.ncbi.nlm.nih.gov/geo/samples/GSM3572nnn/GSM3572707/suppl/GSM3572707_202702240186_R06C01_Red.idat.gz,866150,,,cpgcorpus,GSE125367,GPL21145,BAFopathy,BAFopathy,"ARID1A,ARID1B,SMARCB1,SMARCA4,SMARCA2",case,ncbrs case 1 blood sex: m,"CpGCorpus,existing",True,True,False,cpgcorpus,2026-02-18T12:09:48.594090,data/ajhg2020/GSE125367/GPL21145/betas/QCDPB.arrow,f9dbabd38cf8b3511f5bc0ba2e1178556542cd90bf29c66cdec2855e2562cf6d,44.0,865920.0,data/ajhg2020/GSE125367/GPL21145/metadata/metadata.arrow,308f438e4728d27e814faf3714a69cd44910491c4dceec9cfb30eff1f8167181,GSM3572707,NCBRS case 1,GSM3572707,Public on Jun 27 2019,Jan 18 2019,Jul 26 2019,genomic,1,Blood,Homo sapiens,Sex: M,age (years): 15,,,genomic DNA,"Genomic DNA was extracted from blood samples using DNEasy (Qiagen) chemistry and columns. No modification was made to the manufacturer's specifications. Prior to extraction, red cells were lysed by exposure of the sample to 2x Lysis Buffer for 5 minutes in ice. The remaining cells were pelletted by centrifugation at 2300 RPM at 4 degrees celsius.",Cy3 and Cy5,Standard Illumina Protocol,9606,"Bisulphite converted DNA was amplified, fragmented and hybridized to Illumina Infinium Human Methylation450 Beadchip using standard Illumina protocol",Using an Illumina HiScan,Genomic DNA extracted from blood had DNA methylation measured using the EPIC array (Illumina),Using an Illumina HiScan,GPL21145,"Eric,J,Chater-Diehl",ericdiehl11@gmail.com,,SickKids Research Institute,686 Bay St.,Toronto,ON,M5G 0A4,Canada,ftp://ftp.ncbi.nlm.nih.gov/geo/samples/GSM3572nnn/GSM3572707/suppl/GSM3572707_202702240186_R06C01_Grn.idat.gz,ftp://ftp.ncbi.nlm.nih.gov/geo/samples/GSM3572nnn/GSM3572707/suppl/GSM3572707_202702240186_R06C01_Red.idat.gz,866150,,,cpgcorpus,GSE125367,GPL21145,BAFopathy,BAFopathy,"ARID1A,ARID1B,SMARCB1,SMARCA4,SMARCA2",case,ncbrs case 1 blood sex: m,CpGCorpus,True,True,False,cpgcorpus,2026-02-18T12:09:48.594090,data/ajhg2020/GSE125367/GPL21145/betas/QCDPB.arrow,f9dbabd38cf8b3511f5bc0ba2e1178556542cd90bf29c66cdec2855e2562cf6d,44.0,865920.0,data/ajhg2020/GSE125367/GPL21145/metadata/metadata.arrow,308f438e4728d27e814faf3714a69cd44910491c4dceec9cfb30eff1f8167181,GSM3572707,NCBRS case 1,GSM3572707,Public on Jun 27 2019,Jan 18 2019,Jul 26 2019,genomic,1,Blood,Homo sapiens,Sex: M,age (years): 15,,,genomic DNA,"Genomic DNA was extracted from blood samples using DNEasy (Qiagen) chemistry and columns. No modification was made to the manufacturer's specifications. Prior to extraction, red cells were lysed by exposure of the sample to 2x Lysis Buffer for 5 minutes in ice. The remaining cells were pelletted by centrifugation at 2300 RPM at 4 degrees celsius.",Cy3 and Cy5,Standard Illumina Protocol,9606,"Bisulphite converted DNA was amplified, fragmented and hybridized to Illumina Infinium Human Methylation450 Beadchip using standard Illumina protocol",Using an Illumina HiScan,Genomic DNA extracted from blood had DNA methylation measured using the EPIC array (Illumina),Using an Illumina HiScan,GPL21145,"Eric,J,Chater-Diehl",ericdiehl11@gmail.com,,SickKids Research Institute,686 Bay St.,Toronto,ON,M5G 0A4,Canada,ftp://ftp.ncbi.nlm.nih.gov/geo/samples/GSM3572nnn/GSM3572707/suppl/GSM3572707_202702240186_R06C01_Grn.idat.gz,ftp://ftp.ncbi.nlm.nih.gov/geo/samples/GSM3572nnn/GSM3572707/suppl/GSM3572707_202702240186_R06C01_Red.idat.gz,866150,,,cpgcorpus,Rosanna Weksberg,15,M,,,BAFopathy,"ARID1A,ARID1B,SMARCB1,SMARCA4,SMARCA2",614607; 135900; 614609; 614608; 601358,50.0,19.0,yes,NCBRS,SMARCA2,Rosanna Weksberg,15,M,,,BAFopathy,"ARID1A,ARID1B,SMARCB1,SMARCA4,SMARCA2",614607; 135900; 614609; 614608; 601358,50.0,19.0,yes,NCBRS,SMARCA2,Rosanna Weksberg,15,M,,,BAFopathy,"ARID1A,ARID1B,SMARCB1,SMARCA4,SMARCA2",614607; 135900; 614609; 614608; 601358,50.0,19.0,yes,NCBRS,SMARCA2
GSE125367_GPL21145_sample_28,GSE125367,GPL21145,BAFopathy,BAFopathy,"ARID1A,ARID1B,SMARCB1,SMARCA4,SMARCA2",case,ncbrs case 2 blood sex: f,"CpGCorpus,existing",True,True,False,cpgcorpus,2026-02-18T12:09:48.594090,data/ajhg2020/GSE125367/GPL21145/betas/QCDPB.arrow,f9dbabd38cf8b3511f5bc0ba2e1178556542cd90bf29c66cdec2855e2562cf6d,44.0,865920.0,data/ajhg2020/GSE125367/GPL21145/metadata/metadata.arrow,308f438e4728d27e814faf3714a69cd44910491c4dceec9cfb30eff1f8167181,GSM3572708,NCBRS case 2,GSM3572708,Public on Jun 27 2019,Jan 18 2019,Jul 26 2019,genomic,1,Blood,Homo sapiens,Sex: F,age (years): 14,,,genomic DNA,"Genomic DNA was extracted from blood samples using DNEasy (Qiagen) chemistry and columns. No modification was made to the manufacturer's specifications. Prior to extraction, red cells were lysed by exposure of the sample to 2x Lysis Buffer for 5 minutes in ice. The remaining cells were pelletted by centrifugation at 2300 RPM at 4 degrees celsius.",Cy3 and Cy5,Standard Illumina Protocol,9606,"Bisulphite converted DNA was amplified, fragmented and hybridized to Illumina Infinium Human Methylation450 Beadchip using standard Illumina protocol",Using an Illumina HiScan,Genomic DNA extracted from blood had DNA methylation measured using the EPIC array (Illumina),Using an Illumina HiScan,GPL21145,"Eric,J,Chater-Diehl",ericdiehl11@gmail.com,,SickKids Research Institute,686 Bay St.,Toronto,ON,M5G 0A4,Canada,ftp://ftp.ncbi.nlm.nih.gov/geo/samples/GSM3572nnn/GSM3572708/suppl/GSM3572708_202702240017_R06C01_Grn.idat.gz,ftp://ftp.ncbi.nlm.nih.gov/geo/samples/GSM3572nnn/GSM3572708/suppl/GSM3572708_202702240017_R06C01_Red.idat.gz,866150,,,cpgcorpus,GSE125367,GPL21145,BAFopathy,BAFopathy,"ARID1A,ARID1B,SMARCB1,SMARCA4,SMARCA2",case,ncbrs case 2 blood sex: f,"CpGCorpus,existing",True,True,False,cpgcorpus,2026-02-18T12:09:48.594090,data/ajhg2020/GSE125367/GPL21145/betas/QCDPB.arrow,f9dbabd38cf8b3511f5bc0ba2e1178556542cd90bf29c66cdec2855e2562cf6d,44.0,865920.0,data/ajhg2020/GSE125367/GPL21145/metadata/metadata.arrow,308f438e4728d27e814faf3714a69cd44910491c4dceec9cfb30eff1f8167181,GSM3572708,NCBRS case 2,GSM3572708,Public on Jun 27 2019,Jan 18 2019,Jul 26 2019,genomic,1,Blood,Homo sapiens,Sex: F,age (years): 14,,,genomic DNA,"Genomic DNA was extracted from blood samples using DNEasy (Qiagen) chemistry and columns. No modification was made to the manufacturer's specifications. Prior to extraction, red cells were lysed by exposure of the sample to 2x Lysis Buffer for 5 minutes in ice. The remaining cells were pelletted by centrifugation at 2300 RPM at 4 degrees celsius.",Cy3 and Cy5,Standard Illumina Protocol,9606,"Bisulphite converted DNA was amplified, fragmented and hybridized to Illumina Infinium Human Methylation450 Beadchip using standard Illumina protocol",Using an Illumina HiScan,Genomic DNA extracted from blood had DNA methylation measured using the EPIC array (Illumina),Using an Illumina HiScan,GPL21145,"Eric,J,Chater-Diehl",ericdiehl11@gmail.com,,SickKids Research Institute,686 Bay St.,Toronto,ON,M5G 0A4,Canada,ftp://ftp.ncbi.nlm.nih.gov/geo/samples/GSM3572nnn/GSM3572708/suppl/GSM3572708_202702240017_R06C01_Grn.idat.gz,ftp://ftp.ncbi.nlm.nih.gov/geo/samples/GSM3572nnn/GSM3572708/suppl/GSM3572708_202702240017_R06C01_Red.idat.gz,866150,,,cpgcorpus,GSE125367,GPL21145,BAFopathy,BAFopathy,"ARID1A,ARID1B,SMARCB1,SMARCA4,SMARCA2",case,ncbrs case 2 blood sex: f,CpGCorpus,True,True,False,cpgcorpus,2026-02-18T12:09:48.594090,data/ajhg2020/GSE125367/GPL21145/betas/QCDPB.arrow,f9dbabd38cf8b3511f5bc0ba2e1178556542cd90bf29c66cdec2855e2562cf6d,44.0,865920.0,data/ajhg2020/GSE125367/GPL21145/metadata/metadata.arrow,308f438e4728d27e814faf3714a69cd44910491c4dceec9cfb30eff1f8167181,GSM3572708,NCBRS case 2,GSM3572708,Public on Jun 27 2019,Jan 18 2019,Jul 26 2019,genomic,1,Blood,Homo sapiens,Sex: F,age (years): 14,,,genomic DNA,"Genomic DNA was extracted from blood samples using DNEasy (Qiagen) chemistry and columns. No modification was made to the manufacturer's specifications. Prior to extraction, red cells were lysed by exposure of the sample to 2x Lysis Buffer for 5 minutes in ice. The remaining cells were pelletted by centrifugation at 2300 RPM at 4 degrees celsius.",Cy3 and Cy5,Standard Illumina Protocol,9606,"Bisulphite converted DNA was amplified, fragmented and hybridized to Illumina Infinium Human Methylation450 Beadchip using standard Illumina protocol",Using an Illumina HiScan,Genomic DNA extracted from blood had DNA methylation measured using the EPIC array (Illumina),Using an Illumina HiScan,GPL21145,"Eric,J,Chater-Diehl",ericdiehl11@gmail.com,,SickKids Research Institute,686 Bay St.,Toronto,ON,M5G 0A4,Canada,ftp://ftp.ncbi.nlm.nih.gov/geo/samples/GSM3572nnn/GSM3572708/suppl/GSM3572708_202702240017_R06C01_Grn.idat.gz,ftp://ftp.ncbi.nlm.nih.gov/geo/samples/GSM3572nnn/GSM3572708/suppl/GSM3572708_202702240017_R06C01_Red.idat.gz,866150,,,cpgcorpus,Rosanna Weksberg,14,F,,,BAFopathy,"ARID1A,ARID1B,SMARCB1,SMARCA4,SMARCA2",614607; 135900; 614609; 614608; 601358,50.0,19.0,yes,NCBRS,SMARCA2,Rosanna Weksberg,14,F,,,BAFopathy,"ARID1A,ARID1B,SMARCB1,SMARCA4,SMARCA2",614607; 135900; 614609; 614608; 601358,50.0,19.0,yes,NCBRS,SMARCA2,Rosanna Weksberg,14,F,,,BAFopathy,"ARID1A,ARID1B,SMARCB1,SMARCA4,SMARCA2",614607; 135900; 614609; 614608; 601358,50.0,19.0,yes,NCBRS,SMARCA2
GSE125367_GPL21145_sample_29,GSE125367,GPL21145,BAFopathy,BAFopathy,"ARID1A,ARID1B,SMARCB1,SMARCA4,SMARCA2",case,smarca2 test variant 1 blood sex: f,"CpGCorpus,existing",True,True,False,cpgcorpus,2026-02-18T12:09:48.594090,data/ajhg2020/GSE125367/GPL21145/betas/QCDPB.arrow,f9dbabd38cf8b3511f5bc0ba2e1178556542cd90bf29c66cdec2855e2562cf6d,44.0,865920.0,data/ajhg2020/GSE125367/GPL21145/metadata/metadata.arrow,308f438e4728d27e814faf3714a69cd44910491c4dceec9cfb30eff1f8167181,GSM3572709,SMARCA2 test variant 1,GSM3572709,Public on Jun 27 2019,Jan 18 2019,Jul 26 2019,genomic,1,Blood,Homo sapiens,Sex: F,age (years): 1.08,,,genomic DNA,"Genomic DNA was extracted from blood samples using DNEasy (Qiagen) chemistry and columns. No modification was made to the manufacturer's specifications. Prior to extraction, red cells were lysed by exposure of the sample to 2x Lysis Buffer for 5 minutes in ice. The remaining cells were pelletted by centrifugation at 2300 RPM at 4 degrees celsius.",Cy3 and Cy5,Standard Illumina Protocol,9606,"Bisulphite converted DNA was amplified, fragmented and hybridized to Illumina Infinium Human Methylation450 Beadchip using standard Illumina protocol",Using an Illumina HiScan,Genomic DNA extracted from blood had DNA methylation measured using the EPIC array (Illumina),Using an Illumina HiScan,GPL21145,"Eric,J,Chater-Diehl",ericdiehl11@gmail.com,,SickKids Research Institute,686 Bay St.,Toronto,ON,M5G 0A4,Canada,ftp://ftp.ncbi.nlm.nih.gov/geo/samples/GSM3572nnn/GSM3572709/suppl/GSM3572709_202702320153_R05C01_Grn.idat.gz,ftp://ftp.ncbi.nlm.nih.gov/geo/samples/GSM3572nnn/GSM3572709/suppl/GSM3572709_202702320153_R05C01_Red.idat.gz,866150,,,cpgcorpus,GSE125367,GPL21145,BAFopathy,BAFopathy,"ARID1A,ARID1B,SMARCB1,SMARCA4,SMARCA2",case,smarca2 test variant 1 blood sex: f,"CpGCorpus,existing",True,True,False,cpgcorpus,2026-02-18T12:09:48.594090,data/ajhg2020/GSE125367/GPL21145/betas/QCDPB.arrow,f9dbabd38cf8b3511f5bc0ba2e1178556542cd90bf29c66cdec2855e2562cf6d,44.0,865920.0,data/ajhg2020/GSE125367/GPL21145/metadata/metadata.arrow,308f438e4728d27e814faf3714a69cd44910491c4dceec9cfb30eff1f8167181,GSM3572709,SMARCA2 test variant 1,GSM3572709,Public on Jun 27 2019,Jan 18 2019,Jul 26 2019,genomic,1,Blood,Homo sapiens,Sex: F,age (years): 1.08,,,genomic DNA,"Genomic DNA was extracted from blood samples using DNEasy (Qiagen) chemistry and columns. No modification was made to the manufacturer's specifications. Prior to extraction, red cells were lysed by exposure of the sample to 2x Lysis Buffer for 5 minutes in ice. The remaining cells were pelletted by centrifugation at 2300 RPM at 4 degrees celsius.",Cy3 and Cy5,Standard Illumina Protocol,9606,"Bisulphite converted DNA was amplified, fragmented and hybridized to Illumina Infinium Human Methylation450 Beadchip using standard Illumina protocol",Using an Illumina HiScan,Genomic DNA extracted from blood had DNA methylation measured using the EPIC array (Illumina),Using an Illumina HiScan,GPL21145,"Eric,J,Chater-Diehl",ericdiehl11@gmail.com,,SickKids Research Institute,686 Bay St.,Toronto,ON,M5G 0A4,Canada,ftp://ftp.ncbi.nlm.nih.gov/geo/samples/GSM3572nnn/GSM3572709/suppl/GSM3572709_202702320153_R05C01_Grn.idat.gz,ftp://ftp.ncbi.nlm.nih.gov/geo/samples/GSM3572nnn/GSM3572709/suppl/GSM3572709_202702320153_R05C01_Red.idat.gz,866150,,,cpgcorpus,GSE125367,GPL21145,BAFopathy,BAFopathy,"ARID1A,ARID1B,SMARCB1,SMARCA4,SMARCA2",case,smarca2 test variant 1 blood sex: f,CpGCorpus,True,True,False,cpgcorpus,2026-02-18T12:09:48.594090,data/ajhg2020/GSE125367/GPL21145/betas/QCDPB.arrow,f9dbabd38cf8b3511f5bc0ba2e1178556542cd90bf29c66cdec2855e2562cf6d,44.0,865920.0,data/ajhg2020/GSE125367/GPL21145/metadata/metadata.arrow,308f438e4728d27e814faf3714a69cd44910491c4dceec9cfb30eff1f8167181,GSM3572709,SMARCA2 test variant 1,GSM3572709,Public on Jun 27 2019,Jan 18 2019,Jul 26 2019,genomic,1,Blood,Homo sapiens,Sex: F,age (years): 1.08,,,genomic DNA,"Genomic DNA was extracted from blood samples using DNEasy (Qiagen) chemistry and columns. No modification was made to the manufacturer's specifications. Prior to extraction, red cells were lysed by exposure of the sample to 2x Lysis Buffer for 5 minutes in ice. The remaining cells were pelletted by centrifugation at 2300 RPM at 4 degrees celsius.",Cy3 and Cy5,Standard Illumina Protocol,9606,"Bisulphite converted DNA was amplified, fragmented and hybridized to Illumina Infinium Human Methylation450 Beadchip using standard Illumina protocol",Using an Illumina HiScan,Genomic DNA extracted from blood had DNA methylation measured using the EPIC array (Illumina),Using an Illumina HiScan,GPL21145,"Eric,J,Chater-Diehl",ericdiehl11@gmail.com,,SickKids Research Institute,686 Bay St.,Toronto,ON,M5G 0A4,Canada,ftp://ftp.ncbi.nlm.nih.gov/geo/samples/GSM3572nnn/GSM3572709/suppl/GSM3572709_202702320153_R05C01_Grn.idat.gz,ftp://ftp.ncbi.nlm.nih.gov/geo/samples/GSM3572nnn/GSM3572709/suppl/GSM3572709_202702320153_R05C01_Red.idat.gz,866150,,,cpgcorpus,Rosanna Weksberg,1.08,F,,,BAFopathy,"ARID1A,ARID1B,SMARCB1,SMARCA4,SMARCA2",614607; 135900; 614609; 614608; 601358,50.0,19.0,yes,,,Rosanna Weksberg,1.08,F,,,BAFopathy,"ARID1A,ARID1B,SMARCB1,SMARCA4,SMARCA2",614607; 135900; 614609; 614608; 601358,50.0,19.0,yes,,,Rosanna Weksberg,1.08,F,,,BAFopathy,"ARID1A,ARID1B,SMARCB1,SMARCA4,SMARCA2",614607; 135900; 614609; 614608; 601358,50.0,19.0,yes,,
GSE125367_GPL21145_sample_30,GSE125367,GPL21145,BAFopathy,BAFopathy,"ARID1A,ARID1B,SMARCB1,SMARCA4,SMARCA2",case,ncbrs case 3 blood sex: m,"CpGCorpus,existing",True,True,False,cpgcorpus,2026-02-18T12:09:48.594090,data/ajhg2020/GSE125367/GPL21145/betas/QCDPB.arrow,f9dbabd38cf8b3511f5bc0ba2e1178556542cd90bf29c66cdec2855e2562cf6d,44.0,865920.0,data/ajhg2020/GSE125367/GPL21145/metadata/metadata.arrow,308f438e4728d27e814faf3714a69cd44910491c4dceec9cfb30eff1f8167181,GSM3572710,NCBRS case 3,GSM3572710,Public on Jun 27 2019,Jan 18 2019,Jul 26 2019,genomic,1,Blood,Homo sapiens,Sex: M,age (years): 4,,,genomic DNA,"Genomic DNA was extracted from blood samples using DNEasy (Qiagen) chemistry and columns. No modification was made to the manufacturer's specifications. Prior to extraction, red cells were lysed by exposure of the sample to 2x Lysis Buffer for 5 minutes in ice. The remaining cells were pelletted by centrifugation at 2300 RPM at 4 degrees celsius.",Cy3 and Cy5,Standard Illumina Protocol,9606,"Bisulphite converted DNA was amplified, fragmented and hybridized to Illumina Infinium Human Methylation450 Beadchip using standard Illumina protocol",Using an Illumina HiScan,Genomic DNA extracted from blood had DNA methylation measured using the EPIC array (Illumina),Using an Illumina HiScan,GPL21145,"Eric,J,Chater-Diehl",ericdiehl11@gmail.com,,SickKids Research Institute,686 Bay St.,Toronto,ON,M5G 0A4,Canada,ftp://ftp.ncbi.nlm.nih.gov/geo/samples/GSM3572nnn/GSM3572710/suppl/GSM3572710_202711530012_R05C01_Grn.idat.gz,ftp://ftp.ncbi.nlm.nih.gov/geo/samples/GSM3572nnn/GSM3572710/suppl/GSM3572710_202711530012_R05C01_Red.idat.gz,866150,,,cpgcorpus,GSE125367,GPL21145,BAFopathy,BAFopathy,"ARID1A,ARID1B,SMARCB1,SMARCA4,SMARCA2",case,ncbrs case 3 blood sex: m,"CpGCorpus,existing",True,True,False,cpgcorpus,2026-02-18T12:09:48.594090,data/ajhg2020/GSE125367/GPL21145/betas/QCDPB.arrow,f9dbabd38cf8b3511f5bc0ba2e1178556542cd90bf29c66cdec2855e2562cf6d,44.0,865920.0,data/ajhg2020/GSE125367/GPL21145/metadata/metadata.arrow,308f438e4728d27e814faf3714a69cd44910491c4dceec9cfb30eff1f8167181,GSM3572710,NCBRS case 3,GSM3572710,Public on Jun 27 2019,Jan 18 2019,Jul 26 2019,genomic,1,Blood,Homo sapiens,Sex: M,age (years): 4,,,genomic DNA,"Genomic DNA was extracted from blood samples using DNEasy (Qiagen) chemistry and columns. No modification was made to the manufacturer's specifications. Prior to extraction, red cells were lysed by exposure of the sample to 2x Lysis Buffer for 5 minutes in ice. The remaining cells were pelletted by centrifugation at 2300 RPM at 4 degrees celsius.",Cy3 and Cy5,Standard Illumina Protocol,9606,"Bisulphite converted DNA was amplified, fragmented and hybridized to Illumina Infinium Human Methylation450 Beadchip using standard Illumina protocol",Using an Illumina HiScan,Genomic DNA extracted from blood had DNA methylation measured using the EPIC array (Illumina),Using an Illumina HiScan,GPL21145,"Eric,J,Chater-Diehl",ericdiehl11@gmail.com,,SickKids Research Institute,686 Bay St.,Toronto,ON,M5G 0A4,Canada,ftp://ftp.ncbi.nlm.nih.gov/geo/samples/GSM3572nnn/GSM3572710/suppl/GSM3572710_202711530012_R05C01_Grn.idat.gz,ftp://ftp.ncbi.nlm.nih.gov/geo/samples/GSM3572nnn/GSM3572710/suppl/GSM3572710_202711530012_R05C01_Red.idat.gz,866150,,,cpgcorpus,GSE125367,GPL21145,BAFopathy,BAFopathy,"ARID1A,ARID1B,SMARCB1,SMARCA4,SMARCA2",case,ncbrs case 3 blood sex: m,CpGCorpus,True,True,False,cpgcorpus,2026-02-18T12:09:48.594090,data/ajhg2020/GSE125367/GPL21145/betas/QCDPB.arrow,f9dbabd38cf8b3511f5bc0ba2e1178556542cd90bf29c66cdec2855e2562cf6d,44.0,865920.0,data/ajhg2020/GSE125367/GPL21145/metadata/metadata.arrow,308f438e4728d27e814faf3714a69cd44910491c4dceec9cfb30eff1f8167181,GSM3572710,NCBRS case 3,GSM3572710,Public on Jun 27 2019,Jan 18 2019,Jul 26 2019,genomic,1,Blood,Homo sapiens,Sex: M,age (years): 4,,,genomic DNA,"Genomic DNA was extracted from blood samples using DNEasy (Qiagen) chemistry and columns. No modification was made to the manufacturer's specifications. Prior to extraction, red cells were lysed by exposure of the sample to 2x Lysis Buffer for 5 minutes in ice. The remaining cells were pelletted by centrifugation at 2300 RPM at 4 degrees celsius.",Cy3 and Cy5,Standard Illumina Protocol,9606,"Bisulphite converted DNA was amplified, fragmented and hybridized to Illumina Infinium Human Methylation450 Beadchip using standard Illumina protocol",Using an Illumina HiScan,Genomic DNA extracted from blood had DNA methylation measured using the EPIC array (Illumina),Using an Illumina HiScan,GPL21145,"Eric,J,Chater-Diehl",ericdiehl11@gmail.com,,SickKids Research Institute,686 Bay St.,Toronto,ON,M5G 0A4,Canada,ftp://ftp.ncbi.nlm.nih.gov/geo/samples/GSM3572nnn/GSM3572710/suppl/GSM3572710_202711530012_R05C01_Grn.idat.gz,ftp://ftp.ncbi.nlm.nih.gov/geo/samples/GSM3572nnn/GSM3572710/suppl/GSM3572710_202711530012_R05C01_Red.idat.gz,866150,,,cpgcorpus,Rosanna Weksberg,4,M,,,BAFopathy,"ARID1A,ARID1B,SMARCB1,SMARCA4,SMARCA2",614607; 135900; 614609; 614608; 601358,50.0,19.0,yes,NCBRS,SMARCA2,Rosanna Weksberg,4,M,,,BAFopathy,"ARID1A,ARID1B,SMARCB1,SMARCA4,SMARCA2",614607; 135900; 614609; 614608; 601358,50.0,19.0,yes,NCBRS,SMARCA2,Rosanna Weksberg,4,M,,,BAFopathy,"ARID1A,ARID1B,SMARCB1,SMARCA4,SMARCA2",614607; 135900; 614609; 614608; 601358,50.0,19.0,yes,NCBRS,SMARCA2
GSE125367_GPL21145_sample_31,GSE125367,GPL21145,BAFopathy,BAFopathy,"ARID1A,ARID1B,SMARCB1,SMARCA4,SMARCA2",case,ncbrs case 4 blood sex: f,"CpGCorpus,existing",True,True,False,cpgcorpus,2026-02-18T12:09:48.594090,data/ajhg2020/GSE125367/GPL21145/betas/QCDPB.arrow,f9dbabd38cf8b3511f5bc0ba2e1178556542cd90bf29c66cdec2855e2562cf6d,44.0,865920.0,data/ajhg2020/GSE125367/GPL21145/metadata/metadata.arrow,308f438e4728d27e814faf3714a69cd44910491c4dceec9cfb30eff1f8167181,GSM3572711,NCBRS case 4,GSM3572711,Public on Jun 27 2019,Jan 18 2019,Jul 26 2019,genomic,1,Blood,Homo sapiens,Sex: F,age (years): 11,,,genomic DNA,"Genomic DNA was extracted from blood samples using DNEasy (Qiagen) chemistry and columns. No modification was made to the manufacturer's specifications. Prior to extraction, red cells were lysed by exposure of the sample to 2x Lysis Buffer for 5 minutes in ice. The remaining cells were pelletted by centrifugation at 2300 RPM at 4 degrees celsius.",Cy3 and Cy5,Standard Illumina Protocol,9606,"Bisulphite converted DNA was amplified, fragmented and hybridized to Illumina Infinium Human Methylation450 Beadchip using standard Illumina protocol",Using an Illumina HiScan,Genomic DNA extracted from blood had DNA methylation measured using the EPIC array (Illumina),Using an Illumina HiScan,GPL21145,"Eric,J,Chater-Diehl",ericdiehl11@gmail.com,,SickKids Research Institute,686 Bay St.,Toronto,ON,M5G 0A4,Canada,ftp://ftp.ncbi.nlm.nih.gov/geo/samples/GSM3572nnn/GSM3572711/suppl/GSM3572711_202702230137_R06C01_Grn.idat.gz,ftp://ftp.ncbi.nlm.nih.gov/geo/samples/GSM3572nnn/GSM3572711/suppl/GSM3572711_202702230137_R06C01_Red.idat.gz,866150,,,cpgcorpus,GSE125367,GPL21145,BAFopathy,BAFopathy,"ARID1A,ARID1B,SMARCB1,SMARCA4,SMARCA2",case,ncbrs case 4 blood sex: f,"CpGCorpus,existing",True,True,False,cpgcorpus,2026-02-18T12:09:48.594090,data/ajhg2020/GSE125367/GPL21145/betas/QCDPB.arrow,f9dbabd38cf8b3511f5bc0ba2e1178556542cd90bf29c66cdec2855e2562cf6d,44.0,865920.0,data/ajhg2020/GSE125367/GPL21145/metadata/metadata.arrow,308f438e4728d27e814faf3714a69cd44910491c4dceec9cfb30eff1f8167181,GSM3572711,NCBRS case 4,GSM3572711,Public on Jun 27 2019,Jan 18 2019,Jul 26 2019,genomic,1,Blood,Homo sapiens,Sex: F,age (years): 11,,,genomic DNA,"Genomic DNA was extracted from blood samples using DNEasy (Qiagen) chemistry and columns. No modification was made to the manufacturer's specifications. Prior to extraction, red cells were lysed by exposure of the sample to 2x Lysis Buffer for 5 minutes in ice. The remaining cells were pelletted by centrifugation at 2300 RPM at 4 degrees celsius.",Cy3 and Cy5,Standard Illumina Protocol,9606,"Bisulphite converted DNA was amplified, fragmented and hybridized to Illumina Infinium Human Methylation450 Beadchip using standard Illumina protocol",Using an Illumina HiScan,Genomic DNA extracted from blood had DNA methylation measured using the EPIC array (Illumina),Using an Illumina HiScan,GPL21145,"Eric,J,Chater-Diehl",ericdiehl11@gmail.com,,SickKids Research Institute,686 Bay St.,Toronto,ON,M5G 0A4,Canada,ftp://ftp.ncbi.nlm.nih.gov/geo/samples/GSM3572nnn/GSM3572711/suppl/GSM3572711_202702230137_R06C01_Grn.idat.gz,ftp://ftp.ncbi.nlm.nih.gov/geo/samples/GSM3572nnn/GSM3572711/suppl/GSM3572711_202702230137_R06C01_Red.idat.gz,866150,,,cpgcorpus,GSE125367,GPL21145,BAFopathy,BAFopathy,"ARID1A,ARID1B,SMARCB1,SMARCA4,SMARCA2",case,ncbrs case 4 blood sex: f,CpGCorpus,True,True,False,cpgcorpus,2026-02-18T12:09:48.594090,data/ajhg2020/GSE125367/GPL21145/betas/QCDPB.arrow,f9dbabd38cf8b3511f5bc0ba2e1178556542cd90bf29c66cdec2855e2562cf6d,44.0,865920.0,data/ajhg2020/GSE125367/GPL21145/metadata/metadata.arrow,308f438e4728d27e814faf3714a69cd44910491c4dceec9cfb30eff1f8167181,GSM3572711,NCBRS case 4,GSM3572711,Public on Jun 27 2019,Jan 18 2019,Jul 26 2019,genomic,1,Blood,Homo sapiens,Sex: F,age (years): 11,,,genomic DNA,"Genomic DNA was extracted from blood samples using DNEasy (Qiagen) chemistry and columns. No modification was made to the manufacturer's specifications. Prior to extraction, red cells were lysed by exposure of the sample to 2x Lysis Buffer for 5 minutes in ice. The remaining cells were pelletted by centrifugation at 2300 RPM at 4 degrees celsius.",Cy3 and Cy5,Standard Illumina Protocol,9606,"Bisulphite converted DNA was amplified, fragmented and hybridized to Illumina Infinium Human Methylation450 Beadchip using standard Illumina protocol",Using an Illumina HiScan,Genomic DNA extracted from blood had DNA methylation measured using the EPIC array (Illumina),Using an Illumina HiScan,GPL21145,"Eric,J,Chater-Diehl",ericdiehl11@gmail.com,,SickKids Research Institute,686 Bay St.,Toronto,ON,M5G 0A4,Canada,ftp://ftp.ncbi.nlm.nih.gov/geo/samples/GSM3572nnn/GSM3572711/suppl/GSM3572711_202702230137_R06C01_Grn.idat.gz,ftp://ftp.ncbi.nlm.nih.gov/geo/samples/GSM3572nnn/GSM3572711/suppl/GSM3572711_202702230137_R06C01_Red.idat.gz,866150,,,cpgcorpus,Rosanna Weksberg,11,F,,,BAFopathy,"ARID1A,ARID1B,SMARCB1,SMARCA4,SMARCA2",614607; 135900; 614609; 614608; 601358,50.0,19.0,yes,NCBRS,SMARCA2,Rosanna Weksberg,11,F,,,BAFopathy,"ARID1A,ARID1B,SMARCB1,SMARCA4,SMARCA2",614607; 135900; 614609; 614608; 601358,50.0,19.0,yes,NCBRS,SMARCA2,Rosanna Weksberg,11,F,,,BAFopathy,"ARID1A,ARID1B,SMARCB1,SMARCA4,SMARCA2",614607; 135900; 614609; 614608; 601358,50.0,19.0,yes,NCBRS,SMARCA2
GSE125367_GPL21145_sample_32,GSE125367,GPL21145,BAFopathy,BAFopathy,"ARID1A,ARID1B,SMARCB1,SMARCA4,SMARCA2",case,ncbrs case 5 blood sex: m,"CpGCorpus,existing",True,True,False,cpgcorpus,2026-02-18T12:09:48.594090,data/ajhg2020/GSE125367/GPL21145/betas/QCDPB.arrow,f9dbabd38cf8b3511f5bc0ba2e1178556542cd90bf29c66cdec2855e2562cf6d,44.0,865920.0,data/ajhg2020/GSE125367/GPL21145/metadata/metadata.arrow,308f438e4728d27e814faf3714a69cd44910491c4dceec9cfb30eff1f8167181,GSM3572712,NCBRS case 5,GSM3572712,Public on Jun 27 2019,Jan 18 2019,Jul 26 2019,genomic,1,Blood,Homo sapiens,Sex: M,age (years): 10,,,genomic DNA,"Genomic DNA was extracted from blood samples using DNEasy (Qiagen) chemistry and columns. No modification was made to the manufacturer's specifications. Prior to extraction, red cells were lysed by exposure of the sample to 2x Lysis Buffer for 5 minutes in ice. The remaining cells were pelletted by centrifugation at 2300 RPM at 4 degrees celsius.",Cy3 and Cy5,Standard Illumina Protocol,9606,"Bisulphite converted DNA was amplified, fragmented and hybridized to Illumina Infinium Human Methylation450 Beadchip using standard Illumina protocol",Using an Illumina HiScan,Genomic DNA extracted from blood had DNA methylation measured using the EPIC array (Illumina),Using an Illumina HiScan,GPL21145,"Eric,J,Chater-Diehl",ericdiehl11@gmail.com,,SickKids Research Institute,686 Bay St.,Toronto,ON,M5G 0A4,Canada,ftp://ftp.ncbi.nlm.nih.gov/geo/samples/GSM3572nnn/GSM3572712/suppl/GSM3572712_202702240044_R05C01_Grn.idat.gz,ftp://ftp.ncbi.nlm.nih.gov/geo/samples/GSM3572nnn/GSM3572712/suppl/GSM3572712_202702240044_R05C01_Red.idat.gz,866150,,,cpgcorpus,GSE125367,GPL21145,BAFopathy,BAFopathy,"ARID1A,ARID1B,SMARCB1,SMARCA4,SMARCA2",case,ncbrs case 5 blood sex: m,"CpGCorpus,existing",True,True,False,cpgcorpus,2026-02-18T12:09:48.594090,data/ajhg2020/GSE125367/GPL21145/betas/QCDPB.arrow,f9dbabd38cf8b3511f5bc0ba2e1178556542cd90bf29c66cdec2855e2562cf6d,44.0,865920.0,data/ajhg2020/GSE125367/GPL21145/metadata/metadata.arrow,308f438e4728d27e814faf3714a69cd44910491c4dceec9cfb30eff1f8167181,GSM3572712,NCBRS case 5,GSM3572712,Public on Jun 27 2019,Jan 18 2019,Jul 26 2019,genomic,1,Blood,Homo sapiens,Sex: M,age (years): 10,,,genomic DNA,"Genomic DNA was extracted from blood samples using DNEasy (Qiagen) chemistry and columns. No modification was made to the manufacturer's specifications. Prior to extraction, red cells were lysed by exposure of the sample to 2x Lysis Buffer for 5 minutes in ice. The remaining cells were pelletted by centrifugation at 2300 RPM at 4 degrees celsius.",Cy3 and Cy5,Standard Illumina Protocol,9606,"Bisulphite converted DNA was amplified, fragmented and hybridized to Illumina Infinium Human Methylation450 Beadchip using standard Illumina protocol",Using an Illumina HiScan,Genomic DNA extracted from blood had DNA methylation measured using the EPIC array (Illumina),Using an Illumina HiScan,GPL21145,"Eric,J,Chater-Diehl",ericdiehl11@gmail.com,,SickKids Research Institute,686 Bay St.,Toronto,ON,M5G 0A4,Canada,ftp://ftp.ncbi.nlm.nih.gov/geo/samples/GSM3572nnn/GSM3572712/suppl/GSM3572712_202702240044_R05C01_Grn.idat.gz,ftp://ftp.ncbi.nlm.nih.gov/geo/samples/GSM3572nnn/GSM3572712/suppl/GSM3572712_202702240044_R05C01_Red.idat.gz,866150,,,cpgcorpus,GSE125367,GPL21145,BAFopathy,BAFopathy,"ARID1A,ARID1B,SMARCB1,SMARCA4,SMARCA2",case,ncbrs case 5 blood sex: m,CpGCorpus,True,True,False,cpgcorpus,2026-02-18T12:09:48.594090,data/ajhg2020/GSE125367/GPL21145/betas/QCDPB.arrow,f9dbabd38cf8b3511f5bc0ba2e1178556542cd90bf29c66cdec2855e2562cf6d,44.0,865920.0,data/ajhg2020/GSE125367/GPL21145/metadata/metadata.arrow,308f438e4728d27e814faf3714a69cd44910491c4dceec9cfb30eff1f8167181,GSM3572712,NCBRS case 5,GSM3572712,Public on Jun 27 2019,Jan 18 2019,Jul 26 2019,genomic,1,Blood,Homo sapiens,Sex: M,age (years): 10,,,genomic DNA,"Genomic DNA was extracted from blood samples using DNEasy (Qiagen) chemistry and columns. No modification was made to the manufacturer's specifications. Prior to extraction, red cells were lysed by exposure of the sample to 2x Lysis Buffer for 5 minutes in ice. The remaining cells were pelletted by centrifugation at 2300 RPM at 4 degrees celsius.",Cy3 and Cy5,Standard Illumina Protocol,9606,"Bisulphite converted DNA was amplified, fragmented and hybridized to Illumina Infinium Human Methylation450 Beadchip using standard Illumina protocol",Using an Illumina HiScan,Genomic DNA extracted from blood had DNA methylation measured using the EPIC array (Illumina),Using an Illumina HiScan,GPL21145,"Eric,J,Chater-Diehl",ericdiehl11@gmail.com,,SickKids Research Institute,686 Bay St.,Toronto,ON,M5G 0A4,Canada,ftp://ftp.ncbi.nlm.nih.gov/geo/samples/GSM3572nnn/GSM3572712/suppl/GSM3572712_202702240044_R05C01_Grn.idat.gz,ftp://ftp.ncbi.nlm.nih.gov/geo/samples/GSM3572nnn/GSM3572712/suppl/GSM3572712_202702240044_R05C01_Red.idat.gz,866150,,,cpgcorpus,Rosanna Weksberg,10,M,,,BAFopathy,"ARID1A,ARID1B,SMARCB1,SMARCA4,SMARCA2",614607; 135900; 614609; 614608; 601358,50.0,19.0,yes,NCBRS,SMARCA2,Rosanna Weksberg,10,M,,,BAFopathy,"ARID1A,ARID1B,SMARCB1,SMARCA4,SMARCA2",614607; 135900; 614609; 614608; 601358,50.0,19.0,yes,NCBRS,SMARCA2,Rosanna Weksberg,10,M,,,BAFopathy,"ARID1A,ARID1B,SMARCB1,SMARCA4,SMARCA2",614607; 135900; 614609; 614608; 601358,50.0,19.0,yes,NCBRS,SMARCA2
GSE125367_GPL21145_sample_33,GSE125367,GPL21145,BAFopathy,BAFopathy,"ARID1A,ARID1B,SMARCB1,SMARCA4,SMARCA2",case,ncbrs case 6 blood sex: f,"CpGCorpus,existing",True,True,False,cpgcorpus,2026-02-18T12:09:48.594090,data/ajhg2020/GSE125367/GPL21145/betas/QCDPB.arrow,f9dbabd38cf8b3511f5bc0ba2e1178556542cd90bf29c66cdec2855e2562cf6d,44.0,865920.0,data/ajhg2020/GSE125367/GPL21145/metadata/metadata.arrow,308f438e4728d27e814faf3714a69cd44910491c4dceec9cfb30eff1f8167181,GSM3572713,NCBRS case 6,GSM3572713,Public on Jun 27 2019,Jan 18 2019,Jul 26 2019,genomic,1,Blood,Homo sapiens,Sex: F,age (years): 9,,,genomic DNA,"Genomic DNA was extracted from blood samples using DNEasy (Qiagen) chemistry and columns. No modification was made to the manufacturer's specifications. Prior to extraction, red cells were lysed by exposure of the sample to 2x Lysis Buffer for 5 minutes in ice. The remaining cells were pelletted by centrifugation at 2300 RPM at 4 degrees celsius.",Cy3 and Cy5,Standard Illumina Protocol,9606,"Bisulphite converted DNA was amplified, fragmented and hybridized to Illumina Infinium Human Methylation450 Beadchip using standard Illumina protocol",Using an Illumina HiScan,Genomic DNA extracted from blood had DNA methylation measured using the EPIC array (Illumina),Using an Illumina HiScan,GPL21145,"Eric,J,Chater-Diehl",ericdiehl11@gmail.com,,SickKids Research Institute,686 Bay St.,Toronto,ON,M5G 0A4,Canada,ftp://ftp.ncbi.nlm.nih.gov/geo/samples/GSM3572nnn/GSM3572713/suppl/GSM3572713_202702240186_R07C01_Grn.idat.gz,ftp://ftp.ncbi.nlm.nih.gov/geo/samples/GSM3572nnn/GSM3572713/suppl/GSM3572713_202702240186_R07C01_Red.idat.gz,866150,,,cpgcorpus,GSE125367,GPL21145,BAFopathy,BAFopathy,"ARID1A,ARID1B,SMARCB1,SMARCA4,SMARCA2",case,ncbrs case 6 blood sex: f,"CpGCorpus,existing",True,True,False,cpgcorpus,2026-02-18T12:09:48.594090,data/ajhg2020/GSE125367/GPL21145/betas/QCDPB.arrow,f9dbabd38cf8b3511f5bc0ba2e1178556542cd90bf29c66cdec2855e2562cf6d,44.0,865920.0,data/ajhg2020/GSE125367/GPL21145/metadata/metadata.arrow,308f438e4728d27e814faf3714a69cd44910491c4dceec9cfb30eff1f8167181,GSM3572713,NCBRS case 6,GSM3572713,Public on Jun 27 2019,Jan 18 2019,Jul 26 2019,genomic,1,Blood,Homo sapiens,Sex: F,age (years): 9,,,genomic DNA,"Genomic DNA was extracted from blood samples using DNEasy (Qiagen) chemistry and columns. No modification was made to the manufacturer's specifications. Prior to extraction, red cells were lysed by exposure of the sample to 2x Lysis Buffer for 5 minutes in ice. The remaining cells were pelletted by centrifugation at 2300 RPM at 4 degrees celsius.",Cy3 and Cy5,Standard Illumina Protocol,9606,"Bisulphite converted DNA was amplified, fragmented and hybridized to Illumina Infinium Human Methylation450 Beadchip using standard Illumina protocol",Using an Illumina HiScan,Genomic DNA extracted from blood had DNA methylation measured using the EPIC array (Illumina),Using an Illumina HiScan,GPL21145,"Eric,J,Chater-Diehl",ericdiehl11@gmail.com,,SickKids Research Institute,686 Bay St.,Toronto,ON,M5G 0A4,Canada,ftp://ftp.ncbi.nlm.nih.gov/geo/samples/GSM3572nnn/GSM3572713/suppl/GSM3572713_202702240186_R07C01_Grn.idat.gz,ftp://ftp.ncbi.nlm.nih.gov/geo/samples/GSM3572nnn/GSM3572713/suppl/GSM3572713_202702240186_R07C01_Red.idat.gz,866150,,,cpgcorpus,GSE125367,GPL21145,BAFopathy,BAFopathy,"ARID1A,ARID1B,SMARCB1,SMARCA4,SMARCA2",case,ncbrs case 6 blood sex: f,CpGCorpus,True,True,False,cpgcorpus,2026-02-18T12:09:48.594090,data/ajhg2020/GSE125367/GPL21145/betas/QCDPB.arrow,f9dbabd38cf8b3511f5bc0ba2e1178556542cd90bf29c66cdec2855e2562cf6d,44.0,865920.0,data/ajhg2020/GSE125367/GPL21145/metadata/metadata.arrow,308f438e4728d27e814faf3714a69cd44910491c4dceec9cfb30eff1f8167181,GSM3572713,NCBRS case 6,GSM3572713,Public on Jun 27 2019,Jan 18 2019,Jul 26 2019,genomic,1,Blood,Homo sapiens,Sex: F,age (years): 9,,,genomic DNA,"Genomic DNA was extracted from blood samples using DNEasy (Qiagen) chemistry and columns. No modification was made to the manufacturer's specifications. Prior to extraction, red cells were lysed by exposure of the sample to 2x Lysis Buffer for 5 minutes in ice. The remaining cells were pelletted by centrifugation at 2300 RPM at 4 degrees celsius.",Cy3 and Cy5,Standard Illumina Protocol,9606,"Bisulphite converted DNA was amplified, fragmented and hybridized to Illumina Infinium Human Methylation450 Beadchip using standard Illumina protocol",Using an Illumina HiScan,Genomic DNA extracted from blood had DNA methylation measured using the EPIC array (Illumina),Using an Illumina HiScan,GPL21145,"Eric,J,Chater-Diehl",ericdiehl11@gmail.com,,SickKids Research Institute,686 Bay St.,Toronto,ON,M5G 0A4,Canada,ftp://ftp.ncbi.nlm.nih.gov/geo/samples/GSM3572nnn/GSM3572713/suppl/GSM3572713_202702240186_R07C01_Grn.idat.gz,ftp://ftp.ncbi.nlm.nih.gov/geo/samples/GSM3572nnn/GSM3572713/suppl/GSM3572713_202702240186_R07C01_Red.idat.gz,866150,,,cpgcorpus,Rosanna Weksberg,9,F,,,BAFopathy,"ARID1A,ARID1B,SMARCB1,SMARCA4,SMARCA2",614607; 135900; 614609; 614608; 601358,50.0,19.0,yes,NCBRS,SMARCA2,Rosanna Weksberg,9,F,,,BAFopathy,"ARID1A,ARID1B,SMARCB1,SMARCA4,SMARCA2",614607; 135900; 614609; 614608; 601358,50.0,19.0,yes,NCBRS,SMARCA2,Rosanna Weksberg,9,F,,,BAFopathy,"ARID1A,ARID1B,SMARCB1,SMARCA4,SMARCA2",614607; 135900; 614609; 614608; 601358,50.0,19.0,yes,NCBRS,SMARCA2
GSE125367_GPL21145_sample_34,GSE125367,GPL21145,BAFopathy,BAFopathy,"ARID1A,ARID1B,SMARCB1,SMARCA4,SMARCA2",case,ncbrs case 7 blood sex: f,"CpGCorpus,existing",True,True,False,cpgcorpus,2026-02-18T12:09:48.594090,data/ajhg2020/GSE125367/GPL21145/betas/QCDPB.arrow,f9dbabd38cf8b3511f5bc0ba2e1178556542cd90bf29c66cdec2855e2562cf6d,44.0,865920.0,data/ajhg2020/GSE125367/GPL21145/metadata/metadata.arrow,308f438e4728d27e814faf3714a69cd44910491c4dceec9cfb30eff1f8167181,GSM3572714,NCBRS case 7,GSM3572714,Public on Jun 27 2019,Jan 18 2019,Jul 26 2019,genomic,1,Blood,Homo sapiens,Sex: F,age (years): 7,,,genomic DNA,"Genomic DNA was extracted from blood samples using DNEasy (Qiagen) chemistry and columns. No modification was made to the manufacturer's specifications. Prior to extraction, red cells were lysed by exposure of the sample to 2x Lysis Buffer for 5 minutes in ice. The remaining cells were pelletted by centrifugation at 2300 RPM at 4 degrees celsius.",Cy3 and Cy5,Standard Illumina Protocol,9606,"Bisulphite converted DNA was amplified, fragmented and hybridized to Illumina Infinium Human Methylation450 Beadchip using standard Illumina protocol",Using an Illumina HiScan,Genomic DNA extracted from blood had DNA methylation measured using the EPIC array (Illumina),Using an Illumina HiScan,GPL21145,"Eric,J,Chater-Diehl",ericdiehl11@gmail.com,,SickKids Research Institute,686 Bay St.,Toronto,ON,M5G 0A4,Canada,ftp://ftp.ncbi.nlm.nih.gov/geo/samples/GSM3572nnn/GSM3572714/suppl/GSM3572714_202702320153_R06C01_Grn.idat.gz,ftp://ftp.ncbi.nlm.nih.gov/geo/samples/GSM3572nnn/GSM3572714/suppl/GSM3572714_202702320153_R06C01_Red.idat.gz,866150,,,cpgcorpus,GSE125367,GPL21145,BAFopathy,BAFopathy,"ARID1A,ARID1B,SMARCB1,SMARCA4,SMARCA2",case,ncbrs case 7 blood sex: f,"CpGCorpus,existing",True,True,False,cpgcorpus,2026-02-18T12:09:48.594090,data/ajhg2020/GSE125367/GPL21145/betas/QCDPB.arrow,f9dbabd38cf8b3511f5bc0ba2e1178556542cd90bf29c66cdec2855e2562cf6d,44.0,865920.0,data/ajhg2020/GSE125367/GPL21145/metadata/metadata.arrow,308f438e4728d27e814faf3714a69cd44910491c4dceec9cfb30eff1f8167181,GSM3572714,NCBRS case 7,GSM3572714,Public on Jun 27 2019,Jan 18 2019,Jul 26 2019,genomic,1,Blood,Homo sapiens,Sex: F,age (years): 7,,,genomic DNA,"Genomic DNA was extracted from blood samples using DNEasy (Qiagen) chemistry and columns. No modification was made to the manufacturer's specifications. Prior to extraction, red cells were lysed by exposure of the sample to 2x Lysis Buffer for 5 minutes in ice. The remaining cells were pelletted by centrifugation at 2300 RPM at 4 degrees celsius.",Cy3 and Cy5,Standard Illumina Protocol,9606,"Bisulphite converted DNA was amplified, fragmented and hybridized to Illumina Infinium Human Methylation450 Beadchip using standard Illumina protocol",Using an Illumina HiScan,Genomic DNA extracted from blood had DNA methylation measured using the EPIC array (Illumina),Using an Illumina HiScan,GPL21145,"Eric,J,Chater-Diehl",ericdiehl11@gmail.com,,SickKids Research Institute,686 Bay St.,Toronto,ON,M5G 0A4,Canada,ftp://ftp.ncbi.nlm.nih.gov/geo/samples/GSM3572nnn/GSM3572714/suppl/GSM3572714_202702320153_R06C01_Grn.idat.gz,ftp://ftp.ncbi.nlm.nih.gov/geo/samples/GSM3572nnn/GSM3572714/suppl/GSM3572714_202702320153_R06C01_Red.idat.gz,866150,,,cpgcorpus,GSE125367,GPL21145,BAFopathy,BAFopathy,"ARID1A,ARID1B,SMARCB1,SMARCA4,SMARCA2",case,ncbrs case 7 blood sex: f,CpGCorpus,True,True,False,cpgcorpus,2026-02-18T12:09:48.594090,data/ajhg2020/GSE125367/GPL21145/betas/QCDPB.arrow,f9dbabd38cf8b3511f5bc0ba2e1178556542cd90bf29c66cdec2855e2562cf6d,44.0,865920.0,data/ajhg2020/GSE125367/GPL21145/metadata/metadata.arrow,308f438e4728d27e814faf3714a69cd44910491c4dceec9cfb30eff1f8167181,GSM3572714,NCBRS case 7,GSM3572714,Public on Jun 27 2019,Jan 18 2019,Jul 26 2019,genomic,1,Blood,Homo sapiens,Sex: F,age (years): 7,,,genomic DNA,"Genomic DNA was extracted from blood samples using DNEasy (Qiagen) chemistry and columns. No modification was made to the manufacturer's specifications. Prior to extraction, red cells were lysed by exposure of the sample to 2x Lysis Buffer for 5 minutes in ice. The remaining cells were pelletted by centrifugation at 2300 RPM at 4 degrees celsius.",Cy3 and Cy5,Standard Illumina Protocol,9606,"Bisulphite converted DNA was amplified, fragmented and hybridized to Illumina Infinium Human Methylation450 Beadchip using standard Illumina protocol",Using an Illumina HiScan,Genomic DNA extracted from blood had DNA methylation measured using the EPIC array (Illumina),Using an Illumina HiScan,GPL21145,"Eric,J,Chater-Diehl",ericdiehl11@gmail.com,,SickKids Research Institute,686 Bay St.,Toronto,ON,M5G 0A4,Canada,ftp://ftp.ncbi.nlm.nih.gov/geo/samples/GSM3572nnn/GSM3572714/suppl/GSM3572714_202702320153_R06C01_Grn.idat.gz,ftp://ftp.ncbi.nlm.nih.gov/geo/samples/GSM3572nnn/GSM3572714/suppl/GSM3572714_202702320153_R06C01_Red.idat.gz,866150,,,cpgcorpus,Rosanna Weksberg,7,F,,,BAFopathy,"ARID1A,ARID1B,SMARCB1,SMARCA4,SMARCA2",614607; 135900; 614609; 614608; 601358,50.0,19.0,yes,NCBRS,SMARCA2,Rosanna Weksberg,7,F,,,BAFopathy,"ARID1A,ARID1B,SMARCB1,SMARCA4,SMARCA2",614607; 135900; 614609; 614608; 601358,50.0,19.0,yes,NCBRS,SMARCA2,Rosanna Weksberg,7,F,,,BAFopathy,"ARID1A,ARID1B,SMARCB1,SMARCA4,SMARCA2",614607; 135900; 614609; 614608; 601358,50.0,19.0,yes,NCBRS,SMARCA2
GSE125367_GPL21145_sample_35,GSE125367,GPL21145,BAFopathy,BAFopathy,"ARID1A,ARID1B,SMARCB1,SMARCA4,SMARCA2",case,smarca2 test variant 2 blood sex: m,"CpGCorpus,existing",True,True,False,cpgcorpus,2026-02-18T12:09:48.594090,data/ajhg2020/GSE125367/GPL21145/betas/QCDPB.arrow,f9dbabd38cf8b3511f5bc0ba2e1178556542cd90bf29c66cdec2855e2562cf6d,44.0,865920.0,data/ajhg2020/GSE125367/GPL21145/metadata/metadata.arrow,308f438e4728d27e814faf3714a69cd44910491c4dceec9cfb30eff1f8167181,GSM3572715,SMARCA2 test variant 2,GSM3572715,Public on Jun 27 2019,Jan 18 2019,Jul 26 2019,genomic,1,Blood,Homo sapiens,Sex: M,age (years): 0.5,,,genomic DNA,"Genomic DNA was extracted from blood samples using DNEasy (Qiagen) chemistry and columns. No modification was made to the manufacturer's specifications. Prior to extraction, red cells were lysed by exposure of the sample to 2x Lysis Buffer for 5 minutes in ice. The remaining cells were pelletted by centrifugation at 2300 RPM at 4 degrees celsius.",Cy3 and Cy5,Standard Illumina Protocol,9606,"Bisulphite converted DNA was amplified, fragmented and hybridized to Illumina Infinium Human Methylation450 Beadchip using standard Illumina protocol",Using an Illumina HiScan,Genomic DNA extracted from blood had DNA methylation measured using the EPIC array (Illumina),Using an Illumina HiScan,GPL21145,"Eric,J,Chater-Diehl",ericdiehl11@gmail.com,,SickKids Research Institute,686 Bay St.,Toronto,ON,M5G 0A4,Canada,ftp://ftp.ncbi.nlm.nih.gov/geo/samples/GSM3572nnn/GSM3572715/suppl/GSM3572715_202702320113_R06C01_Grn.idat.gz,ftp://ftp.ncbi.nlm.nih.gov/geo/samples/GSM3572nnn/GSM3572715/suppl/GSM3572715_202702320113_R06C01_Red.idat.gz,866150,,,cpgcorpus,GSE125367,GPL21145,BAFopathy,BAFopathy,"ARID1A,ARID1B,SMARCB1,SMARCA4,SMARCA2",case,smarca2 test variant 2 blood sex: m,"CpGCorpus,existing",True,True,False,cpgcorpus,2026-02-18T12:09:48.594090,data/ajhg2020/GSE125367/GPL21145/betas/QCDPB.arrow,f9dbabd38cf8b3511f5bc0ba2e1178556542cd90bf29c66cdec2855e2562cf6d,44.0,865920.0,data/ajhg2020/GSE125367/GPL21145/metadata/metadata.arrow,308f438e4728d27e814faf3714a69cd44910491c4dceec9cfb30eff1f8167181,GSM3572715,SMARCA2 test variant 2,GSM3572715,Public on Jun 27 2019,Jan 18 2019,Jul 26 2019,genomic,1,Blood,Homo sapiens,Sex: M,age (years): 0.5,,,genomic DNA,"Genomic DNA was extracted from blood samples using DNEasy (Qiagen) chemistry and columns. No modification was made to the manufacturer's specifications. Prior to extraction, red cells were lysed by exposure of the sample to 2x Lysis Buffer for 5 minutes in ice. The remaining cells were pelletted by centrifugation at 2300 RPM at 4 degrees celsius.",Cy3 and Cy5,Standard Illumina Protocol,9606,"Bisulphite converted DNA was amplified, fragmented and hybridized to Illumina Infinium Human Methylation450 Beadchip using standard Illumina protocol",Using an Illumina HiScan,Genomic DNA extracted from blood had DNA methylation measured using the EPIC array (Illumina),Using an Illumina HiScan,GPL21145,"Eric,J,Chater-Diehl",ericdiehl11@gmail.com,,SickKids Research Institute,686 Bay St.,Toronto,ON,M5G 0A4,Canada,ftp://ftp.ncbi.nlm.nih.gov/geo/samples/GSM3572nnn/GSM3572715/suppl/GSM3572715_202702320113_R06C01_Grn.idat.gz,ftp://ftp.ncbi.nlm.nih.gov/geo/samples/GSM3572nnn/GSM3572715/suppl/GSM3572715_202702320113_R06C01_Red.idat.gz,866150,,,cpgcorpus,GSE125367,GPL21145,BAFopathy,BAFopathy,"ARID1A,ARID1B,SMARCB1,SMARCA4,SMARCA2",case,smarca2 test variant 2 blood sex: m,CpGCorpus,True,True,False,cpgcorpus,2026-02-18T12:09:48.594090,data/ajhg2020/GSE125367/GPL21145/betas/QCDPB.arrow,f9dbabd38cf8b3511f5bc0ba2e1178556542cd90bf29c66cdec2855e2562cf6d,44.0,865920.0,data/ajhg2020/GSE125367/GPL21145/metadata/metadata.arrow,308f438e4728d27e814faf3714a69cd44910491c4dceec9cfb30eff1f8167181,GSM3572715,SMARCA2 test variant 2,GSM3572715,Public on Jun 27 2019,Jan 18 2019,Jul 26 2019,genomic,1,Blood,Homo sapiens,Sex: M,age (years): 0.5,,,genomic DNA,"Genomic DNA was extracted from blood samples using DNEasy (Qiagen) chemistry and columns. No modification was made to the manufacturer's specifications. Prior to extraction, red cells were lysed by exposure of the sample to 2x Lysis Buffer for 5 minutes in ice. The remaining cells were pelletted by centrifugation at 2300 RPM at 4 degrees celsius.",Cy3 and Cy5,Standard Illumina Protocol,9606,"Bisulphite converted DNA was amplified, fragmented and hybridized to Illumina Infinium Human Methylation450 Beadchip using standard Illumina protocol",Using an Illumina HiScan,Genomic DNA extracted from blood had DNA methylation measured using the EPIC array (Illumina),Using an Illumina HiScan,GPL21145,"Eric,J,Chater-Diehl",ericdiehl11@gmail.com,,SickKids Research Institute,686 Bay St.,Toronto,ON,M5G 0A4,Canada,ftp://ftp.ncbi.nlm.nih.gov/geo/samples/GSM3572nnn/GSM3572715/suppl/GSM3572715_202702320113_R06C01_Grn.idat.gz,ftp://ftp.ncbi.nlm.nih.gov/geo/samples/GSM3572nnn/GSM3572715/suppl/GSM3572715_202702320113_R06C01_Red.idat.gz,866150,,,cpgcorpus,Rosanna Weksberg,0.5,M,,,BAFopathy,"ARID1A,ARID1B,SMARCB1,SMARCA4,SMARCA2",614607; 135900; 614609; 614608; 601358,50.0,19.0,yes,,,Rosanna Weksberg,0.5,M,,,BAFopathy,"ARID1A,ARID1B,SMARCB1,SMARCA4,SMARCA2",614607; 135900; 614609; 614608; 601358,50.0,19.0,yes,,,Rosanna Weksberg,0.5,M,,,BAFopathy,"ARID1A,ARID1B,SMARCB1,SMARCA4,SMARCA2",614607; 135900; 614609; 614608; 601358,50.0,19.0,yes,,
GSE125367_GPL21145_sample_36,GSE125367,GPL21145,BAFopathy,BAFopathy,"ARID1A,ARID1B,SMARCB1,SMARCA4,SMARCA2",case,ncbrs case 8 blood sex: f,"CpGCorpus,existing",True,True,False,cpgcorpus,2026-02-18T12:09:48.594090,data/ajhg2020/GSE125367/GPL21145/betas/QCDPB.arrow,f9dbabd38cf8b3511f5bc0ba2e1178556542cd90bf29c66cdec2855e2562cf6d,44.0,865920.0,data/ajhg2020/GSE125367/GPL21145/metadata/metadata.arrow,308f438e4728d27e814faf3714a69cd44910491c4dceec9cfb30eff1f8167181,GSM3572716,NCBRS case 8,GSM3572716,Public on Jun 27 2019,Jan 18 2019,Jul 26 2019,genomic,1,Blood,Homo sapiens,Sex: F,age (years): 4,,,genomic DNA,"Genomic DNA was extracted from blood samples using DNEasy (Qiagen) chemistry and columns. No modification was made to the manufacturer's specifications. Prior to extraction, red cells were lysed by exposure of the sample to 2x Lysis Buffer for 5 minutes in ice. The remaining cells were pelletted by centrifugation at 2300 RPM at 4 degrees celsius.",Cy3 and Cy5,Standard Illumina Protocol,9606,"Bisulphite converted DNA was amplified, fragmented and hybridized to Illumina Infinium Human Methylation450 Beadchip using standard Illumina protocol",Using an Illumina HiScan,Genomic DNA extracted from blood had DNA methylation measured using the EPIC array (Illumina),Using an Illumina HiScan,GPL21145,"Eric,J,Chater-Diehl",ericdiehl11@gmail.com,,SickKids Research Institute,686 Bay St.,Toronto,ON,M5G 0A4,Canada,ftp://ftp.ncbi.nlm.nih.gov/geo/samples/GSM3572nnn/GSM3572716/suppl/GSM3572716_202711530012_R07C01_Grn.idat.gz,ftp://ftp.ncbi.nlm.nih.gov/geo/samples/GSM3572nnn/GSM3572716/suppl/GSM3572716_202711530012_R07C01_Red.idat.gz,866150,,,cpgcorpus,GSE125367,GPL21145,BAFopathy,BAFopathy,"ARID1A,ARID1B,SMARCB1,SMARCA4,SMARCA2",case,ncbrs case 8 blood sex: f,"CpGCorpus,existing",True,True,False,cpgcorpus,2026-02-18T12:09:48.594090,data/ajhg2020/GSE125367/GPL21145/betas/QCDPB.arrow,f9dbabd38cf8b3511f5bc0ba2e1178556542cd90bf29c66cdec2855e2562cf6d,44.0,865920.0,data/ajhg2020/GSE125367/GPL21145/metadata/metadata.arrow,308f438e4728d27e814faf3714a69cd44910491c4dceec9cfb30eff1f8167181,GSM3572716,NCBRS case 8,GSM3572716,Public on Jun 27 2019,Jan 18 2019,Jul 26 2019,genomic,1,Blood,Homo sapiens,Sex: F,age (years): 4,,,genomic DNA,"Genomic DNA was extracted from blood samples using DNEasy (Qiagen) chemistry and columns. No modification was made to the manufacturer's specifications. Prior to extraction, red cells were lysed by exposure of the sample to 2x Lysis Buffer for 5 minutes in ice. The remaining cells were pelletted by centrifugation at 2300 RPM at 4 degrees celsius.",Cy3 and Cy5,Standard Illumina Protocol,9606,"Bisulphite converted DNA was amplified, fragmented and hybridized to Illumina Infinium Human Methylation450 Beadchip using standard Illumina protocol",Using an Illumina HiScan,Genomic DNA extracted from blood had DNA methylation measured using the EPIC array (Illumina),Using an Illumina HiScan,GPL21145,"Eric,J,Chater-Diehl",ericdiehl11@gmail.com,,SickKids Research Institute,686 Bay St.,Toronto,ON,M5G 0A4,Canada,ftp://ftp.ncbi.nlm.nih.gov/geo/samples/GSM3572nnn/GSM3572716/suppl/GSM3572716_202711530012_R07C01_Grn.idat.gz,ftp://ftp.ncbi.nlm.nih.gov/geo/samples/GSM3572nnn/GSM3572716/suppl/GSM3572716_202711530012_R07C01_Red.idat.gz,866150,,,cpgcorpus,GSE125367,GPL21145,BAFopathy,BAFopathy,"ARID1A,ARID1B,SMARCB1,SMARCA4,SMARCA2",case,ncbrs case 8 blood sex: f,CpGCorpus,True,True,False,cpgcorpus,2026-02-18T12:09:48.594090,data/ajhg2020/GSE125367/GPL21145/betas/QCDPB.arrow,f9dbabd38cf8b3511f5bc0ba2e1178556542cd90bf29c66cdec2855e2562cf6d,44.0,865920.0,data/ajhg2020/GSE125367/GPL21145/metadata/metadata.arrow,308f438e4728d27e814faf3714a69cd44910491c4dceec9cfb30eff1f8167181,GSM3572716,NCBRS case 8,GSM3572716,Public on Jun 27 2019,Jan 18 2019,Jul 26 2019,genomic,1,Blood,Homo sapiens,Sex: F,age (years): 4,,,genomic DNA,"Genomic DNA was extracted from blood samples using DNEasy (Qiagen) chemistry and columns. No modification was made to the manufacturer's specifications. Prior to extraction, red cells were lysed by exposure of the sample to 2x Lysis Buffer for 5 minutes in ice. The remaining cells were pelletted by centrifugation at 2300 RPM at 4 degrees celsius.",Cy3 and Cy5,Standard Illumina Protocol,9606,"Bisulphite converted DNA was amplified, fragmented and hybridized to Illumina Infinium Human Methylation450 Beadchip using standard Illumina protocol",Using an Illumina HiScan,Genomic DNA extracted from blood had DNA methylation measured using the EPIC array (Illumina),Using an Illumina HiScan,GPL21145,"Eric,J,Chater-Diehl",ericdiehl11@gmail.com,,SickKids Research Institute,686 Bay St.,Toronto,ON,M5G 0A4,Canada,ftp://ftp.ncbi.nlm.nih.gov/geo/samples/GSM3572nnn/GSM3572716/suppl/GSM3572716_202711530012_R07C01_Grn.idat.gz,ftp://ftp.ncbi.nlm.nih.gov/geo/samples/GSM3572nnn/GSM3572716/suppl/GSM3572716_202711530012_R07C01_Red.idat.gz,866150,,,cpgcorpus,Rosanna Weksberg,4,F,,,BAFopathy,"ARID1A,ARID1B,SMARCB1,SMARCA4,SMARCA2",614607; 135900; 614609; 614608; 601358,50.0,19.0,yes,NCBRS,SMARCA2,Rosanna Weksberg,4,F,,,BAFopathy,"ARID1A,ARID1B,SMARCB1,SMARCA4,SMARCA2",614607; 135900; 614609; 614608; 601358,50.0,19.0,yes,NCBRS,SMARCA2,Rosanna Weksberg,4,F,,,BAFopathy,"ARID1A,ARID1B,SMARCB1,SMARCA4,SMARCA2",614607; 135900; 614609; 614608; 601358,50.0,19.0,yes,NCBRS,SMARCA2
GSE125367_GPL21145_sample_37,GSE125367,GPL21145,BAFopathy,BAFopathy,"ARID1A,ARID1B,SMARCB1,SMARCA4,SMARCA2",case,smarca2 test variant 3 blood sex: f,"CpGCorpus,existing",True,True,False,cpgcorpus,2026-02-18T12:09:48.594090,data/ajhg2020/GSE125367/GPL21145/betas/QCDPB.arrow,f9dbabd38cf8b3511f5bc0ba2e1178556542cd90bf29c66cdec2855e2562cf6d,44.0,865920.0,data/ajhg2020/GSE125367/GPL21145/metadata/metadata.arrow,308f438e4728d27e814faf3714a69cd44910491c4dceec9cfb30eff1f8167181,GSM3572717,SMARCA2 test variant 3,GSM3572717,Public on Jun 27 2019,Jan 18 2019,Jul 26 2019,genomic,1,Blood,Homo sapiens,Sex: F,age (years): 16,,,genomic DNA,"Genomic DNA was extracted from blood samples using DNEasy (Qiagen) chemistry and columns. No modification was made to the manufacturer's specifications. Prior to extraction, red cells were lysed by exposure of the sample to 2x Lysis Buffer for 5 minutes in ice. The remaining cells were pelletted by centrifugation at 2300 RPM at 4 degrees celsius.",Cy3 and Cy5,Standard Illumina Protocol,9606,"Bisulphite converted DNA was amplified, fragmented and hybridized to Illumina Infinium Human Methylation450 Beadchip using standard Illumina protocol",Using an Illumina HiScan,Genomic DNA extracted from blood had DNA methylation measured using the EPIC array (Illumina),Using an Illumina HiScan,GPL21145,"Eric,J,Chater-Diehl",ericdiehl11@gmail.com,,SickKids Research Institute,686 Bay St.,Toronto,ON,M5G 0A4,Canada,ftp://ftp.ncbi.nlm.nih.gov/geo/samples/GSM3572nnn/GSM3572717/suppl/GSM3572717_202702240172_R08C01_Grn.idat.gz,ftp://ftp.ncbi.nlm.nih.gov/geo/samples/GSM3572nnn/GSM3572717/suppl/GSM3572717_202702240172_R08C01_Red.idat.gz,866150,,,cpgcorpus,GSE125367,GPL21145,BAFopathy,BAFopathy,"ARID1A,ARID1B,SMARCB1,SMARCA4,SMARCA2",case,smarca2 test variant 3 blood sex: f,"CpGCorpus,existing",True,True,False,cpgcorpus,2026-02-18T12:09:48.594090,data/ajhg2020/GSE125367/GPL21145/betas/QCDPB.arrow,f9dbabd38cf8b3511f5bc0ba2e1178556542cd90bf29c66cdec2855e2562cf6d,44.0,865920.0,data/ajhg2020/GSE125367/GPL21145/metadata/metadata.arrow,308f438e4728d27e814faf3714a69cd44910491c4dceec9cfb30eff1f8167181,GSM3572717,SMARCA2 test variant 3,GSM3572717,Public on Jun 27 2019,Jan 18 2019,Jul 26 2019,genomic,1,Blood,Homo sapiens,Sex: F,age (years): 16,,,genomic DNA,"Genomic DNA was extracted from blood samples using DNEasy (Qiagen) chemistry and columns. No modification was made to the manufacturer's specifications. Prior to extraction, red cells were lysed by exposure of the sample to 2x Lysis Buffer for 5 minutes in ice. The remaining cells were pelletted by centrifugation at 2300 RPM at 4 degrees celsius.",Cy3 and Cy5,Standard Illumina Protocol,9606,"Bisulphite converted DNA was amplified, fragmented and hybridized to Illumina Infinium Human Methylation450 Beadchip using standard Illumina protocol",Using an Illumina HiScan,Genomic DNA extracted from blood had DNA methylation measured using the EPIC array (Illumina),Using an Illumina HiScan,GPL21145,"Eric,J,Chater-Diehl",ericdiehl11@gmail.com,,SickKids Research Institute,686 Bay St.,Toronto,ON,M5G 0A4,Canada,ftp://ftp.ncbi.nlm.nih.gov/geo/samples/GSM3572nnn/GSM3572717/suppl/GSM3572717_202702240172_R08C01_Grn.idat.gz,ftp://ftp.ncbi.nlm.nih.gov/geo/samples/GSM3572nnn/GSM3572717/suppl/GSM3572717_202702240172_R08C01_Red.idat.gz,866150,,,cpgcorpus,GSE125367,GPL21145,BAFopathy,BAFopathy,"ARID1A,ARID1B,SMARCB1,SMARCA4,SMARCA2",case,smarca2 test variant 3 blood sex: f,CpGCorpus,True,True,False,cpgcorpus,2026-02-18T12:09:48.594090,data/ajhg2020/GSE125367/GPL21145/betas/QCDPB.arrow,f9dbabd38cf8b3511f5bc0ba2e1178556542cd90bf29c66cdec2855e2562cf6d,44.0,865920.0,data/ajhg2020/GSE125367/GPL21145/metadata/metadata.arrow,308f438e4728d27e814faf3714a69cd44910491c4dceec9cfb30eff1f8167181,GSM3572717,SMARCA2 test variant 3,GSM3572717,Public on Jun 27 2019,Jan 18 2019,Jul 26 2019,genomic,1,Blood,Homo sapiens,Sex: F,age (years): 16,,,genomic DNA,"Genomic DNA was extracted from blood samples using DNEasy (Qiagen) chemistry and columns. No modification was made to the manufacturer's specifications. Prior to extraction, red cells were lysed by exposure of the sample to 2x Lysis Buffer for 5 minutes in ice. The remaining cells were pelletted by centrifugation at 2300 RPM at 4 degrees celsius.",Cy3 and Cy5,Standard Illumina Protocol,9606,"Bisulphite converted DNA was amplified, fragmented and hybridized to Illumina Infinium Human Methylation450 Beadchip using standard Illumina protocol",Using an Illumina HiScan,Genomic DNA extracted from blood had DNA methylation measured using the EPIC array (Illumina),Using an Illumina HiScan,GPL21145,"Eric,J,Chater-Diehl",ericdiehl11@gmail.com,,SickKids Research Institute,686 Bay St.,Toronto,ON,M5G 0A4,Canada,ftp://ftp.ncbi.nlm.nih.gov/geo/samples/GSM3572nnn/GSM3572717/suppl/GSM3572717_202702240172_R08C01_Grn.idat.gz,ftp://ftp.ncbi.nlm.nih.gov/geo/samples/GSM3572nnn/GSM3572717/suppl/GSM3572717_202702240172_R08C01_Red.idat.gz,866150,,,cpgcorpus,Rosanna Weksberg,16,F,,,BAFopathy,"ARID1A,ARID1B,SMARCB1,SMARCA4,SMARCA2",614607; 135900; 614609; 614608; 601358,50.0,19.0,yes,,,Rosanna Weksberg,16,F,,,BAFopathy,"ARID1A,ARID1B,SMARCB1,SMARCA4,SMARCA2",614607; 135900; 614609; 614608; 601358,50.0,19.0,yes,,,Rosanna Weksberg,16,F,,,BAFopathy,"ARID1A,ARID1B,SMARCB1,SMARCA4,SMARCA2",614607; 135900; 614609; 614608; 601358,50.0,19.0,yes,,
GSE125367_GPL21145_sample_38,GSE125367,GPL21145,BAFopathy,BAFopathy,"ARID1A,ARID1B,SMARCB1,SMARCA4,SMARCA2",case,smarca2 test variant 4 blood sex: m,"CpGCorpus,existing",True,True,False,cpgcorpus,2026-02-18T12:09:48.594090,data/ajhg2020/GSE125367/GPL21145/betas/QCDPB.arrow,f9dbabd38cf8b3511f5bc0ba2e1178556542cd90bf29c66cdec2855e2562cf6d,44.0,865920.0,data/ajhg2020/GSE125367/GPL21145/metadata/metadata.arrow,308f438e4728d27e814faf3714a69cd44910491c4dceec9cfb30eff1f8167181,GSM3572718,SMARCA2 test variant 4,GSM3572718,Public on Jun 27 2019,Jan 18 2019,Jul 26 2019,genomic,1,Blood,Homo sapiens,Sex: M,age (years): 14,,,genomic DNA,"Genomic DNA was extracted from blood samples using DNEasy (Qiagen) chemistry and columns. No modification was made to the manufacturer's specifications. Prior to extraction, red cells were lysed by exposure of the sample to 2x Lysis Buffer for 5 minutes in ice. The remaining cells were pelletted by centrifugation at 2300 RPM at 4 degrees celsius.",Cy3 and Cy5,Standard Illumina Protocol,9606,"Bisulphite converted DNA was amplified, fragmented and hybridized to Illumina Infinium Human Methylation450 Beadchip using standard Illumina protocol",Using an Illumina HiScan,Genomic DNA extracted from blood had DNA methylation measured using the EPIC array (Illumina),Using an Illumina HiScan,GPL21145,"Eric,J,Chater-Diehl",ericdiehl11@gmail.com,,SickKids Research Institute,686 Bay St.,Toronto,ON,M5G 0A4,Canada,ftp://ftp.ncbi.nlm.nih.gov/geo/samples/GSM3572nnn/GSM3572718/suppl/GSM3572718_202702320243_R06C01_Grn.idat.gz,ftp://ftp.ncbi.nlm.nih.gov/geo/samples/GSM3572nnn/GSM3572718/suppl/GSM3572718_202702320243_R06C01_Red.idat.gz,866150,,,cpgcorpus,GSE125367,GPL21145,BAFopathy,BAFopathy,"ARID1A,ARID1B,SMARCB1,SMARCA4,SMARCA2",case,smarca2 test variant 4 blood sex: m,"CpGCorpus,existing",True,True,False,cpgcorpus,2026-02-18T12:09:48.594090,data/ajhg2020/GSE125367/GPL21145/betas/QCDPB.arrow,f9dbabd38cf8b3511f5bc0ba2e1178556542cd90bf29c66cdec2855e2562cf6d,44.0,865920.0,data/ajhg2020/GSE125367/GPL21145/metadata/metadata.arrow,308f438e4728d27e814faf3714a69cd44910491c4dceec9cfb30eff1f8167181,GSM3572718,SMARCA2 test variant 4,GSM3572718,Public on Jun 27 2019,Jan 18 2019,Jul 26 2019,genomic,1,Blood,Homo sapiens,Sex: M,age (years): 14,,,genomic DNA,"Genomic DNA was extracted from blood samples using DNEasy (Qiagen) chemistry and columns. No modification was made to the manufacturer's specifications. Prior to extraction, red cells were lysed by exposure of the sample to 2x Lysis Buffer for 5 minutes in ice. The remaining cells were pelletted by centrifugation at 2300 RPM at 4 degrees celsius.",Cy3 and Cy5,Standard Illumina Protocol,9606,"Bisulphite converted DNA was amplified, fragmented and hybridized to Illumina Infinium Human Methylation450 Beadchip using standard Illumina protocol",Using an Illumina HiScan,Genomic DNA extracted from blood had DNA methylation measured using the EPIC array (Illumina),Using an Illumina HiScan,GPL21145,"Eric,J,Chater-Diehl",ericdiehl11@gmail.com,,SickKids Research Institute,686 Bay St.,Toronto,ON,M5G 0A4,Canada,ftp://ftp.ncbi.nlm.nih.gov/geo/samples/GSM3572nnn/GSM3572718/suppl/GSM3572718_202702320243_R06C01_Grn.idat.gz,ftp://ftp.ncbi.nlm.nih.gov/geo/samples/GSM3572nnn/GSM3572718/suppl/GSM3572718_202702320243_R06C01_Red.idat.gz,866150,,,cpgcorpus,GSE125367,GPL21145,BAFopathy,BAFopathy,"ARID1A,ARID1B,SMARCB1,SMARCA4,SMARCA2",case,smarca2 test variant 4 blood sex: m,CpGCorpus,True,True,False,cpgcorpus,2026-02-18T12:09:48.594090,data/ajhg2020/GSE125367/GPL21145/betas/QCDPB.arrow,f9dbabd38cf8b3511f5bc0ba2e1178556542cd90bf29c66cdec2855e2562cf6d,44.0,865920.0,data/ajhg2020/GSE125367/GPL21145/metadata/metadata.arrow,308f438e4728d27e814faf3714a69cd44910491c4dceec9cfb30eff1f8167181,GSM3572718,SMARCA2 test variant 4,GSM3572718,Public on Jun 27 2019,Jan 18 2019,Jul 26 2019,genomic,1,Blood,Homo sapiens,Sex: M,age (years): 14,,,genomic DNA,"Genomic DNA was extracted from blood samples using DNEasy (Qiagen) chemistry and columns. No modification was made to the manufacturer's specifications. Prior to extraction, red cells were lysed by exposure of the sample to 2x Lysis Buffer for 5 minutes in ice. The remaining cells were pelletted by centrifugation at 2300 RPM at 4 degrees celsius.",Cy3 and Cy5,Standard Illumina Protocol,9606,"Bisulphite converted DNA was amplified, fragmented and hybridized to Illumina Infinium Human Methylation450 Beadchip using standard Illumina protocol",Using an Illumina HiScan,Genomic DNA extracted from blood had DNA methylation measured using the EPIC array (Illumina),Using an Illumina HiScan,GPL21145,"Eric,J,Chater-Diehl",ericdiehl11@gmail.com,,SickKids Research Institute,686 Bay St.,Toronto,ON,M5G 0A4,Canada,ftp://ftp.ncbi.nlm.nih.gov/geo/samples/GSM3572nnn/GSM3572718/suppl/GSM3572718_202702320243_R06C01_Grn.idat.gz,ftp://ftp.ncbi.nlm.nih.gov/geo/samples/GSM3572nnn/GSM3572718/suppl/GSM3572718_202702320243_R06C01_Red.idat.gz,866150,,,cpgcorpus,Rosanna Weksberg,14,M,,,BAFopathy,"ARID1A,ARID1B,SMARCB1,SMARCA4,SMARCA2",614607; 135900; 614609; 614608; 601358,50.0,19.0,yes,,,Rosanna Weksberg,14,M,,,BAFopathy,"ARID1A,ARID1B,SMARCB1,SMARCA4,SMARCA2",614607; 135900; 614609; 614608; 601358,50.0,19.0,yes,,,Rosanna Weksberg,14,M,,,BAFopathy,"ARID1A,ARID1B,SMARCB1,SMARCA4,SMARCA2",614607; 135900; 614609; 614608; 601358,50.0,19.0,yes,,
GSE125367_GPL21145_sample_39,GSE125367,GPL21145,BAFopathy,BAFopathy,"ARID1A,ARID1B,SMARCB1,SMARCA4,SMARCA2",case,smarca2 test variant 5 blood sex: m,"CpGCorpus,existing",True,True,False,cpgcorpus,2026-02-18T12:09:48.594090,data/ajhg2020/GSE125367/GPL21145/betas/QCDPB.arrow,f9dbabd38cf8b3511f5bc0ba2e1178556542cd90bf29c66cdec2855e2562cf6d,44.0,865920.0,data/ajhg2020/GSE125367/GPL21145/metadata/metadata.arrow,308f438e4728d27e814faf3714a69cd44910491c4dceec9cfb30eff1f8167181,GSM3572719,SMARCA2 test variant 5,GSM3572719,Public on Jun 27 2019,Jan 18 2019,Jul 26 2019,genomic,1,Blood,Homo sapiens,Sex: M,age (years): 11.33,,,genomic DNA,"Genomic DNA was extracted from blood samples using DNEasy (Qiagen) chemistry and columns. No modification was made to the manufacturer's specifications. Prior to extraction, red cells were lysed by exposure of the sample to 2x Lysis Buffer for 5 minutes in ice. The remaining cells were pelletted by centrifugation at 2300 RPM at 4 degrees celsius.",Cy3 and Cy5,Standard Illumina Protocol,9606,"Bisulphite converted DNA was amplified, fragmented and hybridized to Illumina Infinium Human Methylation450 Beadchip using standard Illumina protocol",Using an Illumina HiScan,Genomic DNA extracted from blood had DNA methylation measured using the EPIC array (Illumina),Using an Illumina HiScan,GPL21145,"Eric,J,Chater-Diehl",ericdiehl11@gmail.com,,SickKids Research Institute,686 Bay St.,Toronto,ON,M5G 0A4,Canada,ftp://ftp.ncbi.nlm.nih.gov/geo/samples/GSM3572nnn/GSM3572719/suppl/GSM3572719_202702320156_R07C01_Grn.idat.gz,ftp://ftp.ncbi.nlm.nih.gov/geo/samples/GSM3572nnn/GSM3572719/suppl/GSM3572719_202702320156_R07C01_Red.idat.gz,866150,,,cpgcorpus,GSE125367,GPL21145,BAFopathy,BAFopathy,"ARID1A,ARID1B,SMARCB1,SMARCA4,SMARCA2",case,smarca2 test variant 5 blood sex: m,"CpGCorpus,existing",True,True,False,cpgcorpus,2026-02-18T12:09:48.594090,data/ajhg2020/GSE125367/GPL21145/betas/QCDPB.arrow,f9dbabd38cf8b3511f5bc0ba2e1178556542cd90bf29c66cdec2855e2562cf6d,44.0,865920.0,data/ajhg2020/GSE125367/GPL21145/metadata/metadata.arrow,308f438e4728d27e814faf3714a69cd44910491c4dceec9cfb30eff1f8167181,GSM3572719,SMARCA2 test variant 5,GSM3572719,Public on Jun 27 2019,Jan 18 2019,Jul 26 2019,genomic,1,Blood,Homo sapiens,Sex: M,age (years): 11.33,,,genomic DNA,"Genomic DNA was extracted from blood samples using DNEasy (Qiagen) chemistry and columns. No modification was made to the manufacturer's specifications. Prior to extraction, red cells were lysed by exposure of the sample to 2x Lysis Buffer for 5 minutes in ice. The remaining cells were pelletted by centrifugation at 2300 RPM at 4 degrees celsius.",Cy3 and Cy5,Standard Illumina Protocol,9606,"Bisulphite converted DNA was amplified, fragmented and hybridized to Illumina Infinium Human Methylation450 Beadchip using standard Illumina protocol",Using an Illumina HiScan,Genomic DNA extracted from blood had DNA methylation measured using the EPIC array (Illumina),Using an Illumina HiScan,GPL21145,"Eric,J,Chater-Diehl",ericdiehl11@gmail.com,,SickKids Research Institute,686 Bay St.,Toronto,ON,M5G 0A4,Canada,ftp://ftp.ncbi.nlm.nih.gov/geo/samples/GSM3572nnn/GSM3572719/suppl/GSM3572719_202702320156_R07C01_Grn.idat.gz,ftp://ftp.ncbi.nlm.nih.gov/geo/samples/GSM3572nnn/GSM3572719/suppl/GSM3572719_202702320156_R07C01_Red.idat.gz,866150,,,cpgcorpus,GSE125367,GPL21145,BAFopathy,BAFopathy,"ARID1A,ARID1B,SMARCB1,SMARCA4,SMARCA2",case,smarca2 test variant 5 blood sex: m,CpGCorpus,True,True,False,cpgcorpus,2026-02-18T12:09:48.594090,data/ajhg2020/GSE125367/GPL21145/betas/QCDPB.arrow,f9dbabd38cf8b3511f5bc0ba2e1178556542cd90bf29c66cdec2855e2562cf6d,44.0,865920.0,data/ajhg2020/GSE125367/GPL21145/metadata/metadata.arrow,308f438e4728d27e814faf3714a69cd44910491c4dceec9cfb30eff1f8167181,GSM3572719,SMARCA2 test variant 5,GSM3572719,Public on Jun 27 2019,Jan 18 2019,Jul 26 2019,genomic,1,Blood,Homo sapiens,Sex: M,age (years): 11.33,,,genomic DNA,"Genomic DNA was extracted from blood samples using DNEasy (Qiagen) chemistry and columns. No modification was made to the manufacturer's specifications. Prior to extraction, red cells were lysed by exposure of the sample to 2x Lysis Buffer for 5 minutes in ice. The remaining cells were pelletted by centrifugation at 2300 RPM at 4 degrees celsius.",Cy3 and Cy5,Standard Illumina Protocol,9606,"Bisulphite converted DNA was amplified, fragmented and hybridized to Illumina Infinium Human Methylation450 Beadchip using standard Illumina protocol",Using an Illumina HiScan,Genomic DNA extracted from blood had DNA methylation measured using the EPIC array (Illumina),Using an Illumina HiScan,GPL21145,"Eric,J,Chater-Diehl",ericdiehl11@gmail.com,,SickKids Research Institute,686 Bay St.,Toronto,ON,M5G 0A4,Canada,ftp://ftp.ncbi.nlm.nih.gov/geo/samples/GSM3572nnn/GSM3572719/suppl/GSM3572719_202702320156_R07C01_Grn.idat.gz,ftp://ftp.ncbi.nlm.nih.gov/geo/samples/GSM3572nnn/GSM3572719/suppl/GSM3572719_202702320156_R07C01_Red.idat.gz,866150,,,cpgcorpus,Rosanna Weksberg,11.33,M,,,BAFopathy,"ARID1A,ARID1B,SMARCB1,SMARCA4,SMARCA2",614607; 135900; 614609; 614608; 601358,50.0,19.0,yes,,,Rosanna Weksberg,11.33,M,,,BAFopathy,"ARID1A,ARID1B,SMARCB1,SMARCA4,SMARCA2",614607; 135900; 614609; 614608; 601358,50.0,19.0,yes,,,Rosanna Weksberg,11.33,M,,,BAFopathy,"ARID1A,ARID1B,SMARCB1,SMARCA4,SMARCA2",614607; 135900; 614609; 614608; 601358,50.0,19.0,yes,,
GSE125367_GPL21145_sample_40,GSE125367,GPL21145,BAFopathy,BAFopathy,"ARID1A,ARID1B,SMARCB1,SMARCA4,SMARCA2",case,smarca2 test variant 6 blood sex: m,"CpGCorpus,existing",True,True,False,cpgcorpus,2026-02-18T12:09:48.594090,data/ajhg2020/GSE125367/GPL21145/betas/QCDPB.arrow,f9dbabd38cf8b3511f5bc0ba2e1178556542cd90bf29c66cdec2855e2562cf6d,44.0,865920.0,data/ajhg2020/GSE125367/GPL21145/metadata/metadata.arrow,308f438e4728d27e814faf3714a69cd44910491c4dceec9cfb30eff1f8167181,GSM3572720,SMARCA2 test variant 6,GSM3572720,Public on Jun 27 2019,Jan 18 2019,Jul 26 2019,genomic,1,Blood,Homo sapiens,Sex: M,age (years): 3.83,,,genomic DNA,"Genomic DNA was extracted from blood samples using DNEasy (Qiagen) chemistry and columns. No modification was made to the manufacturer's specifications. Prior to extraction, red cells were lysed by exposure of the sample to 2x Lysis Buffer for 5 minutes in ice. The remaining cells were pelletted by centrifugation at 2300 RPM at 4 degrees celsius.",Cy3 and Cy5,Standard Illumina Protocol,9606,"Bisulphite converted DNA was amplified, fragmented and hybridized to Illumina Infinium Human Methylation450 Beadchip using standard Illumina protocol",Using an Illumina HiScan,Genomic DNA extracted from blood had DNA methylation measured using the EPIC array (Illumina),Using an Illumina HiScan,GPL21145,"Eric,J,Chater-Diehl",ericdiehl11@gmail.com,,SickKids Research Institute,686 Bay St.,Toronto,ON,M5G 0A4,Canada,ftp://ftp.ncbi.nlm.nih.gov/geo/samples/GSM3572nnn/GSM3572720/suppl/GSM3572720_202702240017_R07C01_Grn.idat.gz,ftp://ftp.ncbi.nlm.nih.gov/geo/samples/GSM3572nnn/GSM3572720/suppl/GSM3572720_202702240017_R07C01_Red.idat.gz,866150,,,cpgcorpus,GSE125367,GPL21145,BAFopathy,BAFopathy,"ARID1A,ARID1B,SMARCB1,SMARCA4,SMARCA2",case,smarca2 test variant 6 blood sex: m,"CpGCorpus,existing",True,True,False,cpgcorpus,2026-02-18T12:09:48.594090,data/ajhg2020/GSE125367/GPL21145/betas/QCDPB.arrow,f9dbabd38cf8b3511f5bc0ba2e1178556542cd90bf29c66cdec2855e2562cf6d,44.0,865920.0,data/ajhg2020/GSE125367/GPL21145/metadata/metadata.arrow,308f438e4728d27e814faf3714a69cd44910491c4dceec9cfb30eff1f8167181,GSM3572720,SMARCA2 test variant 6,GSM3572720,Public on Jun 27 2019,Jan 18 2019,Jul 26 2019,genomic,1,Blood,Homo sapiens,Sex: M,age (years): 3.83,,,genomic DNA,"Genomic DNA was extracted from blood samples using DNEasy (Qiagen) chemistry and columns. No modification was made to the manufacturer's specifications. Prior to extraction, red cells were lysed by exposure of the sample to 2x Lysis Buffer for 5 minutes in ice. The remaining cells were pelletted by centrifugation at 2300 RPM at 4 degrees celsius.",Cy3 and Cy5,Standard Illumina Protocol,9606,"Bisulphite converted DNA was amplified, fragmented and hybridized to Illumina Infinium Human Methylation450 Beadchip using standard Illumina protocol",Using an Illumina HiScan,Genomic DNA extracted from blood had DNA methylation measured using the EPIC array (Illumina),Using an Illumina HiScan,GPL21145,"Eric,J,Chater-Diehl",ericdiehl11@gmail.com,,SickKids Research Institute,686 Bay St.,Toronto,ON,M5G 0A4,Canada,ftp://ftp.ncbi.nlm.nih.gov/geo/samples/GSM3572nnn/GSM3572720/suppl/GSM3572720_202702240017_R07C01_Grn.idat.gz,ftp://ftp.ncbi.nlm.nih.gov/geo/samples/GSM3572nnn/GSM3572720/suppl/GSM3572720_202702240017_R07C01_Red.idat.gz,866150,,,cpgcorpus,GSE125367,GPL21145,BAFopathy,BAFopathy,"ARID1A,ARID1B,SMARCB1,SMARCA4,SMARCA2",case,smarca2 test variant 6 blood sex: m,CpGCorpus,True,True,False,cpgcorpus,2026-02-18T12:09:48.594090,data/ajhg2020/GSE125367/GPL21145/betas/QCDPB.arrow,f9dbabd38cf8b3511f5bc0ba2e1178556542cd90bf29c66cdec2855e2562cf6d,44.0,865920.0,data/ajhg2020/GSE125367/GPL21145/metadata/metadata.arrow,308f438e4728d27e814faf3714a69cd44910491c4dceec9cfb30eff1f8167181,GSM3572720,SMARCA2 test variant 6,GSM3572720,Public on Jun 27 2019,Jan 18 2019,Jul 26 2019,genomic,1,Blood,Homo sapiens,Sex: M,age (years): 3.83,,,genomic DNA,"Genomic DNA was extracted from blood samples using DNEasy (Qiagen) chemistry and columns. No modification was made to the manufacturer's specifications. Prior to extraction, red cells were lysed by exposure of the sample to 2x Lysis Buffer for 5 minutes in ice. The remaining cells were pelletted by centrifugation at 2300 RPM at 4 degrees celsius.",Cy3 and Cy5,Standard Illumina Protocol,9606,"Bisulphite converted DNA was amplified, fragmented and hybridized to Illumina Infinium Human Methylation450 Beadchip using standard Illumina protocol",Using an Illumina HiScan,Genomic DNA extracted from blood had DNA methylation measured using the EPIC array (Illumina),Using an Illumina HiScan,GPL21145,"Eric,J,Chater-Diehl",ericdiehl11@gmail.com,,SickKids Research Institute,686 Bay St.,Toronto,ON,M5G 0A4,Canada,ftp://ftp.ncbi.nlm.nih.gov/geo/samples/GSM3572nnn/GSM3572720/suppl/GSM3572720_202702240017_R07C01_Grn.idat.gz,ftp://ftp.ncbi.nlm.nih.gov/geo/samples/GSM3572nnn/GSM3572720/suppl/GSM3572720_202702240017_R07C01_Red.idat.gz,866150,,,cpgcorpus,Rosanna Weksberg,3.83,M,,,BAFopathy,"ARID1A,ARID1B,SMARCB1,SMARCA4,SMARCA2",614607; 135900; 614609; 614608; 601358,50.0,19.0,yes,,,Rosanna Weksberg,3.83,M,,,BAFopathy,"ARID1A,ARID1B,SMARCB1,SMARCA4,SMARCA2",614607; 135900; 614609; 614608; 601358,50.0,19.0,yes,,,Rosanna Weksberg,3.83,M,,,BAFopathy,"ARID1A,ARID1B,SMARCB1,SMARCA4,SMARCA2",614607; 135900; 614609; 614608; 601358,50.0,19.0,yes,,
GSE125367_GPL21145_sample_41,GSE125367,GPL21145,BAFopathy,BAFopathy,"ARID1A,ARID1B,SMARCB1,SMARCA4,SMARCA2",case,smarca2 test variant 7 blood sex: m,"CpGCorpus,existing",True,True,False,cpgcorpus,2026-02-18T12:09:48.594090,data/ajhg2020/GSE125367/GPL21145/betas/QCDPB.arrow,f9dbabd38cf8b3511f5bc0ba2e1178556542cd90bf29c66cdec2855e2562cf6d,44.0,865920.0,data/ajhg2020/GSE125367/GPL21145/metadata/metadata.arrow,308f438e4728d27e814faf3714a69cd44910491c4dceec9cfb30eff1f8167181,GSM3572721,SMARCA2 test variant 7,GSM3572721,Public on Jun 27 2019,Jan 18 2019,Jul 26 2019,genomic,1,Blood,Homo sapiens,Sex: M,age (years): 3.5,,,genomic DNA,"Genomic DNA was extracted from blood samples using DNEasy (Qiagen) chemistry and columns. No modification was made to the manufacturer's specifications. Prior to extraction, red cells were lysed by exposure of the sample to 2x Lysis Buffer for 5 minutes in ice. The remaining cells were pelletted by centrifugation at 2300 RPM at 4 degrees celsius.",Cy3 and Cy5,Standard Illumina Protocol,9606,"Bisulphite converted DNA was amplified, fragmented and hybridized to Illumina Infinium Human Methylation450 Beadchip using standard Illumina protocol",Using an Illumina HiScan,Genomic DNA extracted from blood had DNA methylation measured using the EPIC array (Illumina),Using an Illumina HiScan,GPL21145,"Eric,J,Chater-Diehl",ericdiehl11@gmail.com,,SickKids Research Institute,686 Bay St.,Toronto,ON,M5G 0A4,Canada,ftp://ftp.ncbi.nlm.nih.gov/geo/samples/GSM3572nnn/GSM3572721/suppl/GSM3572721_202702320243_R07C01_Grn.idat.gz,ftp://ftp.ncbi.nlm.nih.gov/geo/samples/GSM3572nnn/GSM3572721/suppl/GSM3572721_202702320243_R07C01_Red.idat.gz,866150,,,cpgcorpus,GSE125367,GPL21145,BAFopathy,BAFopathy,"ARID1A,ARID1B,SMARCB1,SMARCA4,SMARCA2",case,smarca2 test variant 7 blood sex: m,"CpGCorpus,existing",True,True,False,cpgcorpus,2026-02-18T12:09:48.594090,data/ajhg2020/GSE125367/GPL21145/betas/QCDPB.arrow,f9dbabd38cf8b3511f5bc0ba2e1178556542cd90bf29c66cdec2855e2562cf6d,44.0,865920.0,data/ajhg2020/GSE125367/GPL21145/metadata/metadata.arrow,308f438e4728d27e814faf3714a69cd44910491c4dceec9cfb30eff1f8167181,GSM3572721,SMARCA2 test variant 7,GSM3572721,Public on Jun 27 2019,Jan 18 2019,Jul 26 2019,genomic,1,Blood,Homo sapiens,Sex: M,age (years): 3.5,,,genomic DNA,"Genomic DNA was extracted from blood samples using DNEasy (Qiagen) chemistry and columns. No modification was made to the manufacturer's specifications. Prior to extraction, red cells were lysed by exposure of the sample to 2x Lysis Buffer for 5 minutes in ice. The remaining cells were pelletted by centrifugation at 2300 RPM at 4 degrees celsius.",Cy3 and Cy5,Standard Illumina Protocol,9606,"Bisulphite converted DNA was amplified, fragmented and hybridized to Illumina Infinium Human Methylation450 Beadchip using standard Illumina protocol",Using an Illumina HiScan,Genomic DNA extracted from blood had DNA methylation measured using the EPIC array (Illumina),Using an Illumina HiScan,GPL21145,"Eric,J,Chater-Diehl",ericdiehl11@gmail.com,,SickKids Research Institute,686 Bay St.,Toronto,ON,M5G 0A4,Canada,ftp://ftp.ncbi.nlm.nih.gov/geo/samples/GSM3572nnn/GSM3572721/suppl/GSM3572721_202702320243_R07C01_Grn.idat.gz,ftp://ftp.ncbi.nlm.nih.gov/geo/samples/GSM3572nnn/GSM3572721/suppl/GSM3572721_202702320243_R07C01_Red.idat.gz,866150,,,cpgcorpus,GSE125367,GPL21145,BAFopathy,BAFopathy,"ARID1A,ARID1B,SMARCB1,SMARCA4,SMARCA2",case,smarca2 test variant 7 blood sex: m,CpGCorpus,True,True,False,cpgcorpus,2026-02-18T12:09:48.594090,data/ajhg2020/GSE125367/GPL21145/betas/QCDPB.arrow,f9dbabd38cf8b3511f5bc0ba2e1178556542cd90bf29c66cdec2855e2562cf6d,44.0,865920.0,data/ajhg2020/GSE125367/GPL21145/metadata/metadata.arrow,308f438e4728d27e814faf3714a69cd44910491c4dceec9cfb30eff1f8167181,GSM3572721,SMARCA2 test variant 7,GSM3572721,Public on Jun 27 2019,Jan 18 2019,Jul 26 2019,genomic,1,Blood,Homo sapiens,Sex: M,age (years): 3.5,,,genomic DNA,"Genomic DNA was extracted from blood samples using DNEasy (Qiagen) chemistry and columns. No modification was made to the manufacturer's specifications. Prior to extraction, red cells were lysed by exposure of the sample to 2x Lysis Buffer for 5 minutes in ice. The remaining cells were pelletted by centrifugation at 2300 RPM at 4 degrees celsius.",Cy3 and Cy5,Standard Illumina Protocol,9606,"Bisulphite converted DNA was amplified, fragmented and hybridized to Illumina Infinium Human Methylation450 Beadchip using standard Illumina protocol",Using an Illumina HiScan,Genomic DNA extracted from blood had DNA methylation measured using the EPIC array (Illumina),Using an Illumina HiScan,GPL21145,"Eric,J,Chater-Diehl",ericdiehl11@gmail.com,,SickKids Research Institute,686 Bay St.,Toronto,ON,M5G 0A4,Canada,ftp://ftp.ncbi.nlm.nih.gov/geo/samples/GSM3572nnn/GSM3572721/suppl/GSM3572721_202702320243_R07C01_Grn.idat.gz,ftp://ftp.ncbi.nlm.nih.gov/geo/samples/GSM3572nnn/GSM3572721/suppl/GSM3572721_202702320243_R07C01_Red.idat.gz,866150,,,cpgcorpus,Rosanna Weksberg,3.5,M,,,BAFopathy,"ARID1A,ARID1B,SMARCB1,SMARCA4,SMARCA2",614607; 135900; 614609; 614608; 601358,50.0,19.0,yes,,,Rosanna Weksberg,3.5,M,,,BAFopathy,"ARID1A,ARID1B,SMARCB1,SMARCA4,SMARCA2",614607; 135900; 614609; 614608; 601358,50.0,19.0,yes,,,Rosanna Weksberg,3.5,M,,,BAFopathy,"ARID1A,ARID1B,SMARCB1,SMARCA4,SMARCA2",614607; 135900; 614609; 614608; 601358,50.0,19.0,yes,,
GSE125367_GPL21145_sample_42,GSE125367,GPL21145,BAFopathy,BAFopathy,"ARID1A,ARID1B,SMARCB1,SMARCA4,SMARCA2",case,smarca2 test variant 8 blood sex: m,"CpGCorpus,existing",True,True,False,cpgcorpus,2026-02-18T12:09:48.594090,data/ajhg2020/GSE125367/GPL21145/betas/QCDPB.arrow,f9dbabd38cf8b3511f5bc0ba2e1178556542cd90bf29c66cdec2855e2562cf6d,44.0,865920.0,data/ajhg2020/GSE125367/GPL21145/metadata/metadata.arrow,308f438e4728d27e814faf3714a69cd44910491c4dceec9cfb30eff1f8167181,GSM3572722,SMARCA2 test variant 8,GSM3572722,Public on Jun 27 2019,Jan 18 2019,Jul 26 2019,genomic,1,Blood,Homo sapiens,Sex: M,age (years): 11.92,,,genomic DNA,"Genomic DNA was extracted from blood samples using DNEasy (Qiagen) chemistry and columns. No modification was made to the manufacturer's specifications. Prior to extraction, red cells were lysed by exposure of the sample to 2x Lysis Buffer for 5 minutes in ice. The remaining cells were pelletted by centrifugation at 2300 RPM at 4 degrees celsius.",Cy3 and Cy5,Standard Illumina Protocol,9606,"Bisulphite converted DNA was amplified, fragmented and hybridized to Illumina Infinium Human Methylation450 Beadchip using standard Illumina protocol",Using an Illumina HiScan,Genomic DNA extracted from blood had DNA methylation measured using the EPIC array (Illumina),Using an Illumina HiScan,GPL21145,"Eric,J,Chater-Diehl",ericdiehl11@gmail.com,,SickKids Research Institute,686 Bay St.,Toronto,ON,M5G 0A4,Canada,ftp://ftp.ncbi.nlm.nih.gov/geo/samples/GSM3572nnn/GSM3572722/suppl/GSM3572722_202702320174_R06C01_Grn.idat.gz,ftp://ftp.ncbi.nlm.nih.gov/geo/samples/GSM3572nnn/GSM3572722/suppl/GSM3572722_202702320174_R06C01_Red.idat.gz,866150,,,cpgcorpus,GSE125367,GPL21145,BAFopathy,BAFopathy,"ARID1A,ARID1B,SMARCB1,SMARCA4,SMARCA2",case,smarca2 test variant 8 blood sex: m,"CpGCorpus,existing",True,True,False,cpgcorpus,2026-02-18T12:09:48.594090,data/ajhg2020/GSE125367/GPL21145/betas/QCDPB.arrow,f9dbabd38cf8b3511f5bc0ba2e1178556542cd90bf29c66cdec2855e2562cf6d,44.0,865920.0,data/ajhg2020/GSE125367/GPL21145/metadata/metadata.arrow,308f438e4728d27e814faf3714a69cd44910491c4dceec9cfb30eff1f8167181,GSM3572722,SMARCA2 test variant 8,GSM3572722,Public on Jun 27 2019,Jan 18 2019,Jul 26 2019,genomic,1,Blood,Homo sapiens,Sex: M,age (years): 11.92,,,genomic DNA,"Genomic DNA was extracted from blood samples using DNEasy (Qiagen) chemistry and columns. No modification was made to the manufacturer's specifications. Prior to extraction, red cells were lysed by exposure of the sample to 2x Lysis Buffer for 5 minutes in ice. The remaining cells were pelletted by centrifugation at 2300 RPM at 4 degrees celsius.",Cy3 and Cy5,Standard Illumina Protocol,9606,"Bisulphite converted DNA was amplified, fragmented and hybridized to Illumina Infinium Human Methylation450 Beadchip using standard Illumina protocol",Using an Illumina HiScan,Genomic DNA extracted from blood had DNA methylation measured using the EPIC array (Illumina),Using an Illumina HiScan,GPL21145,"Eric,J,Chater-Diehl",ericdiehl11@gmail.com,,SickKids Research Institute,686 Bay St.,Toronto,ON,M5G 0A4,Canada,ftp://ftp.ncbi.nlm.nih.gov/geo/samples/GSM3572nnn/GSM3572722/suppl/GSM3572722_202702320174_R06C01_Grn.idat.gz,ftp://ftp.ncbi.nlm.nih.gov/geo/samples/GSM3572nnn/GSM3572722/suppl/GSM3572722_202702320174_R06C01_Red.idat.gz,866150,,,cpgcorpus,GSE125367,GPL21145,BAFopathy,BAFopathy,"ARID1A,ARID1B,SMARCB1,SMARCA4,SMARCA2",case,smarca2 test variant 8 blood sex: m,CpGCorpus,True,True,False,cpgcorpus,2026-02-18T12:09:48.594090,data/ajhg2020/GSE125367/GPL21145/betas/QCDPB.arrow,f9dbabd38cf8b3511f5bc0ba2e1178556542cd90bf29c66cdec2855e2562cf6d,44.0,865920.0,data/ajhg2020/GSE125367/GPL21145/metadata/metadata.arrow,308f438e4728d27e814faf3714a69cd44910491c4dceec9cfb30eff1f8167181,GSM3572722,SMARCA2 test variant 8,GSM3572722,Public on Jun 27 2019,Jan 18 2019,Jul 26 2019,genomic,1,Blood,Homo sapiens,Sex: M,age (years): 11.92,,,genomic DNA,"Genomic DNA was extracted from blood samples using DNEasy (Qiagen) chemistry and columns. No modification was made to the manufacturer's specifications. Prior to extraction, red cells were lysed by exposure of the sample to 2x Lysis Buffer for 5 minutes in ice. The remaining cells were pelletted by centrifugation at 2300 RPM at 4 degrees celsius.",Cy3 and Cy5,Standard Illumina Protocol,9606,"Bisulphite converted DNA was amplified, fragmented and hybridized to Illumina Infinium Human Methylation450 Beadchip using standard Illumina protocol",Using an Illumina HiScan,Genomic DNA extracted from blood had DNA methylation measured using the EPIC array (Illumina),Using an Illumina HiScan,GPL21145,"Eric,J,Chater-Diehl",ericdiehl11@gmail.com,,SickKids Research Institute,686 Bay St.,Toronto,ON,M5G 0A4,Canada,ftp://ftp.ncbi.nlm.nih.gov/geo/samples/GSM3572nnn/GSM3572722/suppl/GSM3572722_202702320174_R06C01_Grn.idat.gz,ftp://ftp.ncbi.nlm.nih.gov/geo/samples/GSM3572nnn/GSM3572722/suppl/GSM3572722_202702320174_R06C01_Red.idat.gz,866150,,,cpgcorpus,Rosanna Weksberg,11.92,M,,,BAFopathy,"ARID1A,ARID1B,SMARCB1,SMARCA4,SMARCA2",614607; 135900; 614609; 614608; 601358,50.0,19.0,yes,,,Rosanna Weksberg,11.92,M,,,BAFopathy,"ARID1A,ARID1B,SMARCB1,SMARCA4,SMARCA2",614607; 135900; 614609; 614608; 601358,50.0,19.0,yes,,,Rosanna Weksberg,11.92,M,,,BAFopathy,"ARID1A,ARID1B,SMARCB1,SMARCA4,SMARCA2",614607; 135900; 614609; 614608; 601358,50.0,19.0,yes,,
GSE125367_GPL21145_sample_43,GSE125367,GPL21145,BAFopathy,BAFopathy,"ARID1A,ARID1B,SMARCB1,SMARCA4,SMARCA2",case,smarca2 test variant 9 blood sex: f,"CpGCorpus,existing",True,True,False,cpgcorpus,2026-02-18T12:09:48.594090,data/ajhg2020/GSE125367/GPL21145/betas/QCDPB.arrow,f9dbabd38cf8b3511f5bc0ba2e1178556542cd90bf29c66cdec2855e2562cf6d,44.0,865920.0,data/ajhg2020/GSE125367/GPL21145/metadata/metadata.arrow,308f438e4728d27e814faf3714a69cd44910491c4dceec9cfb30eff1f8167181,GSM3572723,SMARCA2 test variant 9,GSM3572723,Public on Jun 27 2019,Jan 18 2019,Jul 26 2019,genomic,1,Blood,Homo sapiens,Sex: F,age (years): 8,,,genomic DNA,"Genomic DNA was extracted from blood samples using DNEasy (Qiagen) chemistry and columns. No modification was made to the manufacturer's specifications. Prior to extraction, red cells were lysed by exposure of the sample to 2x Lysis Buffer for 5 minutes in ice. The remaining cells were pelletted by centrifugation at 2300 RPM at 4 degrees celsius.",Cy3 and Cy5,Standard Illumina Protocol,9606,"Bisulphite converted DNA was amplified, fragmented and hybridized to Illumina Infinium Human Methylation450 Beadchip using standard Illumina protocol",Using an Illumina HiScan,Genomic DNA extracted from blood had DNA methylation measured using the EPIC array (Illumina),Using an Illumina HiScan,GPL21145,"Eric,J,Chater-Diehl",ericdiehl11@gmail.com,,SickKids Research Institute,686 Bay St.,Toronto,ON,M5G 0A4,Canada,ftp://ftp.ncbi.nlm.nih.gov/geo/samples/GSM3572nnn/GSM3572723/suppl/GSM3572723_202702240044_R07C01_Grn.idat.gz,ftp://ftp.ncbi.nlm.nih.gov/geo/samples/GSM3572nnn/GSM3572723/suppl/GSM3572723_202702240044_R07C01_Red.idat.gz,866150,,,cpgcorpus,GSE125367,GPL21145,BAFopathy,BAFopathy,"ARID1A,ARID1B,SMARCB1,SMARCA4,SMARCA2",case,smarca2 test variant 9 blood sex: f,"CpGCorpus,existing",True,True,False,cpgcorpus,2026-02-18T12:09:48.594090,data/ajhg2020/GSE125367/GPL21145/betas/QCDPB.arrow,f9dbabd38cf8b3511f5bc0ba2e1178556542cd90bf29c66cdec2855e2562cf6d,44.0,865920.0,data/ajhg2020/GSE125367/GPL21145/metadata/metadata.arrow,308f438e4728d27e814faf3714a69cd44910491c4dceec9cfb30eff1f8167181,GSM3572723,SMARCA2 test variant 9,GSM3572723,Public on Jun 27 2019,Jan 18 2019,Jul 26 2019,genomic,1,Blood,Homo sapiens,Sex: F,age (years): 8,,,genomic DNA,"Genomic DNA was extracted from blood samples using DNEasy (Qiagen) chemistry and columns. No modification was made to the manufacturer's specifications. Prior to extraction, red cells were lysed by exposure of the sample to 2x Lysis Buffer for 5 minutes in ice. The remaining cells were pelletted by centrifugation at 2300 RPM at 4 degrees celsius.",Cy3 and Cy5,Standard Illumina Protocol,9606,"Bisulphite converted DNA was amplified, fragmented and hybridized to Illumina Infinium Human Methylation450 Beadchip using standard Illumina protocol",Using an Illumina HiScan,Genomic DNA extracted from blood had DNA methylation measured using the EPIC array (Illumina),Using an Illumina HiScan,GPL21145,"Eric,J,Chater-Diehl",ericdiehl11@gmail.com,,SickKids Research Institute,686 Bay St.,Toronto,ON,M5G 0A4,Canada,ftp://ftp.ncbi.nlm.nih.gov/geo/samples/GSM3572nnn/GSM3572723/suppl/GSM3572723_202702240044_R07C01_Grn.idat.gz,ftp://ftp.ncbi.nlm.nih.gov/geo/samples/GSM3572nnn/GSM3572723/suppl/GSM3572723_202702240044_R07C01_Red.idat.gz,866150,,,cpgcorpus,GSE125367,GPL21145,BAFopathy,BAFopathy,"ARID1A,ARID1B,SMARCB1,SMARCA4,SMARCA2",case,smarca2 test variant 9 blood sex: f,CpGCorpus,True,True,False,cpgcorpus,2026-02-18T12:09:48.594090,data/ajhg2020/GSE125367/GPL21145/betas/QCDPB.arrow,f9dbabd38cf8b3511f5bc0ba2e1178556542cd90bf29c66cdec2855e2562cf6d,44.0,865920.0,data/ajhg2020/GSE125367/GPL21145/metadata/metadata.arrow,308f438e4728d27e814faf3714a69cd44910491c4dceec9cfb30eff1f8167181,GSM3572723,SMARCA2 test variant 9,GSM3572723,Public on Jun 27 2019,Jan 18 2019,Jul 26 2019,genomic,1,Blood,Homo sapiens,Sex: F,age (years): 8,,,genomic DNA,"Genomic DNA was extracted from blood samples using DNEasy (Qiagen) chemistry and columns. No modification was made to the manufacturer's specifications. Prior to extraction, red cells were lysed by exposure of the sample to 2x Lysis Buffer for 5 minutes in ice. The remaining cells were pelletted by centrifugation at 2300 RPM at 4 degrees celsius.",Cy3 and Cy5,Standard Illumina Protocol,9606,"Bisulphite converted DNA was amplified, fragmented and hybridized to Illumina Infinium Human Methylation450 Beadchip using standard Illumina protocol",Using an Illumina HiScan,Genomic DNA extracted from blood had DNA methylation measured using the EPIC array (Illumina),Using an Illumina HiScan,GPL21145,"Eric,J,Chater-Diehl",ericdiehl11@gmail.com,,SickKids Research Institute,686 Bay St.,Toronto,ON,M5G 0A4,Canada,ftp://ftp.ncbi.nlm.nih.gov/geo/samples/GSM3572nnn/GSM3572723/suppl/GSM3572723_202702240044_R07C01_Grn.idat.gz,ftp://ftp.ncbi.nlm.nih.gov/geo/samples/GSM3572nnn/GSM3572723/suppl/GSM3572723_202702240044_R07C01_Red.idat.gz,866150,,,cpgcorpus,Rosanna Weksberg,8,F,,,BAFopathy,"ARID1A,ARID1B,SMARCB1,SMARCA4,SMARCA2",614607; 135900; 614609; 614608; 601358,50.0,19.0,yes,,,Rosanna Weksberg,8,F,,,BAFopathy,"ARID1A,ARID1B,SMARCB1,SMARCA4,SMARCA2",614607; 135900; 614609; 614608; 601358,50.0,19.0,yes,,,Rosanna Weksberg,8,F,,,BAFopathy,"ARID1A,ARID1B,SMARCB1,SMARCA4,SMARCA2",614607; 135900; 614609; 614608; 601358,50.0,19.0,yes,,
GSE35069_GPL13534_sample_0,GSE35069,GPL13534,FlowSorted_BloodCellTypes,,,case,wb_1 whole blood gender: male,"CpGCorpus,existing",False,True,False,cpgcorpus,2026-02-18T12:11:12.968033,,,,,data/ajhg2020/GSE35069/GPL13534/metadata/metadata.arrow,370d6475631662fa6037da39fd556ad6144d2b88d7c96800105c5fb44886e31b,GSM861635,WB_1,GSM861635,Public on Aug 03 2012,Jan 12 2012,Aug 03 2012,genomic,1,Whole blood,Homo sapiens,gender: Male,tissue/cell type: Whole blood,,,genomic DNA,"Genomic DNA was extracted and purified from all samples using QIAmp DNA Micro Kit (QIAGEN, Germany) according to standard instructions",Cy5 and Cy3,Standard Illumina Protocol,9606,"bisulphite converted DNA was amplified, fragmented and hybridised to Illumina Infinium Human Methylation540 Beadchip using standard Illumina protocol",Arrays were imaged using BeadArray Reader using standard recommended Illumina scanner setting,Whole blood obtained from blood donation,"The raw data from GenomeStudio software (v2011.1) methylation module (v1.9.0) were imported into R v. 2.13 and analyzed with the Bioconductor lumi package. Color channel imbalance adjusted, background corrected, and quantile normalized M values followed by fitting a Gamma distribution.",GPL13534,"Lovisa,E,Reinius",lovisa.reinius@ki.se,Department of Biosciences and Nutrition,Karolinska Institutet,"Novum, Halsovagen 7-9",Huddinge,,14157,Sweden,NONE,,485577,,,cpgcorpus,GSE35069,GPL13534,FlowSorted_BloodCellTypes,,,case,wb_1 whole blood gender: male,"CpGCorpus,existing",False,True,False,cpgcorpus,2026-02-18T12:11:12.968033,,,,,data/ajhg2020/GSE35069/GPL13534/metadata/metadata.arrow,370d6475631662fa6037da39fd556ad6144d2b88d7c96800105c5fb44886e31b,GSM861635,WB_1,GSM861635,Public on Aug 03 2012,Jan 12 2012,Aug 03 2012,genomic,1,Whole blood,Homo sapiens,gender: Male,tissue/cell type: Whole blood,,,genomic DNA,"Genomic DNA was extracted and purified from all samples using QIAmp DNA Micro Kit (QIAGEN, Germany) according to standard instructions",Cy5 and Cy3,Standard Illumina Protocol,9606,"bisulphite converted DNA was amplified, fragmented and hybridised to Illumina Infinium Human Methylation540 Beadchip using standard Illumina protocol",Arrays were imaged using BeadArray Reader using standard recommended Illumina scanner setting,Whole blood obtained from blood donation,"The raw data from GenomeStudio software (v2011.1) methylation module (v1.9.0) were imported into R v. 2.13 and analyzed with the Bioconductor lumi package. Color channel imbalance adjusted, background corrected, and quantile normalized M values followed by fitting a Gamma distribution.",GPL13534,"Lovisa,E,Reinius",lovisa.reinius@ki.se,Department of Biosciences and Nutrition,Karolinska Institutet,"Novum, Halsovagen 7-9",Huddinge,,14157,Sweden,NONE,,485577,,,cpgcorpus,GSE35069,GPL13534,FlowSorted_BloodCellTypes,,,case,wb_1 whole blood gender: male,CpGCorpus,False,True,False,cpgcorpus,2026-02-18T12:11:12.968033,,,,,data/ajhg2020/GSE35069/GPL13534/metadata/metadata.arrow,370d6475631662fa6037da39fd556ad6144d2b88d7c96800105c5fb44886e31b,GSM861635,WB_1,GSM861635,Public on Aug 03 2012,Jan 12 2012,Aug 03 2012,genomic,1,Whole blood,Homo sapiens,gender: Male,tissue/cell type: Whole blood,,,genomic DNA,"Genomic DNA was extracted and purified from all samples using QIAmp DNA Micro Kit (QIAGEN, Germany) according to standard instructions",Cy5 and Cy3,Standard Illumina Protocol,9606,"bisulphite converted DNA was amplified, fragmented and hybridised to Illumina Infinium Human Methylation540 Beadchip using standard Illumina protocol",Arrays were imaged using BeadArray Reader using standard recommended Illumina scanner setting,Whole blood obtained from blood donation,"The raw data from GenomeStudio software (v2011.1) methylation module (v1.9.0) were imported into R v. 2.13 and analyzed with the Bioconductor lumi package. Color channel imbalance adjusted, background corrected, and quantile normalized M values followed by fitting a Gamma distribution.",GPL13534,"Lovisa,E,Reinius",lovisa.reinius@ki.se,Department of Biosciences and Nutrition,Karolinska Institutet,"Novum, Halsovagen 7-9",Huddinge,,14157,Sweden,NONE,,485577,,,cpgcorpus,,,,Male,Whole blood,,,,,,,,,,,,Male,Whole blood,,,,,,,,,,,,Male,Whole blood,,,,,,,,
GSE35069_GPL13534_sample_1,GSE35069,GPL13534,FlowSorted_BloodCellTypes,,,case,wb_2 whole blood gender: male,"CpGCorpus,existing",False,True,False,cpgcorpus,2026-02-18T12:11:12.968033,,,,,data/ajhg2020/GSE35069/GPL13534/metadata/metadata.arrow,370d6475631662fa6037da39fd556ad6144d2b88d7c96800105c5fb44886e31b,GSM861636,WB_2,GSM861636,Public on Aug 03 2012,Jan 12 2012,Aug 03 2012,genomic,1,Whole blood,Homo sapiens,gender: Male,tissue/cell type: Whole blood,,,genomic DNA,"Genomic DNA was extracted and purified from all samples using QIAmp DNA Micro Kit (QIAGEN, Germany) according to standard instructions",Cy5 and Cy3,Standard Illumina Protocol,9606,"bisulphite converted DNA was amplified, fragmented and hybridised to Illumina Infinium Human Methylation540 Beadchip using standard Illumina protocol",Arrays were imaged using BeadArray Reader using standard recommended Illumina scanner setting,Whole blood obtained from blood donation,"The raw data from GenomeStudio software (v2011.1) methylation module (v1.9.0) were imported into R v. 2.13 and analyzed with the Bioconductor lumi package. Color channel imbalance adjusted, background corrected, and quantile normalized M values followed by fitting a Gamma distribution.",GPL13534,"Lovisa,E,Reinius",lovisa.reinius@ki.se,Department of Biosciences and Nutrition,Karolinska Institutet,"Novum, Halsovagen 7-9",Huddinge,,14157,Sweden,NONE,,485577,,,cpgcorpus,GSE35069,GPL13534,FlowSorted_BloodCellTypes,,,case,wb_2 whole blood gender: male,"CpGCorpus,existing",False,True,False,cpgcorpus,2026-02-18T12:11:12.968033,,,,,data/ajhg2020/GSE35069/GPL13534/metadata/metadata.arrow,370d6475631662fa6037da39fd556ad6144d2b88d7c96800105c5fb44886e31b,GSM861636,WB_2,GSM861636,Public on Aug 03 2012,Jan 12 2012,Aug 03 2012,genomic,1,Whole blood,Homo sapiens,gender: Male,tissue/cell type: Whole blood,,,genomic DNA,"Genomic DNA was extracted and purified from all samples using QIAmp DNA Micro Kit (QIAGEN, Germany) according to standard instructions",Cy5 and Cy3,Standard Illumina Protocol,9606,"bisulphite converted DNA was amplified, fragmented and hybridised to Illumina Infinium Human Methylation540 Beadchip using standard Illumina protocol",Arrays were imaged using BeadArray Reader using standard recommended Illumina scanner setting,Whole blood obtained from blood donation,"The raw data from GenomeStudio software (v2011.1) methylation module (v1.9.0) were imported into R v. 2.13 and analyzed with the Bioconductor lumi package. Color channel imbalance adjusted, background corrected, and quantile normalized M values followed by fitting a Gamma distribution.",GPL13534,"Lovisa,E,Reinius",lovisa.reinius@ki.se,Department of Biosciences and Nutrition,Karolinska Institutet,"Novum, Halsovagen 7-9",Huddinge,,14157,Sweden,NONE,,485577,,,cpgcorpus,GSE35069,GPL13534,FlowSorted_BloodCellTypes,,,case,wb_2 whole blood gender: male,CpGCorpus,False,True,False,cpgcorpus,2026-02-18T12:11:12.968033,,,,,data/ajhg2020/GSE35069/GPL13534/metadata/metadata.arrow,370d6475631662fa6037da39fd556ad6144d2b88d7c96800105c5fb44886e31b,GSM861636,WB_2,GSM861636,Public on Aug 03 2012,Jan 12 2012,Aug 03 2012,genomic,1,Whole blood,Homo sapiens,gender: Male,tissue/cell type: Whole blood,,,genomic DNA,"Genomic DNA was extracted and purified from all samples using QIAmp DNA Micro Kit (QIAGEN, Germany) according to standard instructions",Cy5 and Cy3,Standard Illumina Protocol,9606,"bisulphite converted DNA was amplified, fragmented and hybridised to Illumina Infinium Human Methylation540 Beadchip using standard Illumina protocol",Arrays were imaged using BeadArray Reader using standard recommended Illumina scanner setting,Whole blood obtained from blood donation,"The raw data from GenomeStudio software (v2011.1) methylation module (v1.9.0) were imported into R v. 2.13 and analyzed with the Bioconductor lumi package. Color channel imbalance adjusted, background corrected, and quantile normalized M values followed by fitting a Gamma distribution.",GPL13534,"Lovisa,E,Reinius",lovisa.reinius@ki.se,Department of Biosciences and Nutrition,Karolinska Institutet,"Novum, Halsovagen 7-9",Huddinge,,14157,Sweden,NONE,,485577,,,cpgcorpus,,,,Male,Whole blood,,,,,,,,,,,,Male,Whole blood,,,,,,,,,,,,Male,Whole blood,,,,,,,,
GSE35069_GPL13534_sample_2,GSE35069,GPL13534,FlowSorted_BloodCellTypes,,,case,wb_3 whole blood gender: male,"CpGCorpus,existing",False,True,False,cpgcorpus,2026-02-18T12:11:12.968033,,,,,data/ajhg2020/GSE35069/GPL13534/metadata/metadata.arrow,370d6475631662fa6037da39fd556ad6144d2b88d7c96800105c5fb44886e31b,GSM861637,WB_3,GSM861637,Public on Aug 03 2012,Jan 12 2012,Aug 03 2012,genomic,1,Whole blood,Homo sapiens,gender: Male,tissue/cell type: Whole blood,,,genomic DNA,"Genomic DNA was extracted and purified from all samples using QIAmp DNA Micro Kit (QIAGEN, Germany) according to standard instructions",Cy5 and Cy3,Standard Illumina Protocol,9606,"bisulphite converted DNA was amplified, fragmented and hybridised to Illumina Infinium Human Methylation540 Beadchip using standard Illumina protocol",Arrays were imaged using BeadArray Reader using standard recommended Illumina scanner setting,Whole blood obtained from blood donation,"The raw data from GenomeStudio software (v2011.1) methylation module (v1.9.0) were imported into R v. 2.13 and analyzed with the Bioconductor lumi package. Color channel imbalance adjusted, background corrected, and quantile normalized M values followed by fitting a Gamma distribution.",GPL13534,"Lovisa,E,Reinius",lovisa.reinius@ki.se,Department of Biosciences and Nutrition,Karolinska Institutet,"Novum, Halsovagen 7-9",Huddinge,,14157,Sweden,NONE,,485577,,,cpgcorpus,GSE35069,GPL13534,FlowSorted_BloodCellTypes,,,case,wb_3 whole blood gender: male,"CpGCorpus,existing",False,True,False,cpgcorpus,2026-02-18T12:11:12.968033,,,,,data/ajhg2020/GSE35069/GPL13534/metadata/metadata.arrow,370d6475631662fa6037da39fd556ad6144d2b88d7c96800105c5fb44886e31b,GSM861637,WB_3,GSM861637,Public on Aug 03 2012,Jan 12 2012,Aug 03 2012,genomic,1,Whole blood,Homo sapiens,gender: Male,tissue/cell type: Whole blood,,,genomic DNA,"Genomic DNA was extracted and purified from all samples using QIAmp DNA Micro Kit (QIAGEN, Germany) according to standard instructions",Cy5 and Cy3,Standard Illumina Protocol,9606,"bisulphite converted DNA was amplified, fragmented and hybridised to Illumina Infinium Human Methylation540 Beadchip using standard Illumina protocol",Arrays were imaged using BeadArray Reader using standard recommended Illumina scanner setting,Whole blood obtained from blood donation,"The raw data from GenomeStudio software (v2011.1) methylation module (v1.9.0) were imported into R v. 2.13 and analyzed with the Bioconductor lumi package. Color channel imbalance adjusted, background corrected, and quantile normalized M values followed by fitting a Gamma distribution.",GPL13534,"Lovisa,E,Reinius",lovisa.reinius@ki.se,Department of Biosciences and Nutrition,Karolinska Institutet,"Novum, Halsovagen 7-9",Huddinge,,14157,Sweden,NONE,,485577,,,cpgcorpus,GSE35069,GPL13534,FlowSorted_BloodCellTypes,,,case,wb_3 whole blood gender: male,CpGCorpus,False,True,False,cpgcorpus,2026-02-18T12:11:12.968033,,,,,data/ajhg2020/GSE35069/GPL13534/metadata/metadata.arrow,370d6475631662fa6037da39fd556ad6144d2b88d7c96800105c5fb44886e31b,GSM861637,WB_3,GSM861637,Public on Aug 03 2012,Jan 12 2012,Aug 03 2012,genomic,1,Whole blood,Homo sapiens,gender: Male,tissue/cell type: Whole blood,,,genomic DNA,"Genomic DNA was extracted and purified from all samples using QIAmp DNA Micro Kit (QIAGEN, Germany) according to standard instructions",Cy5 and Cy3,Standard Illumina Protocol,9606,"bisulphite converted DNA was amplified, fragmented and hybridised to Illumina Infinium Human Methylation540 Beadchip using standard Illumina protocol",Arrays were imaged using BeadArray Reader using standard recommended Illumina scanner setting,Whole blood obtained from blood donation,"The raw data from GenomeStudio software (v2011.1) methylation module (v1.9.0) were imported into R v. 2.13 and analyzed with the Bioconductor lumi package. Color channel imbalance adjusted, background corrected, and quantile normalized M values followed by fitting a Gamma distribution.",GPL13534,"Lovisa,E,Reinius",lovisa.reinius@ki.se,Department of Biosciences and Nutrition,Karolinska Institutet,"Novum, Halsovagen 7-9",Huddinge,,14157,Sweden,NONE,,485577,,,cpgcorpus,,,,Male,Whole blood,,,,,,,,,,,,Male,Whole blood,,,,,,,,,,,,Male,Whole blood,,,,,,,,
GSE35069_GPL13534_sample_3,GSE35069,GPL13534,FlowSorted_BloodCellTypes,,,case,wb_4 whole blood gender: male,"CpGCorpus,existing",False,True,False,cpgcorpus,2026-02-18T12:11:12.968033,,,,,data/ajhg2020/GSE35069/GPL13534/metadata/metadata.arrow,370d6475631662fa6037da39fd556ad6144d2b88d7c96800105c5fb44886e31b,GSM861638,WB_4,GSM861638,Public on Aug 03 2012,Jan 12 2012,Aug 03 2012,genomic,1,Whole blood,Homo sapiens,gender: Male,tissue/cell type: Whole blood,,,genomic DNA,"Genomic DNA was extracted and purified from all samples using QIAmp DNA Micro Kit (QIAGEN, Germany) according to standard instructions",Cy5 and Cy3,Standard Illumina Protocol,9606,"bisulphite converted DNA was amplified, fragmented and hybridised to Illumina Infinium Human Methylation540 Beadchip using standard Illumina protocol",Arrays were imaged using BeadArray Reader using standard recommended Illumina scanner setting,Whole blood obtained from blood donation,"The raw data from GenomeStudio software (v2011.1) methylation module (v1.9.0) were imported into R v. 2.13 and analyzed with the Bioconductor lumi package. Color channel imbalance adjusted, background corrected, and quantile normalized M values followed by fitting a Gamma distribution.",GPL13534,"Lovisa,E,Reinius",lovisa.reinius@ki.se,Department of Biosciences and Nutrition,Karolinska Institutet,"Novum, Halsovagen 7-9",Huddinge,,14157,Sweden,NONE,,485577,,,cpgcorpus,GSE35069,GPL13534,FlowSorted_BloodCellTypes,,,case,wb_4 whole blood gender: male,"CpGCorpus,existing",False,True,False,cpgcorpus,2026-02-18T12:11:12.968033,,,,,data/ajhg2020/GSE35069/GPL13534/metadata/metadata.arrow,370d6475631662fa6037da39fd556ad6144d2b88d7c96800105c5fb44886e31b,GSM861638,WB_4,GSM861638,Public on Aug 03 2012,Jan 12 2012,Aug 03 2012,genomic,1,Whole blood,Homo sapiens,gender: Male,tissue/cell type: Whole blood,,,genomic DNA,"Genomic DNA was extracted and purified from all samples using QIAmp DNA Micro Kit (QIAGEN, Germany) according to standard instructions",Cy5 and Cy3,Standard Illumina Protocol,9606,"bisulphite converted DNA was amplified, fragmented and hybridised to Illumina Infinium Human Methylation540 Beadchip using standard Illumina protocol",Arrays were imaged using BeadArray Reader using standard recommended Illumina scanner setting,Whole blood obtained from blood donation,"The raw data from GenomeStudio software (v2011.1) methylation module (v1.9.0) were imported into R v. 2.13 and analyzed with the Bioconductor lumi package. Color channel imbalance adjusted, background corrected, and quantile normalized M values followed by fitting a Gamma distribution.",GPL13534,"Lovisa,E,Reinius",lovisa.reinius@ki.se,Department of Biosciences and Nutrition,Karolinska Institutet,"Novum, Halsovagen 7-9",Huddinge,,14157,Sweden,NONE,,485577,,,cpgcorpus,GSE35069,GPL13534,FlowSorted_BloodCellTypes,,,case,wb_4 whole blood gender: male,CpGCorpus,False,True,False,cpgcorpus,2026-02-18T12:11:12.968033,,,,,data/ajhg2020/GSE35069/GPL13534/metadata/metadata.arrow,370d6475631662fa6037da39fd556ad6144d2b88d7c96800105c5fb44886e31b,GSM861638,WB_4,GSM861638,Public on Aug 03 2012,Jan 12 2012,Aug 03 2012,genomic,1,Whole blood,Homo sapiens,gender: Male,tissue/cell type: Whole blood,,,genomic DNA,"Genomic DNA was extracted and purified from all samples using QIAmp DNA Micro Kit (QIAGEN, Germany) according to standard instructions",Cy5 and Cy3,Standard Illumina Protocol,9606,"bisulphite converted DNA was amplified, fragmented and hybridised to Illumina Infinium Human Methylation540 Beadchip using standard Illumina protocol",Arrays were imaged using BeadArray Reader using standard recommended Illumina scanner setting,Whole blood obtained from blood donation,"The raw data from GenomeStudio software (v2011.1) methylation module (v1.9.0) were imported into R v. 2.13 and analyzed with the Bioconductor lumi package. Color channel imbalance adjusted, background corrected, and quantile normalized M values followed by fitting a Gamma distribution.",GPL13534,"Lovisa,E,Reinius",lovisa.reinius@ki.se,Department of Biosciences and Nutrition,Karolinska Institutet,"Novum, Halsovagen 7-9",Huddinge,,14157,Sweden,NONE,,485577,,,cpgcorpus,,,,Male,Whole blood,,,,,,,,,,,,Male,Whole blood,,,,,,,,,,,,Male,Whole blood,,,,,,,,
GSE35069_GPL13534_sample_4,GSE35069,GPL13534,FlowSorted_BloodCellTypes,,,case,wb_5 whole blood gender: male,"CpGCorpus,existing",False,True,False,cpgcorpus,2026-02-18T12:11:12.968033,,,,,data/ajhg2020/GSE35069/GPL13534/metadata/metadata.arrow,370d6475631662fa6037da39fd556ad6144d2b88d7c96800105c5fb44886e31b,GSM861639,WB_5,GSM861639,Public on Aug 03 2012,Jan 12 2012,Aug 03 2012,genomic,1,Whole blood,Homo sapiens,gender: Male,tissue/cell type: Whole blood,,,genomic DNA,"Genomic DNA was extracted and purified from all samples using QIAmp DNA Micro Kit (QIAGEN, Germany) according to standard instructions",Cy5 and Cy3,Standard Illumina Protocol,9606,"bisulphite converted DNA was amplified, fragmented and hybridised to Illumina Infinium Human Methylation540 Beadchip using standard Illumina protocol",Arrays were imaged using BeadArray Reader using standard recommended Illumina scanner setting,Whole blood obtained from blood donation,"The raw data from GenomeStudio software (v2011.1) methylation module (v1.9.0) were imported into R v. 2.13 and analyzed with the Bioconductor lumi package. Color channel imbalance adjusted, background corrected, and quantile normalized M values followed by fitting a Gamma distribution.",GPL13534,"Lovisa,E,Reinius",lovisa.reinius@ki.se,Department of Biosciences and Nutrition,Karolinska Institutet,"Novum, Halsovagen 7-9",Huddinge,,14157,Sweden,NONE,,485577,,,cpgcorpus,GSE35069,GPL13534,FlowSorted_BloodCellTypes,,,case,wb_5 whole blood gender: male,"CpGCorpus,existing",False,True,False,cpgcorpus,2026-02-18T12:11:12.968033,,,,,data/ajhg2020/GSE35069/GPL13534/metadata/metadata.arrow,370d6475631662fa6037da39fd556ad6144d2b88d7c96800105c5fb44886e31b,GSM861639,WB_5,GSM861639,Public on Aug 03 2012,Jan 12 2012,Aug 03 2012,genomic,1,Whole blood,Homo sapiens,gender: Male,tissue/cell type: Whole blood,,,genomic DNA,"Genomic DNA was extracted and purified from all samples using QIAmp DNA Micro Kit (QIAGEN, Germany) according to standard instructions",Cy5 and Cy3,Standard Illumina Protocol,9606,"bisulphite converted DNA was amplified, fragmented and hybridised to Illumina Infinium Human Methylation540 Beadchip using standard Illumina protocol",Arrays were imaged using BeadArray Reader using standard recommended Illumina scanner setting,Whole blood obtained from blood donation,"The raw data from GenomeStudio software (v2011.1) methylation module (v1.9.0) were imported into R v. 2.13 and analyzed with the Bioconductor lumi package. Color channel imbalance adjusted, background corrected, and quantile normalized M values followed by fitting a Gamma distribution.",GPL13534,"Lovisa,E,Reinius",lovisa.reinius@ki.se,Department of Biosciences and Nutrition,Karolinska Institutet,"Novum, Halsovagen 7-9",Huddinge,,14157,Sweden,NONE,,485577,,,cpgcorpus,GSE35069,GPL13534,FlowSorted_BloodCellTypes,,,case,wb_5 whole blood gender: male,CpGCorpus,False,True,False,cpgcorpus,2026-02-18T12:11:12.968033,,,,,data/ajhg2020/GSE35069/GPL13534/metadata/metadata.arrow,370d6475631662fa6037da39fd556ad6144d2b88d7c96800105c5fb44886e31b,GSM861639,WB_5,GSM861639,Public on Aug 03 2012,Jan 12 2012,Aug 03 2012,genomic,1,Whole blood,Homo sapiens,gender: Male,tissue/cell type: Whole blood,,,genomic DNA,"Genomic DNA was extracted and purified from all samples using QIAmp DNA Micro Kit (QIAGEN, Germany) according to standard instructions",Cy5 and Cy3,Standard Illumina Protocol,9606,"bisulphite converted DNA was amplified, fragmented and hybridised to Illumina Infinium Human Methylation540 Beadchip using standard Illumina protocol",Arrays were imaged using BeadArray Reader using standard recommended Illumina scanner setting,Whole blood obtained from blood donation,"The raw data from GenomeStudio software (v2011.1) methylation module (v1.9.0) were imported into R v. 2.13 and analyzed with the Bioconductor lumi package. Color channel imbalance adjusted, background corrected, and quantile normalized M values followed by fitting a Gamma distribution.",GPL13534,"Lovisa,E,Reinius",lovisa.reinius@ki.se,Department of Biosciences and Nutrition,Karolinska Institutet,"Novum, Halsovagen 7-9",Huddinge,,14157,Sweden,NONE,,485577,,,cpgcorpus,,,,Male,Whole blood,,,,,,,,,,,,Male,Whole blood,,,,,,,,,,,,Male,Whole blood,,,,,,,,
GSE35069_GPL13534_sample_5,GSE35069,GPL13534,FlowSorted_BloodCellTypes,,,case,wb_6 whole blood gender: male,"CpGCorpus,existing",False,True,False,cpgcorpus,2026-02-18T12:11:12.968033,,,,,data/ajhg2020/GSE35069/GPL13534/metadata/metadata.arrow,370d6475631662fa6037da39fd556ad6144d2b88d7c96800105c5fb44886e31b,GSM861640,WB_6,GSM861640,Public on Aug 03 2012,Jan 12 2012,Aug 03 2012,genomic,1,Whole blood,Homo sapiens,gender: Male,tissue/cell type: Whole blood,,,genomic DNA,"Genomic DNA was extracted and purified from all samples using QIAmp DNA Micro Kit (QIAGEN, Germany) according to standard instructions",Cy5 and Cy3,Standard Illumina Protocol,9606,"bisulphite converted DNA was amplified, fragmented and hybridised to Illumina Infinium Human Methylation540 Beadchip using standard Illumina protocol",Arrays were imaged using BeadArray Reader using standard recommended Illumina scanner setting,Whole blood obtained from blood donation,"The raw data from GenomeStudio software (v2011.1) methylation module (v1.9.0) were imported into R v. 2.13 and analyzed with the Bioconductor lumi package. Color channel imbalance adjusted, background corrected, and quantile normalized M values followed by fitting a Gamma distribution.",GPL13534,"Lovisa,E,Reinius",lovisa.reinius@ki.se,Department of Biosciences and Nutrition,Karolinska Institutet,"Novum, Halsovagen 7-9",Huddinge,,14157,Sweden,NONE,,485577,,,cpgcorpus,GSE35069,GPL13534,FlowSorted_BloodCellTypes,,,case,wb_6 whole blood gender: male,"CpGCorpus,existing",False,True,False,cpgcorpus,2026-02-18T12:11:12.968033,,,,,data/ajhg2020/GSE35069/GPL13534/metadata/metadata.arrow,370d6475631662fa6037da39fd556ad6144d2b88d7c96800105c5fb44886e31b,GSM861640,WB_6,GSM861640,Public on Aug 03 2012,Jan 12 2012,Aug 03 2012,genomic,1,Whole blood,Homo sapiens,gender: Male,tissue/cell type: Whole blood,,,genomic DNA,"Genomic DNA was extracted and purified from all samples using QIAmp DNA Micro Kit (QIAGEN, Germany) according to standard instructions",Cy5 and Cy3,Standard Illumina Protocol,9606,"bisulphite converted DNA was amplified, fragmented and hybridised to Illumina Infinium Human Methylation540 Beadchip using standard Illumina protocol",Arrays were imaged using BeadArray Reader using standard recommended Illumina scanner setting,Whole blood obtained from blood donation,"The raw data from GenomeStudio software (v2011.1) methylation module (v1.9.0) were imported into R v. 2.13 and analyzed with the Bioconductor lumi package. Color channel imbalance adjusted, background corrected, and quantile normalized M values followed by fitting a Gamma distribution.",GPL13534,"Lovisa,E,Reinius",lovisa.reinius@ki.se,Department of Biosciences and Nutrition,Karolinska Institutet,"Novum, Halsovagen 7-9",Huddinge,,14157,Sweden,NONE,,485577,,,cpgcorpus,GSE35069,GPL13534,FlowSorted_BloodCellTypes,,,case,wb_6 whole blood gender: male,CpGCorpus,False,True,False,cpgcorpus,2026-02-18T12:11:12.968033,,,,,data/ajhg2020/GSE35069/GPL13534/metadata/metadata.arrow,370d6475631662fa6037da39fd556ad6144d2b88d7c96800105c5fb44886e31b,GSM861640,WB_6,GSM861640,Public on Aug 03 2012,Jan 12 2012,Aug 03 2012,genomic,1,Whole blood,Homo sapiens,gender: Male,tissue/cell type: Whole blood,,,genomic DNA,"Genomic DNA was extracted and purified from all samples using QIAmp DNA Micro Kit (QIAGEN, Germany) according to standard instructions",Cy5 and Cy3,Standard Illumina Protocol,9606,"bisulphite converted DNA was amplified, fragmented and hybridised to Illumina Infinium Human Methylation540 Beadchip using standard Illumina protocol",Arrays were imaged using BeadArray Reader using standard recommended Illumina scanner setting,Whole blood obtained from blood donation,"The raw data from GenomeStudio software (v2011.1) methylation module (v1.9.0) were imported into R v. 2.13 and analyzed with the Bioconductor lumi package. Color channel imbalance adjusted, background corrected, and quantile normalized M values followed by fitting a Gamma distribution.",GPL13534,"Lovisa,E,Reinius",lovisa.reinius@ki.se,Department of Biosciences and Nutrition,Karolinska Institutet,"Novum, Halsovagen 7-9",Huddinge,,14157,Sweden,NONE,,485577,,,cpgcorpus,,,,Male,Whole blood,,,,,,,,,,,,Male,Whole blood,,,,,,,,,,,,Male,Whole blood,,,,,,,,
GSE35069_GPL13534_sample_6,GSE35069,GPL13534,FlowSorted_BloodCellTypes,,,case,pbmc_1 pbmc gender: male,"CpGCorpus,existing",False,True,False,cpgcorpus,2026-02-18T12:11:12.968033,,,,,data/ajhg2020/GSE35069/GPL13534/metadata/metadata.arrow,370d6475631662fa6037da39fd556ad6144d2b88d7c96800105c5fb44886e31b,GSM861641,PBMC_1,GSM861641,Public on Aug 03 2012,Jan 12 2012,Aug 03 2012,genomic,1,PBMC,Homo sapiens,gender: Male,tissue/cell type: PBMC,,,genomic DNA,"Genomic DNA was extracted and purified from all samples using QIAmp DNA Micro Kit (QIAGEN, Germany) according to standard instructions",Cy5 and Cy3,Standard Illumina Protocol,9606,"bisulphite converted DNA was amplified, fragmented and hybridised to Illumina Infinium Human Methylation540 Beadchip using standard Illumina protocol",Arrays were imaged using BeadArray Reader using standard recommended Illumina scanner setting,Obtained after Ficol separation and purification,"The raw data from GenomeStudio software (v2011.1) methylation module (v1.9.0) were imported into R v. 2.13 and analyzed with the Bioconductor lumi package. Color channel imbalance adjusted, background corrected, and quantile normalized M values followed by fitting a Gamma distribution.",GPL13534,"Lovisa,E,Reinius",lovisa.reinius@ki.se,Department of Biosciences and Nutrition,Karolinska Institutet,"Novum, Halsovagen 7-9",Huddinge,,14157,Sweden,NONE,,485577,,,cpgcorpus,GSE35069,GPL13534,FlowSorted_BloodCellTypes,,,case,pbmc_1 pbmc gender: male,"CpGCorpus,existing",False,True,False,cpgcorpus,2026-02-18T12:11:12.968033,,,,,data/ajhg2020/GSE35069/GPL13534/metadata/metadata.arrow,370d6475631662fa6037da39fd556ad6144d2b88d7c96800105c5fb44886e31b,GSM861641,PBMC_1,GSM861641,Public on Aug 03 2012,Jan 12 2012,Aug 03 2012,genomic,1,PBMC,Homo sapiens,gender: Male,tissue/cell type: PBMC,,,genomic DNA,"Genomic DNA was extracted and purified from all samples using QIAmp DNA Micro Kit (QIAGEN, Germany) according to standard instructions",Cy5 and Cy3,Standard Illumina Protocol,9606,"bisulphite converted DNA was amplified, fragmented and hybridised to Illumina Infinium Human Methylation540 Beadchip using standard Illumina protocol",Arrays were imaged using BeadArray Reader using standard recommended Illumina scanner setting,Obtained after Ficol separation and purification,"The raw data from GenomeStudio software (v2011.1) methylation module (v1.9.0) were imported into R v. 2.13 and analyzed with the Bioconductor lumi package. Color channel imbalance adjusted, background corrected, and quantile normalized M values followed by fitting a Gamma distribution.",GPL13534,"Lovisa,E,Reinius",lovisa.reinius@ki.se,Department of Biosciences and Nutrition,Karolinska Institutet,"Novum, Halsovagen 7-9",Huddinge,,14157,Sweden,NONE,,485577,,,cpgcorpus,GSE35069,GPL13534,FlowSorted_BloodCellTypes,,,case,pbmc_1 pbmc gender: male,CpGCorpus,False,True,False,cpgcorpus,2026-02-18T12:11:12.968033,,,,,data/ajhg2020/GSE35069/GPL13534/metadata/metadata.arrow,370d6475631662fa6037da39fd556ad6144d2b88d7c96800105c5fb44886e31b,GSM861641,PBMC_1,GSM861641,Public on Aug 03 2012,Jan 12 2012,Aug 03 2012,genomic,1,PBMC,Homo sapiens,gender: Male,tissue/cell type: PBMC,,,genomic DNA,"Genomic DNA was extracted and purified from all samples using QIAmp DNA Micro Kit (QIAGEN, Germany) according to standard instructions",Cy5 and Cy3,Standard Illumina Protocol,9606,"bisulphite converted DNA was amplified, fragmented and hybridised to Illumina Infinium Human Methylation540 Beadchip using standard Illumina protocol",Arrays were imaged using BeadArray Reader using standard recommended Illumina scanner setting,Obtained after Ficol separation and purification,"The raw data from GenomeStudio software (v2011.1) methylation module (v1.9.0) were imported into R v. 2.13 and analyzed with the Bioconductor lumi package. Color channel imbalance adjusted, background corrected, and quantile normalized M values followed by fitting a Gamma distribution.",GPL13534,"Lovisa,E,Reinius",lovisa.reinius@ki.se,Department of Biosciences and Nutrition,Karolinska Institutet,"Novum, Halsovagen 7-9",Huddinge,,14157,Sweden,NONE,,485577,,,cpgcorpus,,,,Male,PBMC,,,,,,,,,,,,Male,PBMC,,,,,,,,,,,,Male,PBMC,,,,,,,,
GSE35069_GPL13534_sample_7,GSE35069,GPL13534,FlowSorted_BloodCellTypes,,,case,pbmc_2 pbmc gender: male,"CpGCorpus,existing",False,True,False,cpgcorpus,2026-02-18T12:11:12.968033,,,,,data/ajhg2020/GSE35069/GPL13534/metadata/metadata.arrow,370d6475631662fa6037da39fd556ad6144d2b88d7c96800105c5fb44886e31b,GSM861642,PBMC_2,GSM861642,Public on Aug 03 2012,Jan 12 2012,Aug 03 2012,genomic,1,PBMC,Homo sapiens,gender: Male,tissue/cell type: PBMC,,,genomic DNA,"Genomic DNA was extracted and purified from all samples using QIAmp DNA Micro Kit (QIAGEN, Germany) according to standard instructions",Cy5 and Cy3,Standard Illumina Protocol,9606,"bisulphite converted DNA was amplified, fragmented and hybridised to Illumina Infinium Human Methylation540 Beadchip using standard Illumina protocol",Arrays were imaged using BeadArray Reader using standard recommended Illumina scanner setting,Obtained after Ficol separation and purification,"The raw data from GenomeStudio software (v2011.1) methylation module (v1.9.0) were imported into R v. 2.13 and analyzed with the Bioconductor lumi package. Color channel imbalance adjusted, background corrected, and quantile normalized M values followed by fitting a Gamma distribution.",GPL13534,"Lovisa,E,Reinius",lovisa.reinius@ki.se,Department of Biosciences and Nutrition,Karolinska Institutet,"Novum, Halsovagen 7-9",Huddinge,,14157,Sweden,NONE,,485577,,,cpgcorpus,GSE35069,GPL13534,FlowSorted_BloodCellTypes,,,case,pbmc_2 pbmc gender: male,"CpGCorpus,existing",False,True,False,cpgcorpus,2026-02-18T12:11:12.968033,,,,,data/ajhg2020/GSE35069/GPL13534/metadata/metadata.arrow,370d6475631662fa6037da39fd556ad6144d2b88d7c96800105c5fb44886e31b,GSM861642,PBMC_2,GSM861642,Public on Aug 03 2012,Jan 12 2012,Aug 03 2012,genomic,1,PBMC,Homo sapiens,gender: Male,tissue/cell type: PBMC,,,genomic DNA,"Genomic DNA was extracted and purified from all samples using QIAmp DNA Micro Kit (QIAGEN, Germany) according to standard instructions",Cy5 and Cy3,Standard Illumina Protocol,9606,"bisulphite converted DNA was amplified, fragmented and hybridised to Illumina Infinium Human Methylation540 Beadchip using standard Illumina protocol",Arrays were imaged using BeadArray Reader using standard recommended Illumina scanner setting,Obtained after Ficol separation and purification,"The raw data from GenomeStudio software (v2011.1) methylation module (v1.9.0) were imported into R v. 2.13 and analyzed with the Bioconductor lumi package. Color channel imbalance adjusted, background corrected, and quantile normalized M values followed by fitting a Gamma distribution.",GPL13534,"Lovisa,E,Reinius",lovisa.reinius@ki.se,Department of Biosciences and Nutrition,Karolinska Institutet,"Novum, Halsovagen 7-9",Huddinge,,14157,Sweden,NONE,,485577,,,cpgcorpus,GSE35069,GPL13534,FlowSorted_BloodCellTypes,,,case,pbmc_2 pbmc gender: male,CpGCorpus,False,True,False,cpgcorpus,2026-02-18T12:11:12.968033,,,,,data/ajhg2020/GSE35069/GPL13534/metadata/metadata.arrow,370d6475631662fa6037da39fd556ad6144d2b88d7c96800105c5fb44886e31b,GSM861642,PBMC_2,GSM861642,Public on Aug 03 2012,Jan 12 2012,Aug 03 2012,genomic,1,PBMC,Homo sapiens,gender: Male,tissue/cell type: PBMC,,,genomic DNA,"Genomic DNA was extracted and purified from all samples using QIAmp DNA Micro Kit (QIAGEN, Germany) according to standard instructions",Cy5 and Cy3,Standard Illumina Protocol,9606,"bisulphite converted DNA was amplified, fragmented and hybridised to Illumina Infinium Human Methylation540 Beadchip using standard Illumina protocol",Arrays were imaged using BeadArray Reader using standard recommended Illumina scanner setting,Obtained after Ficol separation and purification,"The raw data from GenomeStudio software (v2011.1) methylation module (v1.9.0) were imported into R v. 2.13 and analyzed with the Bioconductor lumi package. Color channel imbalance adjusted, background corrected, and quantile normalized M values followed by fitting a Gamma distribution.",GPL13534,"Lovisa,E,Reinius",lovisa.reinius@ki.se,Department of Biosciences and Nutrition,Karolinska Institutet,"Novum, Halsovagen 7-9",Huddinge,,14157,Sweden,NONE,,485577,,,cpgcorpus,,,,Male,PBMC,,,,,,,,,,,,Male,PBMC,,,,,,,,,,,,Male,PBMC,,,,,,,,
GSE35069_GPL13534_sample_8,GSE35069,GPL13534,FlowSorted_BloodCellTypes,,,case,pbmc_3 pbmc gender: male,"CpGCorpus,existing",False,True,False,cpgcorpus,2026-02-18T12:11:12.968033,,,,,data/ajhg2020/GSE35069/GPL13534/metadata/metadata.arrow,370d6475631662fa6037da39fd556ad6144d2b88d7c96800105c5fb44886e31b,GSM861643,PBMC_3,GSM861643,Public on Aug 03 2012,Jan 12 2012,Aug 03 2012,genomic,1,PBMC,Homo sapiens,gender: Male,tissue/cell type: PBMC,,,genomic DNA,"Genomic DNA was extracted and purified from all samples using QIAmp DNA Micro Kit (QIAGEN, Germany) according to standard instructions",Cy5 and Cy3,Standard Illumina Protocol,9606,"bisulphite converted DNA was amplified, fragmented and hybridised to Illumina Infinium Human Methylation540 Beadchip using standard Illumina protocol",Arrays were imaged using BeadArray Reader using standard recommended Illumina scanner setting,Obtained after Ficol separation and purification,"The raw data from GenomeStudio software (v2011.1) methylation module (v1.9.0) were imported into R v. 2.13 and analyzed with the Bioconductor lumi package. Color channel imbalance adjusted, background corrected, and quantile normalized M values followed by fitting a Gamma distribution.",GPL13534,"Lovisa,E,Reinius",lovisa.reinius@ki.se,Department of Biosciences and Nutrition,Karolinska Institutet,"Novum, Halsovagen 7-9",Huddinge,,14157,Sweden,NONE,,485577,,,cpgcorpus,GSE35069,GPL13534,FlowSorted_BloodCellTypes,,,case,pbmc_3 pbmc gender: male,"CpGCorpus,existing",False,True,False,cpgcorpus,2026-02-18T12:11:12.968033,,,,,data/ajhg2020/GSE35069/GPL13534/metadata/metadata.arrow,370d6475631662fa6037da39fd556ad6144d2b88d7c96800105c5fb44886e31b,GSM861643,PBMC_3,GSM861643,Public on Aug 03 2012,Jan 12 2012,Aug 03 2012,genomic,1,PBMC,Homo sapiens,gender: Male,tissue/cell type: PBMC,,,genomic DNA,"Genomic DNA was extracted and purified from all samples using QIAmp DNA Micro Kit (QIAGEN, Germany) according to standard instructions",Cy5 and Cy3,Standard Illumina Protocol,9606,"bisulphite converted DNA was amplified, fragmented and hybridised to Illumina Infinium Human Methylation540 Beadchip using standard Illumina protocol",Arrays were imaged using BeadArray Reader using standard recommended Illumina scanner setting,Obtained after Ficol separation and purification,"The raw data from GenomeStudio software (v2011.1) methylation module (v1.9.0) were imported into R v. 2.13 and analyzed with the Bioconductor lumi package. Color channel imbalance adjusted, background corrected, and quantile normalized M values followed by fitting a Gamma distribution.",GPL13534,"Lovisa,E,Reinius",lovisa.reinius@ki.se,Department of Biosciences and Nutrition,Karolinska Institutet,"Novum, Halsovagen 7-9",Huddinge,,14157,Sweden,NONE,,485577,,,cpgcorpus,GSE35069,GPL13534,FlowSorted_BloodCellTypes,,,case,pbmc_3 pbmc gender: male,CpGCorpus,False,True,False,cpgcorpus,2026-02-18T12:11:12.968033,,,,,data/ajhg2020/GSE35069/GPL13534/metadata/metadata.arrow,370d6475631662fa6037da39fd556ad6144d2b88d7c96800105c5fb44886e31b,GSM861643,PBMC_3,GSM861643,Public on Aug 03 2012,Jan 12 2012,Aug 03 2012,genomic,1,PBMC,Homo sapiens,gender: Male,tissue/cell type: PBMC,,,genomic DNA,"Genomic DNA was extracted and purified from all samples using QIAmp DNA Micro Kit (QIAGEN, Germany) according to standard instructions",Cy5 and Cy3,Standard Illumina Protocol,9606,"bisulphite converted DNA was amplified, fragmented and hybridised to Illumina Infinium Human Methylation540 Beadchip using standard Illumina protocol",Arrays were imaged using BeadArray Reader using standard recommended Illumina scanner setting,Obtained after Ficol separation and purification,"The raw data from GenomeStudio software (v2011.1) methylation module (v1.9.0) were imported into R v. 2.13 and analyzed with the Bioconductor lumi package. Color channel imbalance adjusted, background corrected, and quantile normalized M values followed by fitting a Gamma distribution.",GPL13534,"Lovisa,E,Reinius",lovisa.reinius@ki.se,Department of Biosciences and Nutrition,Karolinska Institutet,"Novum, Halsovagen 7-9",Huddinge,,14157,Sweden,NONE,,485577,,,cpgcorpus,,,,Male,PBMC,,,,,,,,,,,,Male,PBMC,,,,,,,,,,,,Male,PBMC,,,,,,,,
GSE35069_GPL13534_sample_9,GSE35069,GPL13534,FlowSorted_BloodCellTypes,,,case,pbmc_4 pbmc gender: male,"CpGCorpus,existing",False,True,False,cpgcorpus,2026-02-18T12:11:12.968033,,,,,data/ajhg2020/GSE35069/GPL13534/metadata/metadata.arrow,370d6475631662fa6037da39fd556ad6144d2b88d7c96800105c5fb44886e31b,GSM861644,PBMC_4,GSM861644,Public on Aug 03 2012,Jan 12 2012,Aug 03 2012,genomic,1,PBMC,Homo sapiens,gender: Male,tissue/cell type: PBMC,,,genomic DNA,"Genomic DNA was extracted and purified from all samples using QIAmp DNA Micro Kit (QIAGEN, Germany) according to standard instructions",Cy5 and Cy3,Standard Illumina Protocol,9606,"bisulphite converted DNA was amplified, fragmented and hybridised to Illumina Infinium Human Methylation540 Beadchip using standard Illumina protocol",Arrays were imaged using BeadArray Reader using standard recommended Illumina scanner setting,Obtained after Ficol separation and purification,"The raw data from GenomeStudio software (v2011.1) methylation module (v1.9.0) were imported into R v. 2.13 and analyzed with the Bioconductor lumi package. Color channel imbalance adjusted, background corrected, and quantile normalized M values followed by fitting a Gamma distribution.",GPL13534,"Lovisa,E,Reinius",lovisa.reinius@ki.se,Department of Biosciences and Nutrition,Karolinska Institutet,"Novum, Halsovagen 7-9",Huddinge,,14157,Sweden,NONE,,485577,,,cpgcorpus,GSE35069,GPL13534,FlowSorted_BloodCellTypes,,,case,pbmc_4 pbmc gender: male,"CpGCorpus,existing",False,True,False,cpgcorpus,2026-02-18T12:11:12.968033,,,,,data/ajhg2020/GSE35069/GPL13534/metadata/metadata.arrow,370d6475631662fa6037da39fd556ad6144d2b88d7c96800105c5fb44886e31b,GSM861644,PBMC_4,GSM861644,Public on Aug 03 2012,Jan 12 2012,Aug 03 2012,genomic,1,PBMC,Homo sapiens,gender: Male,tissue/cell type: PBMC,,,genomic DNA,"Genomic DNA was extracted and purified from all samples using QIAmp DNA Micro Kit (QIAGEN, Germany) according to standard instructions",Cy5 and Cy3,Standard Illumina Protocol,9606,"bisulphite converted DNA was amplified, fragmented and hybridised to Illumina Infinium Human Methylation540 Beadchip using standard Illumina protocol",Arrays were imaged using BeadArray Reader using standard recommended Illumina scanner setting,Obtained after Ficol separation and purification,"The raw data from GenomeStudio software (v2011.1) methylation module (v1.9.0) were imported into R v. 2.13 and analyzed with the Bioconductor lumi package. Color channel imbalance adjusted, background corrected, and quantile normalized M values followed by fitting a Gamma distribution.",GPL13534,"Lovisa,E,Reinius",lovisa.reinius@ki.se,Department of Biosciences and Nutrition,Karolinska Institutet,"Novum, Halsovagen 7-9",Huddinge,,14157,Sweden,NONE,,485577,,,cpgcorpus,GSE35069,GPL13534,FlowSorted_BloodCellTypes,,,case,pbmc_4 pbmc gender: male,CpGCorpus,False,True,False,cpgcorpus,2026-02-18T12:11:12.968033,,,,,data/ajhg2020/GSE35069/GPL13534/metadata/metadata.arrow,370d6475631662fa6037da39fd556ad6144d2b88d7c96800105c5fb44886e31b,GSM861644,PBMC_4,GSM861644,Public on Aug 03 2012,Jan 12 2012,Aug 03 2012,genomic,1,PBMC,Homo sapiens,gender: Male,tissue/cell type: PBMC,,,genomic DNA,"Genomic DNA was extracted and purified from all samples using QIAmp DNA Micro Kit (QIAGEN, Germany) according to standard instructions",Cy5 and Cy3,Standard Illumina Protocol,9606,"bisulphite converted DNA was amplified, fragmented and hybridised to Illumina Infinium Human Methylation540 Beadchip using standard Illumina protocol",Arrays were imaged using BeadArray Reader using standard recommended Illumina scanner setting,Obtained after Ficol separation and purification,"The raw data from GenomeStudio software (v2011.1) methylation module (v1.9.0) were imported into R v. 2.13 and analyzed with the Bioconductor lumi package. Color channel imbalance adjusted, background corrected, and quantile normalized M values followed by fitting a Gamma distribution.",GPL13534,"Lovisa,E,Reinius",lovisa.reinius@ki.se,Department of Biosciences and Nutrition,Karolinska Institutet,"Novum, Halsovagen 7-9",Huddinge,,14157,Sweden,NONE,,485577,,,cpgcorpus,,,,Male,PBMC,,,,,,,,,,,,Male,PBMC,,,,,,,,,,,,Male,PBMC,,,,,,,,
GSE35069_GPL13534_sample_10,GSE35069,GPL13534,FlowSorted_BloodCellTypes,,,case,pbmc_5 pbmc gender: male,"CpGCorpus,existing",False,True,False,cpgcorpus,2026-02-18T12:11:12.968033,,,,,data/ajhg2020/GSE35069/GPL13534/metadata/metadata.arrow,370d6475631662fa6037da39fd556ad6144d2b88d7c96800105c5fb44886e31b,GSM861645,PBMC_5,GSM861645,Public on Aug 03 2012,Jan 12 2012,Aug 03 2012,genomic,1,PBMC,Homo sapiens,gender: Male,tissue/cell type: PBMC,,,genomic DNA,"Genomic DNA was extracted and purified from all samples using QIAmp DNA Micro Kit (QIAGEN, Germany) according to standard instructions",Cy5 and Cy3,Standard Illumina Protocol,9606,"bisulphite converted DNA was amplified, fragmented and hybridised to Illumina Infinium Human Methylation540 Beadchip using standard Illumina protocol",Arrays were imaged using BeadArray Reader using standard recommended Illumina scanner setting,Obtained after Ficol separation and purification,"The raw data from GenomeStudio software (v2011.1) methylation module (v1.9.0) were imported into R v. 2.13 and analyzed with the Bioconductor lumi package. Color channel imbalance adjusted, background corrected, and quantile normalized M values followed by fitting a Gamma distribution.",GPL13534,"Lovisa,E,Reinius",lovisa.reinius@ki.se,Department of Biosciences and Nutrition,Karolinska Institutet,"Novum, Halsovagen 7-9",Huddinge,,14157,Sweden,NONE,,485577,,,cpgcorpus,GSE35069,GPL13534,FlowSorted_BloodCellTypes,,,case,pbmc_5 pbmc gender: male,"CpGCorpus,existing",False,True,False,cpgcorpus,2026-02-18T12:11:12.968033,,,,,data/ajhg2020/GSE35069/GPL13534/metadata/metadata.arrow,370d6475631662fa6037da39fd556ad6144d2b88d7c96800105c5fb44886e31b,GSM861645,PBMC_5,GSM861645,Public on Aug 03 2012,Jan 12 2012,Aug 03 2012,genomic,1,PBMC,Homo sapiens,gender: Male,tissue/cell type: PBMC,,,genomic DNA,"Genomic DNA was extracted and purified from all samples using QIAmp DNA Micro Kit (QIAGEN, Germany) according to standard instructions",Cy5 and Cy3,Standard Illumina Protocol,9606,"bisulphite converted DNA was amplified, fragmented and hybridised to Illumina Infinium Human Methylation540 Beadchip using standard Illumina protocol",Arrays were imaged using BeadArray Reader using standard recommended Illumina scanner setting,Obtained after Ficol separation and purification,"The raw data from GenomeStudio software (v2011.1) methylation module (v1.9.0) were imported into R v. 2.13 and analyzed with the Bioconductor lumi package. Color channel imbalance adjusted, background corrected, and quantile normalized M values followed by fitting a Gamma distribution.",GPL13534,"Lovisa,E,Reinius",lovisa.reinius@ki.se,Department of Biosciences and Nutrition,Karolinska Institutet,"Novum, Halsovagen 7-9",Huddinge,,14157,Sweden,NONE,,485577,,,cpgcorpus,GSE35069,GPL13534,FlowSorted_BloodCellTypes,,,case,pbmc_5 pbmc gender: male,CpGCorpus,False,True,False,cpgcorpus,2026-02-18T12:11:12.968033,,,,,data/ajhg2020/GSE35069/GPL13534/metadata/metadata.arrow,370d6475631662fa6037da39fd556ad6144d2b88d7c96800105c5fb44886e31b,GSM861645,PBMC_5,GSM861645,Public on Aug 03 2012,Jan 12 2012,Aug 03 2012,genomic,1,PBMC,Homo sapiens,gender: Male,tissue/cell type: PBMC,,,genomic DNA,"Genomic DNA was extracted and purified from all samples using QIAmp DNA Micro Kit (QIAGEN, Germany) according to standard instructions",Cy5 and Cy3,Standard Illumina Protocol,9606,"bisulphite converted DNA was amplified, fragmented and hybridised to Illumina Infinium Human Methylation540 Beadchip using standard Illumina protocol",Arrays were imaged using BeadArray Reader using standard recommended Illumina scanner setting,Obtained after Ficol separation and purification,"The raw data from GenomeStudio software (v2011.1) methylation module (v1.9.0) were imported into R v. 2.13 and analyzed with the Bioconductor lumi package. Color channel imbalance adjusted, background corrected, and quantile normalized M values followed by fitting a Gamma distribution.",GPL13534,"Lovisa,E,Reinius",lovisa.reinius@ki.se,Department of Biosciences and Nutrition,Karolinska Institutet,"Novum, Halsovagen 7-9",Huddinge,,14157,Sweden,NONE,,485577,,,cpgcorpus,,,,Male,PBMC,,,,,,,,,,,,Male,PBMC,,,,,,,,,,,,Male,PBMC,,,,,,,,
GSE35069_GPL13534_sample_11,GSE35069,GPL13534,FlowSorted_BloodCellTypes,,,case,pbmc_6 pbmc gender: male,"CpGCorpus,existing",False,True,False,cpgcorpus,2026-02-18T12:11:12.968033,,,,,data/ajhg2020/GSE35069/GPL13534/metadata/metadata.arrow,370d6475631662fa6037da39fd556ad6144d2b88d7c96800105c5fb44886e31b,GSM861646,PBMC_6,GSM861646,Public on Aug 03 2012,Jan 12 2012,Aug 03 2012,genomic,1,PBMC,Homo sapiens,gender: Male,tissue/cell type: PBMC,,,genomic DNA,"Genomic DNA was extracted and purified from all samples using QIAmp DNA Micro Kit (QIAGEN, Germany) according to standard instructions",Cy5 and Cy3,Standard Illumina Protocol,9606,"bisulphite converted DNA was amplified, fragmented and hybridised to Illumina Infinium Human Methylation540 Beadchip using standard Illumina protocol",Arrays were imaged using BeadArray Reader using standard recommended Illumina scanner setting,Obtained after Ficol separation and purification,"The raw data from GenomeStudio software (v2011.1) methylation module (v1.9.0) were imported into R v. 2.13 and analyzed with the Bioconductor lumi package. Color channel imbalance adjusted, background corrected, and quantile normalized M values followed by fitting a Gamma distribution.",GPL13534,"Lovisa,E,Reinius",lovisa.reinius@ki.se,Department of Biosciences and Nutrition,Karolinska Institutet,"Novum, Halsovagen 7-9",Huddinge,,14157,Sweden,NONE,,485577,,,cpgcorpus,GSE35069,GPL13534,FlowSorted_BloodCellTypes,,,case,pbmc_6 pbmc gender: male,"CpGCorpus,existing",False,True,False,cpgcorpus,2026-02-18T12:11:12.968033,,,,,data/ajhg2020/GSE35069/GPL13534/metadata/metadata.arrow,370d6475631662fa6037da39fd556ad6144d2b88d7c96800105c5fb44886e31b,GSM861646,PBMC_6,GSM861646,Public on Aug 03 2012,Jan 12 2012,Aug 03 2012,genomic,1,PBMC,Homo sapiens,gender: Male,tissue/cell type: PBMC,,,genomic DNA,"Genomic DNA was extracted and purified from all samples using QIAmp DNA Micro Kit (QIAGEN, Germany) according to standard instructions",Cy5 and Cy3,Standard Illumina Protocol,9606,"bisulphite converted DNA was amplified, fragmented and hybridised to Illumina Infinium Human Methylation540 Beadchip using standard Illumina protocol",Arrays were imaged using BeadArray Reader using standard recommended Illumina scanner setting,Obtained after Ficol separation and purification,"The raw data from GenomeStudio software (v2011.1) methylation module (v1.9.0) were imported into R v. 2.13 and analyzed with the Bioconductor lumi package. Color channel imbalance adjusted, background corrected, and quantile normalized M values followed by fitting a Gamma distribution.",GPL13534,"Lovisa,E,Reinius",lovisa.reinius@ki.se,Department of Biosciences and Nutrition,Karolinska Institutet,"Novum, Halsovagen 7-9",Huddinge,,14157,Sweden,NONE,,485577,,,cpgcorpus,GSE35069,GPL13534,FlowSorted_BloodCellTypes,,,case,pbmc_6 pbmc gender: male,CpGCorpus,False,True,False,cpgcorpus,2026-02-18T12:11:12.968033,,,,,data/ajhg2020/GSE35069/GPL13534/metadata/metadata.arrow,370d6475631662fa6037da39fd556ad6144d2b88d7c96800105c5fb44886e31b,GSM861646,PBMC_6,GSM861646,Public on Aug 03 2012,Jan 12 2012,Aug 03 2012,genomic,1,PBMC,Homo sapiens,gender: Male,tissue/cell type: PBMC,,,genomic DNA,"Genomic DNA was extracted and purified from all samples using QIAmp DNA Micro Kit (QIAGEN, Germany) according to standard instructions",Cy5 and Cy3,Standard Illumina Protocol,9606,"bisulphite converted DNA was amplified, fragmented and hybridised to Illumina Infinium Human Methylation540 Beadchip using standard Illumina protocol",Arrays were imaged using BeadArray Reader using standard recommended Illumina scanner setting,Obtained after Ficol separation and purification,"The raw data from GenomeStudio software (v2011.1) methylation module (v1.9.0) were imported into R v. 2.13 and analyzed with the Bioconductor lumi package. Color channel imbalance adjusted, background corrected, and quantile normalized M values followed by fitting a Gamma distribution.",GPL13534,"Lovisa,E,Reinius",lovisa.reinius@ki.se,Department of Biosciences and Nutrition,Karolinska Institutet,"Novum, Halsovagen 7-9",Huddinge,,14157,Sweden,NONE,,485577,,,cpgcorpus,,,,Male,PBMC,,,,,,,,,,,,Male,PBMC,,,,,,,,,,,,Male,PBMC,,,,,,,,
GSE35069_GPL13534_sample_12,GSE35069,GPL13534,FlowSorted_BloodCellTypes,,,case,gran_1 granulocytes gender: male,"CpGCorpus,existing",False,True,False,cpgcorpus,2026-02-18T12:11:12.968033,,,,,data/ajhg2020/GSE35069/GPL13534/metadata/metadata.arrow,370d6475631662fa6037da39fd556ad6144d2b88d7c96800105c5fb44886e31b,GSM861647,Gran_1,GSM861647,Public on Aug 03 2012,Jan 12 2012,Aug 03 2012,genomic,1,Granulocytes,Homo sapiens,gender: Male,tissue/cell type: Granulocytes,,,genomic DNA,"Genomic DNA was extracted and purified from all samples using QIAmp DNA Micro Kit (QIAGEN, Germany) according to standard instructions",Cy5 and Cy3,Standard Illumina Protocol,9606,"bisulphite converted DNA was amplified, fragmented and hybridised to Illumina Infinium Human Methylation540 Beadchip using standard Illumina protocol",Arrays were imaged using BeadArray Reader using standard recommended Illumina scanner setting,Obtained after Ficol separation and purification of pellet,"The raw data from GenomeStudio software (v2011.1) methylation module (v1.9.0) were imported into R v. 2.13 and analyzed with the Bioconductor lumi package. Color channel imbalance adjusted, background corrected, and quantile normalized M values followed by fitting a Gamma distribution.",GPL13534,"Lovisa,E,Reinius",lovisa.reinius@ki.se,Department of Biosciences and Nutrition,Karolinska Institutet,"Novum, Halsovagen 7-9",Huddinge,,14157,Sweden,NONE,,485577,,,cpgcorpus,GSE35069,GPL13534,FlowSorted_BloodCellTypes,,,case,gran_1 granulocytes gender: male,"CpGCorpus,existing",False,True,False,cpgcorpus,2026-02-18T12:11:12.968033,,,,,data/ajhg2020/GSE35069/GPL13534/metadata/metadata.arrow,370d6475631662fa6037da39fd556ad6144d2b88d7c96800105c5fb44886e31b,GSM861647,Gran_1,GSM861647,Public on Aug 03 2012,Jan 12 2012,Aug 03 2012,genomic,1,Granulocytes,Homo sapiens,gender: Male,tissue/cell type: Granulocytes,,,genomic DNA,"Genomic DNA was extracted and purified from all samples using QIAmp DNA Micro Kit (QIAGEN, Germany) according to standard instructions",Cy5 and Cy3,Standard Illumina Protocol,9606,"bisulphite converted DNA was amplified, fragmented and hybridised to Illumina Infinium Human Methylation540 Beadchip using standard Illumina protocol",Arrays were imaged using BeadArray Reader using standard recommended Illumina scanner setting,Obtained after Ficol separation and purification of pellet,"The raw data from GenomeStudio software (v2011.1) methylation module (v1.9.0) were imported into R v. 2.13 and analyzed with the Bioconductor lumi package. Color channel imbalance adjusted, background corrected, and quantile normalized M values followed by fitting a Gamma distribution.",GPL13534,"Lovisa,E,Reinius",lovisa.reinius@ki.se,Department of Biosciences and Nutrition,Karolinska Institutet,"Novum, Halsovagen 7-9",Huddinge,,14157,Sweden,NONE,,485577,,,cpgcorpus,GSE35069,GPL13534,FlowSorted_BloodCellTypes,,,case,gran_1 granulocytes gender: male,CpGCorpus,False,True,False,cpgcorpus,2026-02-18T12:11:12.968033,,,,,data/ajhg2020/GSE35069/GPL13534/metadata/metadata.arrow,370d6475631662fa6037da39fd556ad6144d2b88d7c96800105c5fb44886e31b,GSM861647,Gran_1,GSM861647,Public on Aug 03 2012,Jan 12 2012,Aug 03 2012,genomic,1,Granulocytes,Homo sapiens,gender: Male,tissue/cell type: Granulocytes,,,genomic DNA,"Genomic DNA was extracted and purified from all samples using QIAmp DNA Micro Kit (QIAGEN, Germany) according to standard instructions",Cy5 and Cy3,Standard Illumina Protocol,9606,"bisulphite converted DNA was amplified, fragmented and hybridised to Illumina Infinium Human Methylation540 Beadchip using standard Illumina protocol",Arrays were imaged using BeadArray Reader using standard recommended Illumina scanner setting,Obtained after Ficol separation and purification of pellet,"The raw data from GenomeStudio software (v2011.1) methylation module (v1.9.0) were imported into R v. 2.13 and analyzed with the Bioconductor lumi package. Color channel imbalance adjusted, background corrected, and quantile normalized M values followed by fitting a Gamma distribution.",GPL13534,"Lovisa,E,Reinius",lovisa.reinius@ki.se,Department of Biosciences and Nutrition,Karolinska Institutet,"Novum, Halsovagen 7-9",Huddinge,,14157,Sweden,NONE,,485577,,,cpgcorpus,,,,Male,Granulocytes,,,,,,,,,,,,Male,Granulocytes,,,,,,,,,,,,Male,Granulocytes,,,,,,,,
GSE35069_GPL13534_sample_13,GSE35069,GPL13534,FlowSorted_BloodCellTypes,,,case,gran_2 granulocytes gender: male,"CpGCorpus,existing",False,True,False,cpgcorpus,2026-02-18T12:11:12.968033,,,,,data/ajhg2020/GSE35069/GPL13534/metadata/metadata.arrow,370d6475631662fa6037da39fd556ad6144d2b88d7c96800105c5fb44886e31b,GSM861648,Gran_2,GSM861648,Public on Aug 03 2012,Jan 12 2012,Aug 03 2012,genomic,1,Granulocytes,Homo sapiens,gender: Male,tissue/cell type: Granulocytes,,,genomic DNA,"Genomic DNA was extracted and purified from all samples using QIAmp DNA Micro Kit (QIAGEN, Germany) according to standard instructions",Cy5 and Cy3,Standard Illumina Protocol,9606,"bisulphite converted DNA was amplified, fragmented and hybridised to Illumina Infinium Human Methylation540 Beadchip using standard Illumina protocol",Arrays were imaged using BeadArray Reader using standard recommended Illumina scanner setting,Obtained after Ficol separation and purification of pellet,"The raw data from GenomeStudio software (v2011.1) methylation module (v1.9.0) were imported into R v. 2.13 and analyzed with the Bioconductor lumi package. Color channel imbalance adjusted, background corrected, and quantile normalized M values followed by fitting a Gamma distribution.",GPL13534,"Lovisa,E,Reinius",lovisa.reinius@ki.se,Department of Biosciences and Nutrition,Karolinska Institutet,"Novum, Halsovagen 7-9",Huddinge,,14157,Sweden,NONE,,485577,,,cpgcorpus,GSE35069,GPL13534,FlowSorted_BloodCellTypes,,,case,gran_2 granulocytes gender: male,"CpGCorpus,existing",False,True,False,cpgcorpus,2026-02-18T12:11:12.968033,,,,,data/ajhg2020/GSE35069/GPL13534/metadata/metadata.arrow,370d6475631662fa6037da39fd556ad6144d2b88d7c96800105c5fb44886e31b,GSM861648,Gran_2,GSM861648,Public on Aug 03 2012,Jan 12 2012,Aug 03 2012,genomic,1,Granulocytes,Homo sapiens,gender: Male,tissue/cell type: Granulocytes,,,genomic DNA,"Genomic DNA was extracted and purified from all samples using QIAmp DNA Micro Kit (QIAGEN, Germany) according to standard instructions",Cy5 and Cy3,Standard Illumina Protocol,9606,"bisulphite converted DNA was amplified, fragmented and hybridised to Illumina Infinium Human Methylation540 Beadchip using standard Illumina protocol",Arrays were imaged using BeadArray Reader using standard recommended Illumina scanner setting,Obtained after Ficol separation and purification of pellet,"The raw data from GenomeStudio software (v2011.1) methylation module (v1.9.0) were imported into R v. 2.13 and analyzed with the Bioconductor lumi package. Color channel imbalance adjusted, background corrected, and quantile normalized M values followed by fitting a Gamma distribution.",GPL13534,"Lovisa,E,Reinius",lovisa.reinius@ki.se,Department of Biosciences and Nutrition,Karolinska Institutet,"Novum, Halsovagen 7-9",Huddinge,,14157,Sweden,NONE,,485577,,,cpgcorpus,GSE35069,GPL13534,FlowSorted_BloodCellTypes,,,case,gran_2 granulocytes gender: male,CpGCorpus,False,True,False,cpgcorpus,2026-02-18T12:11:12.968033,,,,,data/ajhg2020/GSE35069/GPL13534/metadata/metadata.arrow,370d6475631662fa6037da39fd556ad6144d2b88d7c96800105c5fb44886e31b,GSM861648,Gran_2,GSM861648,Public on Aug 03 2012,Jan 12 2012,Aug 03 2012,genomic,1,Granulocytes,Homo sapiens,gender: Male,tissue/cell type: Granulocytes,,,genomic DNA,"Genomic DNA was extracted and purified from all samples using QIAmp DNA Micro Kit (QIAGEN, Germany) according to standard instructions",Cy5 and Cy3,Standard Illumina Protocol,9606,"bisulphite converted DNA was amplified, fragmented and hybridised to Illumina Infinium Human Methylation540 Beadchip using standard Illumina protocol",Arrays were imaged using BeadArray Reader using standard recommended Illumina scanner setting,Obtained after Ficol separation and purification of pellet,"The raw data from GenomeStudio software (v2011.1) methylation module (v1.9.0) were imported into R v. 2.13 and analyzed with the Bioconductor lumi package. Color channel imbalance adjusted, background corrected, and quantile normalized M values followed by fitting a Gamma distribution.",GPL13534,"Lovisa,E,Reinius",lovisa.reinius@ki.se,Department of Biosciences and Nutrition,Karolinska Institutet,"Novum, Halsovagen 7-9",Huddinge,,14157,Sweden,NONE,,485577,,,cpgcorpus,,,,Male,Granulocytes,,,,,,,,,,,,Male,Granulocytes,,,,,,,,,,,,Male,Granulocytes,,,,,,,,
GSE35069_GPL13534_sample_14,GSE35069,GPL13534,FlowSorted_BloodCellTypes,,,case,gran_3 granulocytes gender: male,"CpGCorpus,existing",False,True,False,cpgcorpus,2026-02-18T12:11:12.968033,,,,,data/ajhg2020/GSE35069/GPL13534/metadata/metadata.arrow,370d6475631662fa6037da39fd556ad6144d2b88d7c96800105c5fb44886e31b,GSM861649,Gran_3,GSM861649,Public on Aug 03 2012,Jan 12 2012,Aug 03 2012,genomic,1,Granulocytes,Homo sapiens,gender: Male,tissue/cell type: Granulocytes,,,genomic DNA,"Genomic DNA was extracted and purified from all samples using QIAmp DNA Micro Kit (QIAGEN, Germany) according to standard instructions",Cy5 and Cy3,Standard Illumina Protocol,9606,"bisulphite converted DNA was amplified, fragmented and hybridised to Illumina Infinium Human Methylation540 Beadchip using standard Illumina protocol",Arrays were imaged using BeadArray Reader using standard recommended Illumina scanner setting,Obtained after Ficol separation and purification of pellet,"The raw data from GenomeStudio software (v2011.1) methylation module (v1.9.0) were imported into R v. 2.13 and analyzed with the Bioconductor lumi package. Color channel imbalance adjusted, background corrected, and quantile normalized M values followed by fitting a Gamma distribution.",GPL13534,"Lovisa,E,Reinius",lovisa.reinius@ki.se,Department of Biosciences and Nutrition,Karolinska Institutet,"Novum, Halsovagen 7-9",Huddinge,,14157,Sweden,NONE,,485577,,,cpgcorpus,GSE35069,GPL13534,FlowSorted_BloodCellTypes,,,case,gran_3 granulocytes gender: male,"CpGCorpus,existing",False,True,False,cpgcorpus,2026-02-18T12:11:12.968033,,,,,data/ajhg2020/GSE35069/GPL13534/metadata/metadata.arrow,370d6475631662fa6037da39fd556ad6144d2b88d7c96800105c5fb44886e31b,GSM861649,Gran_3,GSM861649,Public on Aug 03 2012,Jan 12 2012,Aug 03 2012,genomic,1,Granulocytes,Homo sapiens,gender: Male,tissue/cell type: Granulocytes,,,genomic DNA,"Genomic DNA was extracted and purified from all samples using QIAmp DNA Micro Kit (QIAGEN, Germany) according to standard instructions",Cy5 and Cy3,Standard Illumina Protocol,9606,"bisulphite converted DNA was amplified, fragmented and hybridised to Illumina Infinium Human Methylation540 Beadchip using standard Illumina protocol",Arrays were imaged using BeadArray Reader using standard recommended Illumina scanner setting,Obtained after Ficol separation and purification of pellet,"The raw data from GenomeStudio software (v2011.1) methylation module (v1.9.0) were imported into R v. 2.13 and analyzed with the Bioconductor lumi package. Color channel imbalance adjusted, background corrected, and quantile normalized M values followed by fitting a Gamma distribution.",GPL13534,"Lovisa,E,Reinius",lovisa.reinius@ki.se,Department of Biosciences and Nutrition,Karolinska Institutet,"Novum, Halsovagen 7-9",Huddinge,,14157,Sweden,NONE,,485577,,,cpgcorpus,GSE35069,GPL13534,FlowSorted_BloodCellTypes,,,case,gran_3 granulocytes gender: male,CpGCorpus,False,True,False,cpgcorpus,2026-02-18T12:11:12.968033,,,,,data/ajhg2020/GSE35069/GPL13534/metadata/metadata.arrow,370d6475631662fa6037da39fd556ad6144d2b88d7c96800105c5fb44886e31b,GSM861649,Gran_3,GSM861649,Public on Aug 03 2012,Jan 12 2012,Aug 03 2012,genomic,1,Granulocytes,Homo sapiens,gender: Male,tissue/cell type: Granulocytes,,,genomic DNA,"Genomic DNA was extracted and purified from all samples using QIAmp DNA Micro Kit (QIAGEN, Germany) according to standard instructions",Cy5 and Cy3,Standard Illumina Protocol,9606,"bisulphite converted DNA was amplified, fragmented and hybridised to Illumina Infinium Human Methylation540 Beadchip using standard Illumina protocol",Arrays were imaged using BeadArray Reader using standard recommended Illumina scanner setting,Obtained after Ficol separation and purification of pellet,"The raw data from GenomeStudio software (v2011.1) methylation module (v1.9.0) were imported into R v. 2.13 and analyzed with the Bioconductor lumi package. Color channel imbalance adjusted, background corrected, and quantile normalized M values followed by fitting a Gamma distribution.",GPL13534,"Lovisa,E,Reinius",lovisa.reinius@ki.se,Department of Biosciences and Nutrition,Karolinska Institutet,"Novum, Halsovagen 7-9",Huddinge,,14157,Sweden,NONE,,485577,,,cpgcorpus,,,,Male,Granulocytes,,,,,,,,,,,,Male,Granulocytes,,,,,,,,,,,,Male,Granulocytes,,,,,,,,
GSE35069_GPL13534_sample_15,GSE35069,GPL13534,FlowSorted_BloodCellTypes,,,case,gran_4 granulocytes gender: male,"CpGCorpus,existing",False,True,False,cpgcorpus,2026-02-18T12:11:12.968033,,,,,data/ajhg2020/GSE35069/GPL13534/metadata/metadata.arrow,370d6475631662fa6037da39fd556ad6144d2b88d7c96800105c5fb44886e31b,GSM861650,Gran_4,GSM861650,Public on Aug 03 2012,Jan 12 2012,Aug 03 2012,genomic,1,Granulocytes,Homo sapiens,gender: Male,tissue/cell type: Granulocytes,,,genomic DNA,"Genomic DNA was extracted and purified from all samples using QIAmp DNA Micro Kit (QIAGEN, Germany) according to standard instructions",Cy5 and Cy3,Standard Illumina Protocol,9606,"bisulphite converted DNA was amplified, fragmented and hybridised to Illumina Infinium Human Methylation540 Beadchip using standard Illumina protocol",Arrays were imaged using BeadArray Reader using standard recommended Illumina scanner setting,Obtained after Ficol separation and purification of pellet,"The raw data from GenomeStudio software (v2011.1) methylation module (v1.9.0) were imported into R v. 2.13 and analyzed with the Bioconductor lumi package. Color channel imbalance adjusted, background corrected, and quantile normalized M values followed by fitting a Gamma distribution.",GPL13534,"Lovisa,E,Reinius",lovisa.reinius@ki.se,Department of Biosciences and Nutrition,Karolinska Institutet,"Novum, Halsovagen 7-9",Huddinge,,14157,Sweden,NONE,,485577,,,cpgcorpus,GSE35069,GPL13534,FlowSorted_BloodCellTypes,,,case,gran_4 granulocytes gender: male,"CpGCorpus,existing",False,True,False,cpgcorpus,2026-02-18T12:11:12.968033,,,,,data/ajhg2020/GSE35069/GPL13534/metadata/metadata.arrow,370d6475631662fa6037da39fd556ad6144d2b88d7c96800105c5fb44886e31b,GSM861650,Gran_4,GSM861650,Public on Aug 03 2012,Jan 12 2012,Aug 03 2012,genomic,1,Granulocytes,Homo sapiens,gender: Male,tissue/cell type: Granulocytes,,,genomic DNA,"Genomic DNA was extracted and purified from all samples using QIAmp DNA Micro Kit (QIAGEN, Germany) according to standard instructions",Cy5 and Cy3,Standard Illumina Protocol,9606,"bisulphite converted DNA was amplified, fragmented and hybridised to Illumina Infinium Human Methylation540 Beadchip using standard Illumina protocol",Arrays were imaged using BeadArray Reader using standard recommended Illumina scanner setting,Obtained after Ficol separation and purification of pellet,"The raw data from GenomeStudio software (v2011.1) methylation module (v1.9.0) were imported into R v. 2.13 and analyzed with the Bioconductor lumi package. Color channel imbalance adjusted, background corrected, and quantile normalized M values followed by fitting a Gamma distribution.",GPL13534,"Lovisa,E,Reinius",lovisa.reinius@ki.se,Department of Biosciences and Nutrition,Karolinska Institutet,"Novum, Halsovagen 7-9",Huddinge,,14157,Sweden,NONE,,485577,,,cpgcorpus,GSE35069,GPL13534,FlowSorted_BloodCellTypes,,,case,gran_4 granulocytes gender: male,CpGCorpus,False,True,False,cpgcorpus,2026-02-18T12:11:12.968033,,,,,data/ajhg2020/GSE35069/GPL13534/metadata/metadata.arrow,370d6475631662fa6037da39fd556ad6144d2b88d7c96800105c5fb44886e31b,GSM861650,Gran_4,GSM861650,Public on Aug 03 2012,Jan 12 2012,Aug 03 2012,genomic,1,Granulocytes,Homo sapiens,gender: Male,tissue/cell type: Granulocytes,,,genomic DNA,"Genomic DNA was extracted and purified from all samples using QIAmp DNA Micro Kit (QIAGEN, Germany) according to standard instructions",Cy5 and Cy3,Standard Illumina Protocol,9606,"bisulphite converted DNA was amplified, fragmented and hybridised to Illumina Infinium Human Methylation540 Beadchip using standard Illumina protocol",Arrays were imaged using BeadArray Reader using standard recommended Illumina scanner setting,Obtained after Ficol separation and purification of pellet,"The raw data from GenomeStudio software (v2011.1) methylation module (v1.9.0) were imported into R v. 2.13 and analyzed with the Bioconductor lumi package. Color channel imbalance adjusted, background corrected, and quantile normalized M values followed by fitting a Gamma distribution.",GPL13534,"Lovisa,E,Reinius",lovisa.reinius@ki.se,Department of Biosciences and Nutrition,Karolinska Institutet,"Novum, Halsovagen 7-9",Huddinge,,14157,Sweden,NONE,,485577,,,cpgcorpus,,,,Male,Granulocytes,,,,,,,,,,,,Male,Granulocytes,,,,,,,,,,,,Male,Granulocytes,,,,,,,,
GSE35069_GPL13534_sample_16,GSE35069,GPL13534,FlowSorted_BloodCellTypes,,,case,gran_5 granulocytes gender: male,"CpGCorpus,existing",False,True,False,cpgcorpus,2026-02-18T12:11:12.968033,,,,,data/ajhg2020/GSE35069/GPL13534/metadata/metadata.arrow,370d6475631662fa6037da39fd556ad6144d2b88d7c96800105c5fb44886e31b,GSM861651,Gran_5,GSM861651,Public on Aug 03 2012,Jan 12 2012,Aug 03 2012,genomic,1,Granulocytes,Homo sapiens,gender: Male,tissue/cell type: Granulocytes,,,genomic DNA,"Genomic DNA was extracted and purified from all samples using QIAmp DNA Micro Kit (QIAGEN, Germany) according to standard instructions",Cy5 and Cy3,Standard Illumina Protocol,9606,"bisulphite converted DNA was amplified, fragmented and hybridised to Illumina Infinium Human Methylation540 Beadchip using standard Illumina protocol",Arrays were imaged using BeadArray Reader using standard recommended Illumina scanner setting,Obtained after Ficol separation and purification of pellet,"The raw data from GenomeStudio software (v2011.1) methylation module (v1.9.0) were imported into R v. 2.13 and analyzed with the Bioconductor lumi package. Color channel imbalance adjusted, background corrected, and quantile normalized M values followed by fitting a Gamma distribution.",GPL13534,"Lovisa,E,Reinius",lovisa.reinius@ki.se,Department of Biosciences and Nutrition,Karolinska Institutet,"Novum, Halsovagen 7-9",Huddinge,,14157,Sweden,NONE,,485577,,,cpgcorpus,GSE35069,GPL13534,FlowSorted_BloodCellTypes,,,case,gran_5 granulocytes gender: male,"CpGCorpus,existing",False,True,False,cpgcorpus,2026-02-18T12:11:12.968033,,,,,data/ajhg2020/GSE35069/GPL13534/metadata/metadata.arrow,370d6475631662fa6037da39fd556ad6144d2b88d7c96800105c5fb44886e31b,GSM861651,Gran_5,GSM861651,Public on Aug 03 2012,Jan 12 2012,Aug 03 2012,genomic,1,Granulocytes,Homo sapiens,gender: Male,tissue/cell type: Granulocytes,,,genomic DNA,"Genomic DNA was extracted and purified from all samples using QIAmp DNA Micro Kit (QIAGEN, Germany) according to standard instructions",Cy5 and Cy3,Standard Illumina Protocol,9606,"bisulphite converted DNA was amplified, fragmented and hybridised to Illumina Infinium Human Methylation540 Beadchip using standard Illumina protocol",Arrays were imaged using BeadArray Reader using standard recommended Illumina scanner setting,Obtained after Ficol separation and purification of pellet,"The raw data from GenomeStudio software (v2011.1) methylation module (v1.9.0) were imported into R v. 2.13 and analyzed with the Bioconductor lumi package. Color channel imbalance adjusted, background corrected, and quantile normalized M values followed by fitting a Gamma distribution.",GPL13534,"Lovisa,E,Reinius",lovisa.reinius@ki.se,Department of Biosciences and Nutrition,Karolinska Institutet,"Novum, Halsovagen 7-9",Huddinge,,14157,Sweden,NONE,,485577,,,cpgcorpus,GSE35069,GPL13534,FlowSorted_BloodCellTypes,,,case,gran_5 granulocytes gender: male,CpGCorpus,False,True,False,cpgcorpus,2026-02-18T12:11:12.968033,,,,,data/ajhg2020/GSE35069/GPL13534/metadata/metadata.arrow,370d6475631662fa6037da39fd556ad6144d2b88d7c96800105c5fb44886e31b,GSM861651,Gran_5,GSM861651,Public on Aug 03 2012,Jan 12 2012,Aug 03 2012,genomic,1,Granulocytes,Homo sapiens,gender: Male,tissue/cell type: Granulocytes,,,genomic DNA,"Genomic DNA was extracted and purified from all samples using QIAmp DNA Micro Kit (QIAGEN, Germany) according to standard instructions",Cy5 and Cy3,Standard Illumina Protocol,9606,"bisulphite converted DNA was amplified, fragmented and hybridised to Illumina Infinium Human Methylation540 Beadchip using standard Illumina protocol",Arrays were imaged using BeadArray Reader using standard recommended Illumina scanner setting,Obtained after Ficol separation and purification of pellet,"The raw data from GenomeStudio software (v2011.1) methylation module (v1.9.0) were imported into R v. 2.13 and analyzed with the Bioconductor lumi package. Color channel imbalance adjusted, background corrected, and quantile normalized M values followed by fitting a Gamma distribution.",GPL13534,"Lovisa,E,Reinius",lovisa.reinius@ki.se,Department of Biosciences and Nutrition,Karolinska Institutet,"Novum, Halsovagen 7-9",Huddinge,,14157,Sweden,NONE,,485577,,,cpgcorpus,,,,Male,Granulocytes,,,,,,,,,,,,Male,Granulocytes,,,,,,,,,,,,Male,Granulocytes,,,,,,,,
GSE35069_GPL13534_sample_17,GSE35069,GPL13534,FlowSorted_BloodCellTypes,,,case,gran_6 granulocytes gender: male,"CpGCorpus,existing",False,True,False,cpgcorpus,2026-02-18T12:11:12.968033,,,,,data/ajhg2020/GSE35069/GPL13534/metadata/metadata.arrow,370d6475631662fa6037da39fd556ad6144d2b88d7c96800105c5fb44886e31b,GSM861652,Gran_6,GSM861652,Public on Aug 03 2012,Jan 12 2012,Aug 03 2012,genomic,1,Granulocytes,Homo sapiens,gender: Male,tissue/cell type: Granulocytes,,,genomic DNA,"Genomic DNA was extracted and purified from all samples using QIAmp DNA Micro Kit (QIAGEN, Germany) according to standard instructions",Cy5 and Cy3,Standard Illumina Protocol,9606,"bisulphite converted DNA was amplified, fragmented and hybridised to Illumina Infinium Human Methylation540 Beadchip using standard Illumina protocol",Arrays were imaged using BeadArray Reader using standard recommended Illumina scanner setting,Obtained after Ficol separation and purification of pellet,"The raw data from GenomeStudio software (v2011.1) methylation module (v1.9.0) were imported into R v. 2.13 and analyzed with the Bioconductor lumi package. Color channel imbalance adjusted, background corrected, and quantile normalized M values followed by fitting a Gamma distribution.",GPL13534,"Lovisa,E,Reinius",lovisa.reinius@ki.se,Department of Biosciences and Nutrition,Karolinska Institutet,"Novum, Halsovagen 7-9",Huddinge,,14157,Sweden,NONE,,485577,,,cpgcorpus,GSE35069,GPL13534,FlowSorted_BloodCellTypes,,,case,gran_6 granulocytes gender: male,"CpGCorpus,existing",False,True,False,cpgcorpus,2026-02-18T12:11:12.968033,,,,,data/ajhg2020/GSE35069/GPL13534/metadata/metadata.arrow,370d6475631662fa6037da39fd556ad6144d2b88d7c96800105c5fb44886e31b,GSM861652,Gran_6,GSM861652,Public on Aug 03 2012,Jan 12 2012,Aug 03 2012,genomic,1,Granulocytes,Homo sapiens,gender: Male,tissue/cell type: Granulocytes,,,genomic DNA,"Genomic DNA was extracted and purified from all samples using QIAmp DNA Micro Kit (QIAGEN, Germany) according to standard instructions",Cy5 and Cy3,Standard Illumina Protocol,9606,"bisulphite converted DNA was amplified, fragmented and hybridised to Illumina Infinium Human Methylation540 Beadchip using standard Illumina protocol",Arrays were imaged using BeadArray Reader using standard recommended Illumina scanner setting,Obtained after Ficol separation and purification of pellet,"The raw data from GenomeStudio software (v2011.1) methylation module (v1.9.0) were imported into R v. 2.13 and analyzed with the Bioconductor lumi package. Color channel imbalance adjusted, background corrected, and quantile normalized M values followed by fitting a Gamma distribution.",GPL13534,"Lovisa,E,Reinius",lovisa.reinius@ki.se,Department of Biosciences and Nutrition,Karolinska Institutet,"Novum, Halsovagen 7-9",Huddinge,,14157,Sweden,NONE,,485577,,,cpgcorpus,GSE35069,GPL13534,FlowSorted_BloodCellTypes,,,case,gran_6 granulocytes gender: male,CpGCorpus,False,True,False,cpgcorpus,2026-02-18T12:11:12.968033,,,,,data/ajhg2020/GSE35069/GPL13534/metadata/metadata.arrow,370d6475631662fa6037da39fd556ad6144d2b88d7c96800105c5fb44886e31b,GSM861652,Gran_6,GSM861652,Public on Aug 03 2012,Jan 12 2012,Aug 03 2012,genomic,1,Granulocytes,Homo sapiens,gender: Male,tissue/cell type: Granulocytes,,,genomic DNA,"Genomic DNA was extracted and purified from all samples using QIAmp DNA Micro Kit (QIAGEN, Germany) according to standard instructions",Cy5 and Cy3,Standard Illumina Protocol,9606,"bisulphite converted DNA was amplified, fragmented and hybridised to Illumina Infinium Human Methylation540 Beadchip using standard Illumina protocol",Arrays were imaged using BeadArray Reader using standard recommended Illumina scanner setting,Obtained after Ficol separation and purification of pellet,"The raw data from GenomeStudio software (v2011.1) methylation module (v1.9.0) were imported into R v. 2.13 and analyzed with the Bioconductor lumi package. Color channel imbalance adjusted, background corrected, and quantile normalized M values followed by fitting a Gamma distribution.",GPL13534,"Lovisa,E,Reinius",lovisa.reinius@ki.se,Department of Biosciences and Nutrition,Karolinska Institutet,"Novum, Halsovagen 7-9",Huddinge,,14157,Sweden,NONE,,485577,,,cpgcorpus,,,,Male,Granulocytes,,,,,,,,,,,,Male,Granulocytes,,,,,,,,,,,,Male,Granulocytes,,,,,,,,
GSE35069_GPL13534_sample_18,GSE35069,GPL13534,FlowSorted_BloodCellTypes,,,case,cd4+_1 cd4+ t cells gender: male,"CpGCorpus,existing",False,True,False,cpgcorpus,2026-02-18T12:11:12.968033,,,,,data/ajhg2020/GSE35069/GPL13534/metadata/metadata.arrow,370d6475631662fa6037da39fd556ad6144d2b88d7c96800105c5fb44886e31b,GSM861653,CD4+_1,GSM861653,Public on Aug 03 2012,Jan 12 2012,Aug 03 2012,genomic,1,CD4+ T cells,Homo sapiens,gender: Male,tissue/cell type: CD4+ T cells,,,genomic DNA,"Genomic DNA was extracted and purified from all samples using QIAmp DNA Micro Kit (QIAGEN, Germany) according to standard instructions",Cy5 and Cy3,Standard Illumina Protocol,9606,"bisulphite converted DNA was amplified, fragmented and hybridised to Illumina Infinium Human Methylation540 Beadchip using standard Illumina protocol",Arrays were imaged using BeadArray Reader using standard recommended Illumina scanner setting,anti-CD4 magnetic-activated cell sorting,"The raw data from GenomeStudio software (v2011.1) methylation module (v1.9.0) were imported into R v. 2.13 and analyzed with the Bioconductor lumi package. Color channel imbalance adjusted, background corrected, and quantile normalized M values followed by fitting a Gamma distribution.",GPL13534,"Lovisa,E,Reinius",lovisa.reinius@ki.se,Department of Biosciences and Nutrition,Karolinska Institutet,"Novum, Halsovagen 7-9",Huddinge,,14157,Sweden,NONE,,485577,,,cpgcorpus,GSE35069,GPL13534,FlowSorted_BloodCellTypes,,,case,cd4+_1 cd4+ t cells gender: male,"CpGCorpus,existing",False,True,False,cpgcorpus,2026-02-18T12:11:12.968033,,,,,data/ajhg2020/GSE35069/GPL13534/metadata/metadata.arrow,370d6475631662fa6037da39fd556ad6144d2b88d7c96800105c5fb44886e31b,GSM861653,CD4+_1,GSM861653,Public on Aug 03 2012,Jan 12 2012,Aug 03 2012,genomic,1,CD4+ T cells,Homo sapiens,gender: Male,tissue/cell type: CD4+ T cells,,,genomic DNA,"Genomic DNA was extracted and purified from all samples using QIAmp DNA Micro Kit (QIAGEN, Germany) according to standard instructions",Cy5 and Cy3,Standard Illumina Protocol,9606,"bisulphite converted DNA was amplified, fragmented and hybridised to Illumina Infinium Human Methylation540 Beadchip using standard Illumina protocol",Arrays were imaged using BeadArray Reader using standard recommended Illumina scanner setting,anti-CD4 magnetic-activated cell sorting,"The raw data from GenomeStudio software (v2011.1) methylation module (v1.9.0) were imported into R v. 2.13 and analyzed with the Bioconductor lumi package. Color channel imbalance adjusted, background corrected, and quantile normalized M values followed by fitting a Gamma distribution.",GPL13534,"Lovisa,E,Reinius",lovisa.reinius@ki.se,Department of Biosciences and Nutrition,Karolinska Institutet,"Novum, Halsovagen 7-9",Huddinge,,14157,Sweden,NONE,,485577,,,cpgcorpus,GSE35069,GPL13534,FlowSorted_BloodCellTypes,,,case,cd4+_1 cd4+ t cells gender: male,CpGCorpus,False,True,False,cpgcorpus,2026-02-18T12:11:12.968033,,,,,data/ajhg2020/GSE35069/GPL13534/metadata/metadata.arrow,370d6475631662fa6037da39fd556ad6144d2b88d7c96800105c5fb44886e31b,GSM861653,CD4+_1,GSM861653,Public on Aug 03 2012,Jan 12 2012,Aug 03 2012,genomic,1,CD4+ T cells,Homo sapiens,gender: Male,tissue/cell type: CD4+ T cells,,,genomic DNA,"Genomic DNA was extracted and purified from all samples using QIAmp DNA Micro Kit (QIAGEN, Germany) according to standard instructions",Cy5 and Cy3,Standard Illumina Protocol,9606,"bisulphite converted DNA was amplified, fragmented and hybridised to Illumina Infinium Human Methylation540 Beadchip using standard Illumina protocol",Arrays were imaged using BeadArray Reader using standard recommended Illumina scanner setting,anti-CD4 magnetic-activated cell sorting,"The raw data from GenomeStudio software (v2011.1) methylation module (v1.9.0) were imported into R v. 2.13 and analyzed with the Bioconductor lumi package. Color channel imbalance adjusted, background corrected, and quantile normalized M values followed by fitting a Gamma distribution.",GPL13534,"Lovisa,E,Reinius",lovisa.reinius@ki.se,Department of Biosciences and Nutrition,Karolinska Institutet,"Novum, Halsovagen 7-9",Huddinge,,14157,Sweden,NONE,,485577,,,cpgcorpus,,,,Male,CD4+ T cells,,,,,,,,,,,,Male,CD4+ T cells,,,,,,,,,,,,Male,CD4+ T cells,,,,,,,,
GSE35069_GPL13534_sample_19,GSE35069,GPL13534,FlowSorted_BloodCellTypes,,,case,cd4+_2 cd4+ t cells gender: male,"CpGCorpus,existing",False,True,False,cpgcorpus,2026-02-18T12:11:12.968033,,,,,data/ajhg2020/GSE35069/GPL13534/metadata/metadata.arrow,370d6475631662fa6037da39fd556ad6144d2b88d7c96800105c5fb44886e31b,GSM861654,CD4+_2,GSM861654,Public on Aug 03 2012,Jan 12 2012,Aug 03 2012,genomic,1,CD4+ T cells,Homo sapiens,gender: Male,tissue/cell type: CD4+ T cells,,,genomic DNA,"Genomic DNA was extracted and purified from all samples using QIAmp DNA Micro Kit (QIAGEN, Germany) according to standard instructions",Cy5 and Cy3,Standard Illumina Protocol,9606,"bisulphite converted DNA was amplified, fragmented and hybridised to Illumina Infinium Human Methylation540 Beadchip using standard Illumina protocol",Arrays were imaged using BeadArray Reader using standard recommended Illumina scanner setting,anti-CD4 magnetic-activated cell sorting,"The raw data from GenomeStudio software (v2011.1) methylation module (v1.9.0) were imported into R v. 2.13 and analyzed with the Bioconductor lumi package. Color channel imbalance adjusted, background corrected, and quantile normalized M values followed by fitting a Gamma distribution.",GPL13534,"Lovisa,E,Reinius",lovisa.reinius@ki.se,Department of Biosciences and Nutrition,Karolinska Institutet,"Novum, Halsovagen 7-9",Huddinge,,14157,Sweden,NONE,,485577,,,cpgcorpus,GSE35069,GPL13534,FlowSorted_BloodCellTypes,,,case,cd4+_2 cd4+ t cells gender: male,"CpGCorpus,existing",False,True,False,cpgcorpus,2026-02-18T12:11:12.968033,,,,,data/ajhg2020/GSE35069/GPL13534/metadata/metadata.arrow,370d6475631662fa6037da39fd556ad6144d2b88d7c96800105c5fb44886e31b,GSM861654,CD4+_2,GSM861654,Public on Aug 03 2012,Jan 12 2012,Aug 03 2012,genomic,1,CD4+ T cells,Homo sapiens,gender: Male,tissue/cell type: CD4+ T cells,,,genomic DNA,"Genomic DNA was extracted and purified from all samples using QIAmp DNA Micro Kit (QIAGEN, Germany) according to standard instructions",Cy5 and Cy3,Standard Illumina Protocol,9606,"bisulphite converted DNA was amplified, fragmented and hybridised to Illumina Infinium Human Methylation540 Beadchip using standard Illumina protocol",Arrays were imaged using BeadArray Reader using standard recommended Illumina scanner setting,anti-CD4 magnetic-activated cell sorting,"The raw data from GenomeStudio software (v2011.1) methylation module (v1.9.0) were imported into R v. 2.13 and analyzed with the Bioconductor lumi package. Color channel imbalance adjusted, background corrected, and quantile normalized M values followed by fitting a Gamma distribution.",GPL13534,"Lovisa,E,Reinius",lovisa.reinius@ki.se,Department of Biosciences and Nutrition,Karolinska Institutet,"Novum, Halsovagen 7-9",Huddinge,,14157,Sweden,NONE,,485577,,,cpgcorpus,GSE35069,GPL13534,FlowSorted_BloodCellTypes,,,case,cd4+_2 cd4+ t cells gender: male,CpGCorpus,False,True,False,cpgcorpus,2026-02-18T12:11:12.968033,,,,,data/ajhg2020/GSE35069/GPL13534/metadata/metadata.arrow,370d6475631662fa6037da39fd556ad6144d2b88d7c96800105c5fb44886e31b,GSM861654,CD4+_2,GSM861654,Public on Aug 03 2012,Jan 12 2012,Aug 03 2012,genomic,1,CD4+ T cells,Homo sapiens,gender: Male,tissue/cell type: CD4+ T cells,,,genomic DNA,"Genomic DNA was extracted and purified from all samples using QIAmp DNA Micro Kit (QIAGEN, Germany) according to standard instructions",Cy5 and Cy3,Standard Illumina Protocol,9606,"bisulphite converted DNA was amplified, fragmented and hybridised to Illumina Infinium Human Methylation540 Beadchip using standard Illumina protocol",Arrays were imaged using BeadArray Reader using standard recommended Illumina scanner setting,anti-CD4 magnetic-activated cell sorting,"The raw data from GenomeStudio software (v2011.1) methylation module (v1.9.0) were imported into R v. 2.13 and analyzed with the Bioconductor lumi package. Color channel imbalance adjusted, background corrected, and quantile normalized M values followed by fitting a Gamma distribution.",GPL13534,"Lovisa,E,Reinius",lovisa.reinius@ki.se,Department of Biosciences and Nutrition,Karolinska Institutet,"Novum, Halsovagen 7-9",Huddinge,,14157,Sweden,NONE,,485577,,,cpgcorpus,,,,Male,CD4+ T cells,,,,,,,,,,,,Male,CD4+ T cells,,,,,,,,,,,,Male,CD4+ T cells,,,,,,,,
GSE35069_GPL13534_sample_20,GSE35069,GPL13534,FlowSorted_BloodCellTypes,,,case,cd4+_3 cd4+ t cells gender: male,"CpGCorpus,existing",False,True,False,cpgcorpus,2026-02-18T12:11:12.968033,,,,,data/ajhg2020/GSE35069/GPL13534/metadata/metadata.arrow,370d6475631662fa6037da39fd556ad6144d2b88d7c96800105c5fb44886e31b,GSM861655,CD4+_3,GSM861655,Public on Aug 03 2012,Jan 12 2012,Aug 03 2012,genomic,1,CD4+ T cells,Homo sapiens,gender: Male,tissue/cell type: CD4+ T cells,,,genomic DNA,"Genomic DNA was extracted and purified from all samples using QIAmp DNA Micro Kit (QIAGEN, Germany) according to standard instructions",Cy5 and Cy3,Standard Illumina Protocol,9606,"bisulphite converted DNA was amplified, fragmented and hybridised to Illumina Infinium Human Methylation540 Beadchip using standard Illumina protocol",Arrays were imaged using BeadArray Reader using standard recommended Illumina scanner setting,anti-CD4 magnetic-activated cell sorting,"The raw data from GenomeStudio software (v2011.1) methylation module (v1.9.0) were imported into R v. 2.13 and analyzed with the Bioconductor lumi package. Color channel imbalance adjusted, background corrected, and quantile normalized M values followed by fitting a Gamma distribution.",GPL13534,"Lovisa,E,Reinius",lovisa.reinius@ki.se,Department of Biosciences and Nutrition,Karolinska Institutet,"Novum, Halsovagen 7-9",Huddinge,,14157,Sweden,NONE,,485577,,,cpgcorpus,GSE35069,GPL13534,FlowSorted_BloodCellTypes,,,case,cd4+_3 cd4+ t cells gender: male,"CpGCorpus,existing",False,True,False,cpgcorpus,2026-02-18T12:11:12.968033,,,,,data/ajhg2020/GSE35069/GPL13534/metadata/metadata.arrow,370d6475631662fa6037da39fd556ad6144d2b88d7c96800105c5fb44886e31b,GSM861655,CD4+_3,GSM861655,Public on Aug 03 2012,Jan 12 2012,Aug 03 2012,genomic,1,CD4+ T cells,Homo sapiens,gender: Male,tissue/cell type: CD4+ T cells,,,genomic DNA,"Genomic DNA was extracted and purified from all samples using QIAmp DNA Micro Kit (QIAGEN, Germany) according to standard instructions",Cy5 and Cy3,Standard Illumina Protocol,9606,"bisulphite converted DNA was amplified, fragmented and hybridised to Illumina Infinium Human Methylation540 Beadchip using standard Illumina protocol",Arrays were imaged using BeadArray Reader using standard recommended Illumina scanner setting,anti-CD4 magnetic-activated cell sorting,"The raw data from GenomeStudio software (v2011.1) methylation module (v1.9.0) were imported into R v. 2.13 and analyzed with the Bioconductor lumi package. Color channel imbalance adjusted, background corrected, and quantile normalized M values followed by fitting a Gamma distribution.",GPL13534,"Lovisa,E,Reinius",lovisa.reinius@ki.se,Department of Biosciences and Nutrition,Karolinska Institutet,"Novum, Halsovagen 7-9",Huddinge,,14157,Sweden,NONE,,485577,,,cpgcorpus,GSE35069,GPL13534,FlowSorted_BloodCellTypes,,,case,cd4+_3 cd4+ t cells gender: male,CpGCorpus,False,True,False,cpgcorpus,2026-02-18T12:11:12.968033,,,,,data/ajhg2020/GSE35069/GPL13534/metadata/metadata.arrow,370d6475631662fa6037da39fd556ad6144d2b88d7c96800105c5fb44886e31b,GSM861655,CD4+_3,GSM861655,Public on Aug 03 2012,Jan 12 2012,Aug 03 2012,genomic,1,CD4+ T cells,Homo sapiens,gender: Male,tissue/cell type: CD4+ T cells,,,genomic DNA,"Genomic DNA was extracted and purified from all samples using QIAmp DNA Micro Kit (QIAGEN, Germany) according to standard instructions",Cy5 and Cy3,Standard Illumina Protocol,9606,"bisulphite converted DNA was amplified, fragmented and hybridised to Illumina Infinium Human Methylation540 Beadchip using standard Illumina protocol",Arrays were imaged using BeadArray Reader using standard recommended Illumina scanner setting,anti-CD4 magnetic-activated cell sorting,"The raw data from GenomeStudio software (v2011.1) methylation module (v1.9.0) were imported into R v. 2.13 and analyzed with the Bioconductor lumi package. Color channel imbalance adjusted, background corrected, and quantile normalized M values followed by fitting a Gamma distribution.",GPL13534,"Lovisa,E,Reinius",lovisa.reinius@ki.se,Department of Biosciences and Nutrition,Karolinska Institutet,"Novum, Halsovagen 7-9",Huddinge,,14157,Sweden,NONE,,485577,,,cpgcorpus,,,,Male,CD4+ T cells,,,,,,,,,,,,Male,CD4+ T cells,,,,,,,,,,,,Male,CD4+ T cells,,,,,,,,
GSE35069_GPL13534_sample_21,GSE35069,GPL13534,FlowSorted_BloodCellTypes,,,case,cd4+_4 cd4+ t cells gender: male,"CpGCorpus,existing",False,True,False,cpgcorpus,2026-02-18T12:11:12.968033,,,,,data/ajhg2020/GSE35069/GPL13534/metadata/metadata.arrow,370d6475631662fa6037da39fd556ad6144d2b88d7c96800105c5fb44886e31b,GSM861656,CD4+_4,GSM861656,Public on Aug 03 2012,Jan 12 2012,Aug 03 2012,genomic,1,CD4+ T cells,Homo sapiens,gender: Male,tissue/cell type: CD4+ T cells,,,genomic DNA,"Genomic DNA was extracted and purified from all samples using QIAmp DNA Micro Kit (QIAGEN, Germany) according to standard instructions",Cy5 and Cy3,Standard Illumina Protocol,9606,"bisulphite converted DNA was amplified, fragmented and hybridised to Illumina Infinium Human Methylation540 Beadchip using standard Illumina protocol",Arrays were imaged using BeadArray Reader using standard recommended Illumina scanner setting,anti-CD4 magnetic-activated cell sorting,"The raw data from GenomeStudio software (v2011.1) methylation module (v1.9.0) were imported into R v. 2.13 and analyzed with the Bioconductor lumi package. Color channel imbalance adjusted, background corrected, and quantile normalized M values followed by fitting a Gamma distribution.",GPL13534,"Lovisa,E,Reinius",lovisa.reinius@ki.se,Department of Biosciences and Nutrition,Karolinska Institutet,"Novum, Halsovagen 7-9",Huddinge,,14157,Sweden,NONE,,485577,,,cpgcorpus,GSE35069,GPL13534,FlowSorted_BloodCellTypes,,,case,cd4+_4 cd4+ t cells gender: male,"CpGCorpus,existing",False,True,False,cpgcorpus,2026-02-18T12:11:12.968033,,,,,data/ajhg2020/GSE35069/GPL13534/metadata/metadata.arrow,370d6475631662fa6037da39fd556ad6144d2b88d7c96800105c5fb44886e31b,GSM861656,CD4+_4,GSM861656,Public on Aug 03 2012,Jan 12 2012,Aug 03 2012,genomic,1,CD4+ T cells,Homo sapiens,gender: Male,tissue/cell type: CD4+ T cells,,,genomic DNA,"Genomic DNA was extracted and purified from all samples using QIAmp DNA Micro Kit (QIAGEN, Germany) according to standard instructions",Cy5 and Cy3,Standard Illumina Protocol,9606,"bisulphite converted DNA was amplified, fragmented and hybridised to Illumina Infinium Human Methylation540 Beadchip using standard Illumina protocol",Arrays were imaged using BeadArray Reader using standard recommended Illumina scanner setting,anti-CD4 magnetic-activated cell sorting,"The raw data from GenomeStudio software (v2011.1) methylation module (v1.9.0) were imported into R v. 2.13 and analyzed with the Bioconductor lumi package. Color channel imbalance adjusted, background corrected, and quantile normalized M values followed by fitting a Gamma distribution.",GPL13534,"Lovisa,E,Reinius",lovisa.reinius@ki.se,Department of Biosciences and Nutrition,Karolinska Institutet,"Novum, Halsovagen 7-9",Huddinge,,14157,Sweden,NONE,,485577,,,cpgcorpus,GSE35069,GPL13534,FlowSorted_BloodCellTypes,,,case,cd4+_4 cd4+ t cells gender: male,CpGCorpus,False,True,False,cpgcorpus,2026-02-18T12:11:12.968033,,,,,data/ajhg2020/GSE35069/GPL13534/metadata/metadata.arrow,370d6475631662fa6037da39fd556ad6144d2b88d7c96800105c5fb44886e31b,GSM861656,CD4+_4,GSM861656,Public on Aug 03 2012,Jan 12 2012,Aug 03 2012,genomic,1,CD4+ T cells,Homo sapiens,gender: Male,tissue/cell type: CD4+ T cells,,,genomic DNA,"Genomic DNA was extracted and purified from all samples using QIAmp DNA Micro Kit (QIAGEN, Germany) according to standard instructions",Cy5 and Cy3,Standard Illumina Protocol,9606,"bisulphite converted DNA was amplified, fragmented and hybridised to Illumina Infinium Human Methylation540 Beadchip using standard Illumina protocol",Arrays were imaged using BeadArray Reader using standard recommended Illumina scanner setting,anti-CD4 magnetic-activated cell sorting,"The raw data from GenomeStudio software (v2011.1) methylation module (v1.9.0) were imported into R v. 2.13 and analyzed with the Bioconductor lumi package. Color channel imbalance adjusted, background corrected, and quantile normalized M values followed by fitting a Gamma distribution.",GPL13534,"Lovisa,E,Reinius",lovisa.reinius@ki.se,Department of Biosciences and Nutrition,Karolinska Institutet,"Novum, Halsovagen 7-9",Huddinge,,14157,Sweden,NONE,,485577,,,cpgcorpus,,,,Male,CD4+ T cells,,,,,,,,,,,,Male,CD4+ T cells,,,,,,,,,,,,Male,CD4+ T cells,,,,,,,,
GSE35069_GPL13534_sample_22,GSE35069,GPL13534,FlowSorted_BloodCellTypes,,,case,cd4+_5 cd4+ t cells gender: male,"CpGCorpus,existing",False,True,False,cpgcorpus,2026-02-18T12:11:12.968033,,,,,data/ajhg2020/GSE35069/GPL13534/metadata/metadata.arrow,370d6475631662fa6037da39fd556ad6144d2b88d7c96800105c5fb44886e31b,GSM861657,CD4+_5,GSM861657,Public on Aug 03 2012,Jan 12 2012,Aug 03 2012,genomic,1,CD4+ T cells,Homo sapiens,gender: Male,tissue/cell type: CD4+ T cells,,,genomic DNA,"Genomic DNA was extracted and purified from all samples using QIAmp DNA Micro Kit (QIAGEN, Germany) according to standard instructions",Cy5 and Cy3,Standard Illumina Protocol,9606,"bisulphite converted DNA was amplified, fragmented and hybridised to Illumina Infinium Human Methylation540 Beadchip using standard Illumina protocol",Arrays were imaged using BeadArray Reader using standard recommended Illumina scanner setting,anti-CD4 magnetic-activated cell sorting,"The raw data from GenomeStudio software (v2011.1) methylation module (v1.9.0) were imported into R v. 2.13 and analyzed with the Bioconductor lumi package. Color channel imbalance adjusted, background corrected, and quantile normalized M values followed by fitting a Gamma distribution.",GPL13534,"Lovisa,E,Reinius",lovisa.reinius@ki.se,Department of Biosciences and Nutrition,Karolinska Institutet,"Novum, Halsovagen 7-9",Huddinge,,14157,Sweden,NONE,,485577,,,cpgcorpus,GSE35069,GPL13534,FlowSorted_BloodCellTypes,,,case,cd4+_5 cd4+ t cells gender: male,"CpGCorpus,existing",False,True,False,cpgcorpus,2026-02-18T12:11:12.968033,,,,,data/ajhg2020/GSE35069/GPL13534/metadata/metadata.arrow,370d6475631662fa6037da39fd556ad6144d2b88d7c96800105c5fb44886e31b,GSM861657,CD4+_5,GSM861657,Public on Aug 03 2012,Jan 12 2012,Aug 03 2012,genomic,1,CD4+ T cells,Homo sapiens,gender: Male,tissue/cell type: CD4+ T cells,,,genomic DNA,"Genomic DNA was extracted and purified from all samples using QIAmp DNA Micro Kit (QIAGEN, Germany) according to standard instructions",Cy5 and Cy3,Standard Illumina Protocol,9606,"bisulphite converted DNA was amplified, fragmented and hybridised to Illumina Infinium Human Methylation540 Beadchip using standard Illumina protocol",Arrays were imaged using BeadArray Reader using standard recommended Illumina scanner setting,anti-CD4 magnetic-activated cell sorting,"The raw data from GenomeStudio software (v2011.1) methylation module (v1.9.0) were imported into R v. 2.13 and analyzed with the Bioconductor lumi package. Color channel imbalance adjusted, background corrected, and quantile normalized M values followed by fitting a Gamma distribution.",GPL13534,"Lovisa,E,Reinius",lovisa.reinius@ki.se,Department of Biosciences and Nutrition,Karolinska Institutet,"Novum, Halsovagen 7-9",Huddinge,,14157,Sweden,NONE,,485577,,,cpgcorpus,GSE35069,GPL13534,FlowSorted_BloodCellTypes,,,case,cd4+_5 cd4+ t cells gender: male,CpGCorpus,False,True,False,cpgcorpus,2026-02-18T12:11:12.968033,,,,,data/ajhg2020/GSE35069/GPL13534/metadata/metadata.arrow,370d6475631662fa6037da39fd556ad6144d2b88d7c96800105c5fb44886e31b,GSM861657,CD4+_5,GSM861657,Public on Aug 03 2012,Jan 12 2012,Aug 03 2012,genomic,1,CD4+ T cells,Homo sapiens,gender: Male,tissue/cell type: CD4+ T cells,,,genomic DNA,"Genomic DNA was extracted and purified from all samples using QIAmp DNA Micro Kit (QIAGEN, Germany) according to standard instructions",Cy5 and Cy3,Standard Illumina Protocol,9606,"bisulphite converted DNA was amplified, fragmented and hybridised to Illumina Infinium Human Methylation540 Beadchip using standard Illumina protocol",Arrays were imaged using BeadArray Reader using standard recommended Illumina scanner setting,anti-CD4 magnetic-activated cell sorting,"The raw data from GenomeStudio software (v2011.1) methylation module (v1.9.0) were imported into R v. 2.13 and analyzed with the Bioconductor lumi package. Color channel imbalance adjusted, background corrected, and quantile normalized M values followed by fitting a Gamma distribution.",GPL13534,"Lovisa,E,Reinius",lovisa.reinius@ki.se,Department of Biosciences and Nutrition,Karolinska Institutet,"Novum, Halsovagen 7-9",Huddinge,,14157,Sweden,NONE,,485577,,,cpgcorpus,,,,Male,CD4+ T cells,,,,,,,,,,,,Male,CD4+ T cells,,,,,,,,,,,,Male,CD4+ T cells,,,,,,,,
GSE35069_GPL13534_sample_23,GSE35069,GPL13534,FlowSorted_BloodCellTypes,,,case,cd4+_6 cd4+ t cells gender: male,"CpGCorpus,existing",False,True,False,cpgcorpus,2026-02-18T12:11:12.968033,,,,,data/ajhg2020/GSE35069/GPL13534/metadata/metadata.arrow,370d6475631662fa6037da39fd556ad6144d2b88d7c96800105c5fb44886e31b,GSM861658,CD4+_6,GSM861658,Public on Aug 03 2012,Jan 12 2012,Aug 03 2012,genomic,1,CD4+ T cells,Homo sapiens,gender: Male,tissue/cell type: CD4+ T cells,,,genomic DNA,"Genomic DNA was extracted and purified from all samples using QIAmp DNA Micro Kit (QIAGEN, Germany) according to standard instructions",Cy5 and Cy3,Standard Illumina Protocol,9606,"bisulphite converted DNA was amplified, fragmented and hybridised to Illumina Infinium Human Methylation540 Beadchip using standard Illumina protocol",Arrays were imaged using BeadArray Reader using standard recommended Illumina scanner setting,anti-CD4 magnetic-activated cell sorting,"The raw data from GenomeStudio software (v2011.1) methylation module (v1.9.0) were imported into R v. 2.13 and analyzed with the Bioconductor lumi package. Color channel imbalance adjusted, background corrected, and quantile normalized M values followed by fitting a Gamma distribution.",GPL13534,"Lovisa,E,Reinius",lovisa.reinius@ki.se,Department of Biosciences and Nutrition,Karolinska Institutet,"Novum, Halsovagen 7-9",Huddinge,,14157,Sweden,NONE,,485577,,,cpgcorpus,GSE35069,GPL13534,FlowSorted_BloodCellTypes,,,case,cd4+_6 cd4+ t cells gender: male,"CpGCorpus,existing",False,True,False,cpgcorpus,2026-02-18T12:11:12.968033,,,,,data/ajhg2020/GSE35069/GPL13534/metadata/metadata.arrow,370d6475631662fa6037da39fd556ad6144d2b88d7c96800105c5fb44886e31b,GSM861658,CD4+_6,GSM861658,Public on Aug 03 2012,Jan 12 2012,Aug 03 2012,genomic,1,CD4+ T cells,Homo sapiens,gender: Male,tissue/cell type: CD4+ T cells,,,genomic DNA,"Genomic DNA was extracted and purified from all samples using QIAmp DNA Micro Kit (QIAGEN, Germany) according to standard instructions",Cy5 and Cy3,Standard Illumina Protocol,9606,"bisulphite converted DNA was amplified, fragmented and hybridised to Illumina Infinium Human Methylation540 Beadchip using standard Illumina protocol",Arrays were imaged using BeadArray Reader using standard recommended Illumina scanner setting,anti-CD4 magnetic-activated cell sorting,"The raw data from GenomeStudio software (v2011.1) methylation module (v1.9.0) were imported into R v. 2.13 and analyzed with the Bioconductor lumi package. Color channel imbalance adjusted, background corrected, and quantile normalized M values followed by fitting a Gamma distribution.",GPL13534,"Lovisa,E,Reinius",lovisa.reinius@ki.se,Department of Biosciences and Nutrition,Karolinska Institutet,"Novum, Halsovagen 7-9",Huddinge,,14157,Sweden,NONE,,485577,,,cpgcorpus,GSE35069,GPL13534,FlowSorted_BloodCellTypes,,,case,cd4+_6 cd4+ t cells gender: male,CpGCorpus,False,True,False,cpgcorpus,2026-02-18T12:11:12.968033,,,,,data/ajhg2020/GSE35069/GPL13534/metadata/metadata.arrow,370d6475631662fa6037da39fd556ad6144d2b88d7c96800105c5fb44886e31b,GSM861658,CD4+_6,GSM861658,Public on Aug 03 2012,Jan 12 2012,Aug 03 2012,genomic,1,CD4+ T cells,Homo sapiens,gender: Male,tissue/cell type: CD4+ T cells,,,genomic DNA,"Genomic DNA was extracted and purified from all samples using QIAmp DNA Micro Kit (QIAGEN, Germany) according to standard instructions",Cy5 and Cy3,Standard Illumina Protocol,9606,"bisulphite converted DNA was amplified, fragmented and hybridised to Illumina Infinium Human Methylation540 Beadchip using standard Illumina protocol",Arrays were imaged using BeadArray Reader using standard recommended Illumina scanner setting,anti-CD4 magnetic-activated cell sorting,"The raw data from GenomeStudio software (v2011.1) methylation module (v1.9.0) were imported into R v. 2.13 and analyzed with the Bioconductor lumi package. Color channel imbalance adjusted, background corrected, and quantile normalized M values followed by fitting a Gamma distribution.",GPL13534,"Lovisa,E,Reinius",lovisa.reinius@ki.se,Department of Biosciences and Nutrition,Karolinska Institutet,"Novum, Halsovagen 7-9",Huddinge,,14157,Sweden,NONE,,485577,,,cpgcorpus,,,,Male,CD4+ T cells,,,,,,,,,,,,Male,CD4+ T cells,,,,,,,,,,,,Male,CD4+ T cells,,,,,,,,
GSE35069_GPL13534_sample_24,GSE35069,GPL13534,FlowSorted_BloodCellTypes,,,case,cd8+_1 cd8+ t cells gender: male,"CpGCorpus,existing",False,True,False,cpgcorpus,2026-02-18T12:11:12.968033,,,,,data/ajhg2020/GSE35069/GPL13534/metadata/metadata.arrow,370d6475631662fa6037da39fd556ad6144d2b88d7c96800105c5fb44886e31b,GSM861659,CD8+_1,GSM861659,Public on Aug 03 2012,Jan 12 2012,Aug 03 2012,genomic,1,CD8+ T cells,Homo sapiens,gender: Male,tissue/cell type: CD8+ T cells,,,genomic DNA,"Genomic DNA was extracted and purified from all samples using QIAmp DNA Micro Kit (QIAGEN, Germany) according to standard instructions",Cy5 and Cy3,Standard Illumina Protocol,9606,"bisulphite converted DNA was amplified, fragmented and hybridised to Illumina Infinium Human Methylation540 Beadchip using standard Illumina protocol",Arrays were imaged using BeadArray Reader using standard recommended Illumina scanner setting,anti-CD8 magnetic-activated cell sorting,"The raw data from GenomeStudio software (v2011.1) methylation module (v1.9.0) were imported into R v. 2.13 and analyzed with the Bioconductor lumi package. Color channel imbalance adjusted, background corrected, and quantile normalized M values followed by fitting a Gamma distribution.",GPL13534,"Lovisa,E,Reinius",lovisa.reinius@ki.se,Department of Biosciences and Nutrition,Karolinska Institutet,"Novum, Halsovagen 7-9",Huddinge,,14157,Sweden,NONE,,485577,,,cpgcorpus,GSE35069,GPL13534,FlowSorted_BloodCellTypes,,,case,cd8+_1 cd8+ t cells gender: male,"CpGCorpus,existing",False,True,False,cpgcorpus,2026-02-18T12:11:12.968033,,,,,data/ajhg2020/GSE35069/GPL13534/metadata/metadata.arrow,370d6475631662fa6037da39fd556ad6144d2b88d7c96800105c5fb44886e31b,GSM861659,CD8+_1,GSM861659,Public on Aug 03 2012,Jan 12 2012,Aug 03 2012,genomic,1,CD8+ T cells,Homo sapiens,gender: Male,tissue/cell type: CD8+ T cells,,,genomic DNA,"Genomic DNA was extracted and purified from all samples using QIAmp DNA Micro Kit (QIAGEN, Germany) according to standard instructions",Cy5 and Cy3,Standard Illumina Protocol,9606,"bisulphite converted DNA was amplified, fragmented and hybridised to Illumina Infinium Human Methylation540 Beadchip using standard Illumina protocol",Arrays were imaged using BeadArray Reader using standard recommended Illumina scanner setting,anti-CD8 magnetic-activated cell sorting,"The raw data from GenomeStudio software (v2011.1) methylation module (v1.9.0) were imported into R v. 2.13 and analyzed with the Bioconductor lumi package. Color channel imbalance adjusted, background corrected, and quantile normalized M values followed by fitting a Gamma distribution.",GPL13534,"Lovisa,E,Reinius",lovisa.reinius@ki.se,Department of Biosciences and Nutrition,Karolinska Institutet,"Novum, Halsovagen 7-9",Huddinge,,14157,Sweden,NONE,,485577,,,cpgcorpus,GSE35069,GPL13534,FlowSorted_BloodCellTypes,,,case,cd8+_1 cd8+ t cells gender: male,CpGCorpus,False,True,False,cpgcorpus,2026-02-18T12:11:12.968033,,,,,data/ajhg2020/GSE35069/GPL13534/metadata/metadata.arrow,370d6475631662fa6037da39fd556ad6144d2b88d7c96800105c5fb44886e31b,GSM861659,CD8+_1,GSM861659,Public on Aug 03 2012,Jan 12 2012,Aug 03 2012,genomic,1,CD8+ T cells,Homo sapiens,gender: Male,tissue/cell type: CD8+ T cells,,,genomic DNA,"Genomic DNA was extracted and purified from all samples using QIAmp DNA Micro Kit (QIAGEN, Germany) according to standard instructions",Cy5 and Cy3,Standard Illumina Protocol,9606,"bisulphite converted DNA was amplified, fragmented and hybridised to Illumina Infinium Human Methylation540 Beadchip using standard Illumina protocol",Arrays were imaged using BeadArray Reader using standard recommended Illumina scanner setting,anti-CD8 magnetic-activated cell sorting,"The raw data from GenomeStudio software (v2011.1) methylation module (v1.9.0) were imported into R v. 2.13 and analyzed with the Bioconductor lumi package. Color channel imbalance adjusted, background corrected, and quantile normalized M values followed by fitting a Gamma distribution.",GPL13534,"Lovisa,E,Reinius",lovisa.reinius@ki.se,Department of Biosciences and Nutrition,Karolinska Institutet,"Novum, Halsovagen 7-9",Huddinge,,14157,Sweden,NONE,,485577,,,cpgcorpus,,,,Male,CD8+ T cells,,,,,,,,,,,,Male,CD8+ T cells,,,,,,,,,,,,Male,CD8+ T cells,,,,,,,,
GSE35069_GPL13534_sample_25,GSE35069,GPL13534,FlowSorted_BloodCellTypes,,,case,cd8+_2 cd8+ t cells gender: male,"CpGCorpus,existing",False,True,False,cpgcorpus,2026-02-18T12:11:12.968033,,,,,data/ajhg2020/GSE35069/GPL13534/metadata/metadata.arrow,370d6475631662fa6037da39fd556ad6144d2b88d7c96800105c5fb44886e31b,GSM861660,CD8+_2,GSM861660,Public on Aug 03 2012,Jan 12 2012,Aug 03 2012,genomic,1,CD8+ T cells,Homo sapiens,gender: Male,tissue/cell type: CD8+ T cells,,,genomic DNA,"Genomic DNA was extracted and purified from all samples using QIAmp DNA Micro Kit (QIAGEN, Germany) according to standard instructions",Cy5 and Cy3,Standard Illumina Protocol,9606,"bisulphite converted DNA was amplified, fragmented and hybridised to Illumina Infinium Human Methylation540 Beadchip using standard Illumina protocol",Arrays were imaged using BeadArray Reader using standard recommended Illumina scanner setting,anti-CD8 magnetic-activated cell sorting,"The raw data from GenomeStudio software (v2011.1) methylation module (v1.9.0) were imported into R v. 2.13 and analyzed with the Bioconductor lumi package. Color channel imbalance adjusted, background corrected, and quantile normalized M values followed by fitting a Gamma distribution.",GPL13534,"Lovisa,E,Reinius",lovisa.reinius@ki.se,Department of Biosciences and Nutrition,Karolinska Institutet,"Novum, Halsovagen 7-9",Huddinge,,14157,Sweden,NONE,,485577,,,cpgcorpus,GSE35069,GPL13534,FlowSorted_BloodCellTypes,,,case,cd8+_2 cd8+ t cells gender: male,"CpGCorpus,existing",False,True,False,cpgcorpus,2026-02-18T12:11:12.968033,,,,,data/ajhg2020/GSE35069/GPL13534/metadata/metadata.arrow,370d6475631662fa6037da39fd556ad6144d2b88d7c96800105c5fb44886e31b,GSM861660,CD8+_2,GSM861660,Public on Aug 03 2012,Jan 12 2012,Aug 03 2012,genomic,1,CD8+ T cells,Homo sapiens,gender: Male,tissue/cell type: CD8+ T cells,,,genomic DNA,"Genomic DNA was extracted and purified from all samples using QIAmp DNA Micro Kit (QIAGEN, Germany) according to standard instructions",Cy5 and Cy3,Standard Illumina Protocol,9606,"bisulphite converted DNA was amplified, fragmented and hybridised to Illumina Infinium Human Methylation540 Beadchip using standard Illumina protocol",Arrays were imaged using BeadArray Reader using standard recommended Illumina scanner setting,anti-CD8 magnetic-activated cell sorting,"The raw data from GenomeStudio software (v2011.1) methylation module (v1.9.0) were imported into R v. 2.13 and analyzed with the Bioconductor lumi package. Color channel imbalance adjusted, background corrected, and quantile normalized M values followed by fitting a Gamma distribution.",GPL13534,"Lovisa,E,Reinius",lovisa.reinius@ki.se,Department of Biosciences and Nutrition,Karolinska Institutet,"Novum, Halsovagen 7-9",Huddinge,,14157,Sweden,NONE,,485577,,,cpgcorpus,GSE35069,GPL13534,FlowSorted_BloodCellTypes,,,case,cd8+_2 cd8+ t cells gender: male,CpGCorpus,False,True,False,cpgcorpus,2026-02-18T12:11:12.968033,,,,,data/ajhg2020/GSE35069/GPL13534/metadata/metadata.arrow,370d6475631662fa6037da39fd556ad6144d2b88d7c96800105c5fb44886e31b,GSM861660,CD8+_2,GSM861660,Public on Aug 03 2012,Jan 12 2012,Aug 03 2012,genomic,1,CD8+ T cells,Homo sapiens,gender: Male,tissue/cell type: CD8+ T cells,,,genomic DNA,"Genomic DNA was extracted and purified from all samples using QIAmp DNA Micro Kit (QIAGEN, Germany) according to standard instructions",Cy5 and Cy3,Standard Illumina Protocol,9606,"bisulphite converted DNA was amplified, fragmented and hybridised to Illumina Infinium Human Methylation540 Beadchip using standard Illumina protocol",Arrays were imaged using BeadArray Reader using standard recommended Illumina scanner setting,anti-CD8 magnetic-activated cell sorting,"The raw data from GenomeStudio software (v2011.1) methylation module (v1.9.0) were imported into R v. 2.13 and analyzed with the Bioconductor lumi package. Color channel imbalance adjusted, background corrected, and quantile normalized M values followed by fitting a Gamma distribution.",GPL13534,"Lovisa,E,Reinius",lovisa.reinius@ki.se,Department of Biosciences and Nutrition,Karolinska Institutet,"Novum, Halsovagen 7-9",Huddinge,,14157,Sweden,NONE,,485577,,,cpgcorpus,,,,Male,CD8+ T cells,,,,,,,,,,,,Male,CD8+ T cells,,,,,,,,,,,,Male,CD8+ T cells,,,,,,,,
GSE35069_GPL13534_sample_26,GSE35069,GPL13534,FlowSorted_BloodCellTypes,,,case,cd8+_3 cd8+ t cells gender: male,"CpGCorpus,existing",False,True,False,cpgcorpus,2026-02-18T12:11:12.968033,,,,,data/ajhg2020/GSE35069/GPL13534/metadata/metadata.arrow,370d6475631662fa6037da39fd556ad6144d2b88d7c96800105c5fb44886e31b,GSM861661,CD8+_3,GSM861661,Public on Aug 03 2012,Jan 12 2012,Aug 03 2012,genomic,1,CD8+ T cells,Homo sapiens,gender: Male,tissue/cell type: CD8+ T cells,,,genomic DNA,"Genomic DNA was extracted and purified from all samples using QIAmp DNA Micro Kit (QIAGEN, Germany) according to standard instructions",Cy5 and Cy3,Standard Illumina Protocol,9606,"bisulphite converted DNA was amplified, fragmented and hybridised to Illumina Infinium Human Methylation540 Beadchip using standard Illumina protocol",Arrays were imaged using BeadArray Reader using standard recommended Illumina scanner setting,anti-CD8 magnetic-activated cell sorting,"The raw data from GenomeStudio software (v2011.1) methylation module (v1.9.0) were imported into R v. 2.13 and analyzed with the Bioconductor lumi package. Color channel imbalance adjusted, background corrected, and quantile normalized M values followed by fitting a Gamma distribution.",GPL13534,"Lovisa,E,Reinius",lovisa.reinius@ki.se,Department of Biosciences and Nutrition,Karolinska Institutet,"Novum, Halsovagen 7-9",Huddinge,,14157,Sweden,NONE,,485577,,,cpgcorpus,GSE35069,GPL13534,FlowSorted_BloodCellTypes,,,case,cd8+_3 cd8+ t cells gender: male,"CpGCorpus,existing",False,True,False,cpgcorpus,2026-02-18T12:11:12.968033,,,,,data/ajhg2020/GSE35069/GPL13534/metadata/metadata.arrow,370d6475631662fa6037da39fd556ad6144d2b88d7c96800105c5fb44886e31b,GSM861661,CD8+_3,GSM861661,Public on Aug 03 2012,Jan 12 2012,Aug 03 2012,genomic,1,CD8+ T cells,Homo sapiens,gender: Male,tissue/cell type: CD8+ T cells,,,genomic DNA,"Genomic DNA was extracted and purified from all samples using QIAmp DNA Micro Kit (QIAGEN, Germany) according to standard instructions",Cy5 and Cy3,Standard Illumina Protocol,9606,"bisulphite converted DNA was amplified, fragmented and hybridised to Illumina Infinium Human Methylation540 Beadchip using standard Illumina protocol",Arrays were imaged using BeadArray Reader using standard recommended Illumina scanner setting,anti-CD8 magnetic-activated cell sorting,"The raw data from GenomeStudio software (v2011.1) methylation module (v1.9.0) were imported into R v. 2.13 and analyzed with the Bioconductor lumi package. Color channel imbalance adjusted, background corrected, and quantile normalized M values followed by fitting a Gamma distribution.",GPL13534,"Lovisa,E,Reinius",lovisa.reinius@ki.se,Department of Biosciences and Nutrition,Karolinska Institutet,"Novum, Halsovagen 7-9",Huddinge,,14157,Sweden,NONE,,485577,,,cpgcorpus,GSE35069,GPL13534,FlowSorted_BloodCellTypes,,,case,cd8+_3 cd8+ t cells gender: male,CpGCorpus,False,True,False,cpgcorpus,2026-02-18T12:11:12.968033,,,,,data/ajhg2020/GSE35069/GPL13534/metadata/metadata.arrow,370d6475631662fa6037da39fd556ad6144d2b88d7c96800105c5fb44886e31b,GSM861661,CD8+_3,GSM861661,Public on Aug 03 2012,Jan 12 2012,Aug 03 2012,genomic,1,CD8+ T cells,Homo sapiens,gender: Male,tissue/cell type: CD8+ T cells,,,genomic DNA,"Genomic DNA was extracted and purified from all samples using QIAmp DNA Micro Kit (QIAGEN, Germany) according to standard instructions",Cy5 and Cy3,Standard Illumina Protocol,9606,"bisulphite converted DNA was amplified, fragmented and hybridised to Illumina Infinium Human Methylation540 Beadchip using standard Illumina protocol",Arrays were imaged using BeadArray Reader using standard recommended Illumina scanner setting,anti-CD8 magnetic-activated cell sorting,"The raw data from GenomeStudio software (v2011.1) methylation module (v1.9.0) were imported into R v. 2.13 and analyzed with the Bioconductor lumi package. Color channel imbalance adjusted, background corrected, and quantile normalized M values followed by fitting a Gamma distribution.",GPL13534,"Lovisa,E,Reinius",lovisa.reinius@ki.se,Department of Biosciences and Nutrition,Karolinska Institutet,"Novum, Halsovagen 7-9",Huddinge,,14157,Sweden,NONE,,485577,,,cpgcorpus,,,,Male,CD8+ T cells,,,,,,,,,,,,Male,CD8+ T cells,,,,,,,,,,,,Male,CD8+ T cells,,,,,,,,
GSE35069_GPL13534_sample_27,GSE35069,GPL13534,FlowSorted_BloodCellTypes,,,case,cd8+_4 cd8+ t cells gender: male,"CpGCorpus,existing",False,True,False,cpgcorpus,2026-02-18T12:11:12.968033,,,,,data/ajhg2020/GSE35069/GPL13534/metadata/metadata.arrow,370d6475631662fa6037da39fd556ad6144d2b88d7c96800105c5fb44886e31b,GSM861662,CD8+_4,GSM861662,Public on Aug 03 2012,Jan 12 2012,Aug 03 2012,genomic,1,CD8+ T cells,Homo sapiens,gender: Male,tissue/cell type: CD8+ T cells,,,genomic DNA,"Genomic DNA was extracted and purified from all samples using QIAmp DNA Micro Kit (QIAGEN, Germany) according to standard instructions",Cy5 and Cy3,Standard Illumina Protocol,9606,"bisulphite converted DNA was amplified, fragmented and hybridised to Illumina Infinium Human Methylation540 Beadchip using standard Illumina protocol",Arrays were imaged using BeadArray Reader using standard recommended Illumina scanner setting,anti-CD8 magnetic-activated cell sorting,"The raw data from GenomeStudio software (v2011.1) methylation module (v1.9.0) were imported into R v. 2.13 and analyzed with the Bioconductor lumi package. Color channel imbalance adjusted, background corrected, and quantile normalized M values followed by fitting a Gamma distribution.",GPL13534,"Lovisa,E,Reinius",lovisa.reinius@ki.se,Department of Biosciences and Nutrition,Karolinska Institutet,"Novum, Halsovagen 7-9",Huddinge,,14157,Sweden,NONE,,485577,,,cpgcorpus,GSE35069,GPL13534,FlowSorted_BloodCellTypes,,,case,cd8+_4 cd8+ t cells gender: male,"CpGCorpus,existing",False,True,False,cpgcorpus,2026-02-18T12:11:12.968033,,,,,data/ajhg2020/GSE35069/GPL13534/metadata/metadata.arrow,370d6475631662fa6037da39fd556ad6144d2b88d7c96800105c5fb44886e31b,GSM861662,CD8+_4,GSM861662,Public on Aug 03 2012,Jan 12 2012,Aug 03 2012,genomic,1,CD8+ T cells,Homo sapiens,gender: Male,tissue/cell type: CD8+ T cells,,,genomic DNA,"Genomic DNA was extracted and purified from all samples using QIAmp DNA Micro Kit (QIAGEN, Germany) according to standard instructions",Cy5 and Cy3,Standard Illumina Protocol,9606,"bisulphite converted DNA was amplified, fragmented and hybridised to Illumina Infinium Human Methylation540 Beadchip using standard Illumina protocol",Arrays were imaged using BeadArray Reader using standard recommended Illumina scanner setting,anti-CD8 magnetic-activated cell sorting,"The raw data from GenomeStudio software (v2011.1) methylation module (v1.9.0) were imported into R v. 2.13 and analyzed with the Bioconductor lumi package. Color channel imbalance adjusted, background corrected, and quantile normalized M values followed by fitting a Gamma distribution.",GPL13534,"Lovisa,E,Reinius",lovisa.reinius@ki.se,Department of Biosciences and Nutrition,Karolinska Institutet,"Novum, Halsovagen 7-9",Huddinge,,14157,Sweden,NONE,,485577,,,cpgcorpus,GSE35069,GPL13534,FlowSorted_BloodCellTypes,,,case,cd8+_4 cd8+ t cells gender: male,CpGCorpus,False,True,False,cpgcorpus,2026-02-18T12:11:12.968033,,,,,data/ajhg2020/GSE35069/GPL13534/metadata/metadata.arrow,370d6475631662fa6037da39fd556ad6144d2b88d7c96800105c5fb44886e31b,GSM861662,CD8+_4,GSM861662,Public on Aug 03 2012,Jan 12 2012,Aug 03 2012,genomic,1,CD8+ T cells,Homo sapiens,gender: Male,tissue/cell type: CD8+ T cells,,,genomic DNA,"Genomic DNA was extracted and purified from all samples using QIAmp DNA Micro Kit (QIAGEN, Germany) according to standard instructions",Cy5 and Cy3,Standard Illumina Protocol,9606,"bisulphite converted DNA was amplified, fragmented and hybridised to Illumina Infinium Human Methylation540 Beadchip using standard Illumina protocol",Arrays were imaged using BeadArray Reader using standard recommended Illumina scanner setting,anti-CD8 magnetic-activated cell sorting,"The raw data from GenomeStudio software (v2011.1) methylation module (v1.9.0) were imported into R v. 2.13 and analyzed with the Bioconductor lumi package. Color channel imbalance adjusted, background corrected, and quantile normalized M values followed by fitting a Gamma distribution.",GPL13534,"Lovisa,E,Reinius",lovisa.reinius@ki.se,Department of Biosciences and Nutrition,Karolinska Institutet,"Novum, Halsovagen 7-9",Huddinge,,14157,Sweden,NONE,,485577,,,cpgcorpus,,,,Male,CD8+ T cells,,,,,,,,,,,,Male,CD8+ T cells,,,,,,,,,,,,Male,CD8+ T cells,,,,,,,,
GSE35069_GPL13534_sample_28,GSE35069,GPL13534,FlowSorted_BloodCellTypes,,,case,cd8+_5 cd8+ t cells gender: male,"CpGCorpus,existing",False,True,False,cpgcorpus,2026-02-18T12:11:12.968033,,,,,data/ajhg2020/GSE35069/GPL13534/metadata/metadata.arrow,370d6475631662fa6037da39fd556ad6144d2b88d7c96800105c5fb44886e31b,GSM861663,CD8+_5,GSM861663,Public on Aug 03 2012,Jan 12 2012,Aug 03 2012,genomic,1,CD8+ T cells,Homo sapiens,gender: Male,tissue/cell type: CD8+ T cells,,,genomic DNA,"Genomic DNA was extracted and purified from all samples using QIAmp DNA Micro Kit (QIAGEN, Germany) according to standard instructions",Cy5 and Cy3,Standard Illumina Protocol,9606,"bisulphite converted DNA was amplified, fragmented and hybridised to Illumina Infinium Human Methylation540 Beadchip using standard Illumina protocol",Arrays were imaged using BeadArray Reader using standard recommended Illumina scanner setting,anti-CD8 magnetic-activated cell sorting,"The raw data from GenomeStudio software (v2011.1) methylation module (v1.9.0) were imported into R v. 2.13 and analyzed with the Bioconductor lumi package. Color channel imbalance adjusted, background corrected, and quantile normalized M values followed by fitting a Gamma distribution.",GPL13534,"Lovisa,E,Reinius",lovisa.reinius@ki.se,Department of Biosciences and Nutrition,Karolinska Institutet,"Novum, Halsovagen 7-9",Huddinge,,14157,Sweden,NONE,,485577,,,cpgcorpus,GSE35069,GPL13534,FlowSorted_BloodCellTypes,,,case,cd8+_5 cd8+ t cells gender: male,"CpGCorpus,existing",False,True,False,cpgcorpus,2026-02-18T12:11:12.968033,,,,,data/ajhg2020/GSE35069/GPL13534/metadata/metadata.arrow,370d6475631662fa6037da39fd556ad6144d2b88d7c96800105c5fb44886e31b,GSM861663,CD8+_5,GSM861663,Public on Aug 03 2012,Jan 12 2012,Aug 03 2012,genomic,1,CD8+ T cells,Homo sapiens,gender: Male,tissue/cell type: CD8+ T cells,,,genomic DNA,"Genomic DNA was extracted and purified from all samples using QIAmp DNA Micro Kit (QIAGEN, Germany) according to standard instructions",Cy5 and Cy3,Standard Illumina Protocol,9606,"bisulphite converted DNA was amplified, fragmented and hybridised to Illumina Infinium Human Methylation540 Beadchip using standard Illumina protocol",Arrays were imaged using BeadArray Reader using standard recommended Illumina scanner setting,anti-CD8 magnetic-activated cell sorting,"The raw data from GenomeStudio software (v2011.1) methylation module (v1.9.0) were imported into R v. 2.13 and analyzed with the Bioconductor lumi package. Color channel imbalance adjusted, background corrected, and quantile normalized M values followed by fitting a Gamma distribution.",GPL13534,"Lovisa,E,Reinius",lovisa.reinius@ki.se,Department of Biosciences and Nutrition,Karolinska Institutet,"Novum, Halsovagen 7-9",Huddinge,,14157,Sweden,NONE,,485577,,,cpgcorpus,GSE35069,GPL13534,FlowSorted_BloodCellTypes,,,case,cd8+_5 cd8+ t cells gender: male,CpGCorpus,False,True,False,cpgcorpus,2026-02-18T12:11:12.968033,,,,,data/ajhg2020/GSE35069/GPL13534/metadata/metadata.arrow,370d6475631662fa6037da39fd556ad6144d2b88d7c96800105c5fb44886e31b,GSM861663,CD8+_5,GSM861663,Public on Aug 03 2012,Jan 12 2012,Aug 03 2012,genomic,1,CD8+ T cells,Homo sapiens,gender: Male,tissue/cell type: CD8+ T cells,,,genomic DNA,"Genomic DNA was extracted and purified from all samples using QIAmp DNA Micro Kit (QIAGEN, Germany) according to standard instructions",Cy5 and Cy3,Standard Illumina Protocol,9606,"bisulphite converted DNA was amplified, fragmented and hybridised to Illumina Infinium Human Methylation540 Beadchip using standard Illumina protocol",Arrays were imaged using BeadArray Reader using standard recommended Illumina scanner setting,anti-CD8 magnetic-activated cell sorting,"The raw data from GenomeStudio software (v2011.1) methylation module (v1.9.0) were imported into R v. 2.13 and analyzed with the Bioconductor lumi package. Color channel imbalance adjusted, background corrected, and quantile normalized M values followed by fitting a Gamma distribution.",GPL13534,"Lovisa,E,Reinius",lovisa.reinius@ki.se,Department of Biosciences and Nutrition,Karolinska Institutet,"Novum, Halsovagen 7-9",Huddinge,,14157,Sweden,NONE,,485577,,,cpgcorpus,,,,Male,CD8+ T cells,,,,,,,,,,,,Male,CD8+ T cells,,,,,,,,,,,,Male,CD8+ T cells,,,,,,,,
GSE35069_GPL13534_sample_29,GSE35069,GPL13534,FlowSorted_BloodCellTypes,,,case,cd8+_6 cd8+ t cells gender: male,"CpGCorpus,existing",False,True,False,cpgcorpus,2026-02-18T12:11:12.968033,,,,,data/ajhg2020/GSE35069/GPL13534/metadata/metadata.arrow,370d6475631662fa6037da39fd556ad6144d2b88d7c96800105c5fb44886e31b,GSM861664,CD8+_6,GSM861664,Public on Aug 03 2012,Jan 12 2012,Aug 03 2012,genomic,1,CD8+ T cells,Homo sapiens,gender: Male,tissue/cell type: CD8+ T cells,,,genomic DNA,"Genomic DNA was extracted and purified from all samples using QIAmp DNA Micro Kit (QIAGEN, Germany) according to standard instructions",Cy5 and Cy3,Standard Illumina Protocol,9606,"bisulphite converted DNA was amplified, fragmented and hybridised to Illumina Infinium Human Methylation540 Beadchip using standard Illumina protocol",Arrays were imaged using BeadArray Reader using standard recommended Illumina scanner setting,anti-CD8 magnetic-activated cell sorting,"The raw data from GenomeStudio software (v2011.1) methylation module (v1.9.0) were imported into R v. 2.13 and analyzed with the Bioconductor lumi package. Color channel imbalance adjusted, background corrected, and quantile normalized M values followed by fitting a Gamma distribution.",GPL13534,"Lovisa,E,Reinius",lovisa.reinius@ki.se,Department of Biosciences and Nutrition,Karolinska Institutet,"Novum, Halsovagen 7-9",Huddinge,,14157,Sweden,NONE,,485577,,,cpgcorpus,GSE35069,GPL13534,FlowSorted_BloodCellTypes,,,case,cd8+_6 cd8+ t cells gender: male,"CpGCorpus,existing",False,True,False,cpgcorpus,2026-02-18T12:11:12.968033,,,,,data/ajhg2020/GSE35069/GPL13534/metadata/metadata.arrow,370d6475631662fa6037da39fd556ad6144d2b88d7c96800105c5fb44886e31b,GSM861664,CD8+_6,GSM861664,Public on Aug 03 2012,Jan 12 2012,Aug 03 2012,genomic,1,CD8+ T cells,Homo sapiens,gender: Male,tissue/cell type: CD8+ T cells,,,genomic DNA,"Genomic DNA was extracted and purified from all samples using QIAmp DNA Micro Kit (QIAGEN, Germany) according to standard instructions",Cy5 and Cy3,Standard Illumina Protocol,9606,"bisulphite converted DNA was amplified, fragmented and hybridised to Illumina Infinium Human Methylation540 Beadchip using standard Illumina protocol",Arrays were imaged using BeadArray Reader using standard recommended Illumina scanner setting,anti-CD8 magnetic-activated cell sorting,"The raw data from GenomeStudio software (v2011.1) methylation module (v1.9.0) were imported into R v. 2.13 and analyzed with the Bioconductor lumi package. Color channel imbalance adjusted, background corrected, and quantile normalized M values followed by fitting a Gamma distribution.",GPL13534,"Lovisa,E,Reinius",lovisa.reinius@ki.se,Department of Biosciences and Nutrition,Karolinska Institutet,"Novum, Halsovagen 7-9",Huddinge,,14157,Sweden,NONE,,485577,,,cpgcorpus,GSE35069,GPL13534,FlowSorted_BloodCellTypes,,,case,cd8+_6 cd8+ t cells gender: male,CpGCorpus,False,True,False,cpgcorpus,2026-02-18T12:11:12.968033,,,,,data/ajhg2020/GSE35069/GPL13534/metadata/metadata.arrow,370d6475631662fa6037da39fd556ad6144d2b88d7c96800105c5fb44886e31b,GSM861664,CD8+_6,GSM861664,Public on Aug 03 2012,Jan 12 2012,Aug 03 2012,genomic,1,CD8+ T cells,Homo sapiens,gender: Male,tissue/cell type: CD8+ T cells,,,genomic DNA,"Genomic DNA was extracted and purified from all samples using QIAmp DNA Micro Kit (QIAGEN, Germany) according to standard instructions",Cy5 and Cy3,Standard Illumina Protocol,9606,"bisulphite converted DNA was amplified, fragmented and hybridised to Illumina Infinium Human Methylation540 Beadchip using standard Illumina protocol",Arrays were imaged using BeadArray Reader using standard recommended Illumina scanner setting,anti-CD8 magnetic-activated cell sorting,"The raw data from GenomeStudio software (v2011.1) methylation module (v1.9.0) were imported into R v. 2.13 and analyzed with the Bioconductor lumi package. Color channel imbalance adjusted, background corrected, and quantile normalized M values followed by fitting a Gamma distribution.",GPL13534,"Lovisa,E,Reinius",lovisa.reinius@ki.se,Department of Biosciences and Nutrition,Karolinska Institutet,"Novum, Halsovagen 7-9",Huddinge,,14157,Sweden,NONE,,485577,,,cpgcorpus,,,,Male,CD8+ T cells,,,,,,,,,,,,Male,CD8+ T cells,,,,,,,,,,,,Male,CD8+ T cells,,,,,,,,
GSE35069_GPL13534_sample_30,GSE35069,GPL13534,FlowSorted_BloodCellTypes,,,case,cd14+_1 cd14+ monocytes gender: male,"CpGCorpus,existing",False,True,False,cpgcorpus,2026-02-18T12:11:12.968033,,,,,data/ajhg2020/GSE35069/GPL13534/metadata/metadata.arrow,370d6475631662fa6037da39fd556ad6144d2b88d7c96800105c5fb44886e31b,GSM861665,CD14+_1,GSM861665,Public on Aug 03 2012,Jan 12 2012,Aug 03 2012,genomic,1,CD14+ Monocytes,Homo sapiens,gender: Male,tissue/cell type: CD14+ Monocytes,,,genomic DNA,"Genomic DNA was extracted and purified from all samples using QIAmp DNA Micro Kit (QIAGEN, Germany) according to standard instructions",Cy5 and Cy3,Standard Illumina Protocol,9606,"bisulphite converted DNA was amplified, fragmented and hybridised to Illumina Infinium Human Methylation540 Beadchip using standard Illumina protocol",Arrays were imaged using BeadArray Reader using standard recommended Illumina scanner setting,anti-CD14 magnetic-activated cell sorting,"The raw data from GenomeStudio software (v2011.1) methylation module (v1.9.0) were imported into R v. 2.13 and analyzed with the Bioconductor lumi package. Color channel imbalance adjusted, background corrected, and quantile normalized M values followed by fitting a Gamma distribution.",GPL13534,"Lovisa,E,Reinius",lovisa.reinius@ki.se,Department of Biosciences and Nutrition,Karolinska Institutet,"Novum, Halsovagen 7-9",Huddinge,,14157,Sweden,NONE,,485577,,,cpgcorpus,GSE35069,GPL13534,FlowSorted_BloodCellTypes,,,case,cd14+_1 cd14+ monocytes gender: male,"CpGCorpus,existing",False,True,False,cpgcorpus,2026-02-18T12:11:12.968033,,,,,data/ajhg2020/GSE35069/GPL13534/metadata/metadata.arrow,370d6475631662fa6037da39fd556ad6144d2b88d7c96800105c5fb44886e31b,GSM861665,CD14+_1,GSM861665,Public on Aug 03 2012,Jan 12 2012,Aug 03 2012,genomic,1,CD14+ Monocytes,Homo sapiens,gender: Male,tissue/cell type: CD14+ Monocytes,,,genomic DNA,"Genomic DNA was extracted and purified from all samples using QIAmp DNA Micro Kit (QIAGEN, Germany) according to standard instructions",Cy5 and Cy3,Standard Illumina Protocol,9606,"bisulphite converted DNA was amplified, fragmented and hybridised to Illumina Infinium Human Methylation540 Beadchip using standard Illumina protocol",Arrays were imaged using BeadArray Reader using standard recommended Illumina scanner setting,anti-CD14 magnetic-activated cell sorting,"The raw data from GenomeStudio software (v2011.1) methylation module (v1.9.0) were imported into R v. 2.13 and analyzed with the Bioconductor lumi package. Color channel imbalance adjusted, background corrected, and quantile normalized M values followed by fitting a Gamma distribution.",GPL13534,"Lovisa,E,Reinius",lovisa.reinius@ki.se,Department of Biosciences and Nutrition,Karolinska Institutet,"Novum, Halsovagen 7-9",Huddinge,,14157,Sweden,NONE,,485577,,,cpgcorpus,GSE35069,GPL13534,FlowSorted_BloodCellTypes,,,case,cd14+_1 cd14+ monocytes gender: male,CpGCorpus,False,True,False,cpgcorpus,2026-02-18T12:11:12.968033,,,,,data/ajhg2020/GSE35069/GPL13534/metadata/metadata.arrow,370d6475631662fa6037da39fd556ad6144d2b88d7c96800105c5fb44886e31b,GSM861665,CD14+_1,GSM861665,Public on Aug 03 2012,Jan 12 2012,Aug 03 2012,genomic,1,CD14+ Monocytes,Homo sapiens,gender: Male,tissue/cell type: CD14+ Monocytes,,,genomic DNA,"Genomic DNA was extracted and purified from all samples using QIAmp DNA Micro Kit (QIAGEN, Germany) according to standard instructions",Cy5 and Cy3,Standard Illumina Protocol,9606,"bisulphite converted DNA was amplified, fragmented and hybridised to Illumina Infinium Human Methylation540 Beadchip using standard Illumina protocol",Arrays were imaged using BeadArray Reader using standard recommended Illumina scanner setting,anti-CD14 magnetic-activated cell sorting,"The raw data from GenomeStudio software (v2011.1) methylation module (v1.9.0) were imported into R v. 2.13 and analyzed with the Bioconductor lumi package. Color channel imbalance adjusted, background corrected, and quantile normalized M values followed by fitting a Gamma distribution.",GPL13534,"Lovisa,E,Reinius",lovisa.reinius@ki.se,Department of Biosciences and Nutrition,Karolinska Institutet,"Novum, Halsovagen 7-9",Huddinge,,14157,Sweden,NONE,,485577,,,cpgcorpus,,,,Male,CD14+ Monocytes,,,,,,,,,,,,Male,CD14+ Monocytes,,,,,,,,,,,,Male,CD14+ Monocytes,,,,,,,,
GSE35069_GPL13534_sample_31,GSE35069,GPL13534,FlowSorted_BloodCellTypes,,,case,cd14+_2 cd14+ monocytes gender: male,"CpGCorpus,existing",False,True,False,cpgcorpus,2026-02-18T12:11:12.968033,,,,,data/ajhg2020/GSE35069/GPL13534/metadata/metadata.arrow,370d6475631662fa6037da39fd556ad6144d2b88d7c96800105c5fb44886e31b,GSM861666,CD14+_2,GSM861666,Public on Aug 03 2012,Jan 12 2012,Aug 03 2012,genomic,1,CD14+ Monocytes,Homo sapiens,gender: Male,tissue/cell type: CD14+ Monocytes,,,genomic DNA,"Genomic DNA was extracted and purified from all samples using QIAmp DNA Micro Kit (QIAGEN, Germany) according to standard instructions",Cy5 and Cy3,Standard Illumina Protocol,9606,"bisulphite converted DNA was amplified, fragmented and hybridised to Illumina Infinium Human Methylation540 Beadchip using standard Illumina protocol",Arrays were imaged using BeadArray Reader using standard recommended Illumina scanner setting,anti-CD14 magnetic-activated cell sorting,"The raw data from GenomeStudio software (v2011.1) methylation module (v1.9.0) were imported into R v. 2.13 and analyzed with the Bioconductor lumi package. Color channel imbalance adjusted, background corrected, and quantile normalized M values followed by fitting a Gamma distribution.",GPL13534,"Lovisa,E,Reinius",lovisa.reinius@ki.se,Department of Biosciences and Nutrition,Karolinska Institutet,"Novum, Halsovagen 7-9",Huddinge,,14157,Sweden,NONE,,485577,,,cpgcorpus,GSE35069,GPL13534,FlowSorted_BloodCellTypes,,,case,cd14+_2 cd14+ monocytes gender: male,"CpGCorpus,existing",False,True,False,cpgcorpus,2026-02-18T12:11:12.968033,,,,,data/ajhg2020/GSE35069/GPL13534/metadata/metadata.arrow,370d6475631662fa6037da39fd556ad6144d2b88d7c96800105c5fb44886e31b,GSM861666,CD14+_2,GSM861666,Public on Aug 03 2012,Jan 12 2012,Aug 03 2012,genomic,1,CD14+ Monocytes,Homo sapiens,gender: Male,tissue/cell type: CD14+ Monocytes,,,genomic DNA,"Genomic DNA was extracted and purified from all samples using QIAmp DNA Micro Kit (QIAGEN, Germany) according to standard instructions",Cy5 and Cy3,Standard Illumina Protocol,9606,"bisulphite converted DNA was amplified, fragmented and hybridised to Illumina Infinium Human Methylation540 Beadchip using standard Illumina protocol",Arrays were imaged using BeadArray Reader using standard recommended Illumina scanner setting,anti-CD14 magnetic-activated cell sorting,"The raw data from GenomeStudio software (v2011.1) methylation module (v1.9.0) were imported into R v. 2.13 and analyzed with the Bioconductor lumi package. Color channel imbalance adjusted, background corrected, and quantile normalized M values followed by fitting a Gamma distribution.",GPL13534,"Lovisa,E,Reinius",lovisa.reinius@ki.se,Department of Biosciences and Nutrition,Karolinska Institutet,"Novum, Halsovagen 7-9",Huddinge,,14157,Sweden,NONE,,485577,,,cpgcorpus,GSE35069,GPL13534,FlowSorted_BloodCellTypes,,,case,cd14+_2 cd14+ monocytes gender: male,CpGCorpus,False,True,False,cpgcorpus,2026-02-18T12:11:12.968033,,,,,data/ajhg2020/GSE35069/GPL13534/metadata/metadata.arrow,370d6475631662fa6037da39fd556ad6144d2b88d7c96800105c5fb44886e31b,GSM861666,CD14+_2,GSM861666,Public on Aug 03 2012,Jan 12 2012,Aug 03 2012,genomic,1,CD14+ Monocytes,Homo sapiens,gender: Male,tissue/cell type: CD14+ Monocytes,,,genomic DNA,"Genomic DNA was extracted and purified from all samples using QIAmp DNA Micro Kit (QIAGEN, Germany) according to standard instructions",Cy5 and Cy3,Standard Illumina Protocol,9606,"bisulphite converted DNA was amplified, fragmented and hybridised to Illumina Infinium Human Methylation540 Beadchip using standard Illumina protocol",Arrays were imaged using BeadArray Reader using standard recommended Illumina scanner setting,anti-CD14 magnetic-activated cell sorting,"The raw data from GenomeStudio software (v2011.1) methylation module (v1.9.0) were imported into R v. 2.13 and analyzed with the Bioconductor lumi package. Color channel imbalance adjusted, background corrected, and quantile normalized M values followed by fitting a Gamma distribution.",GPL13534,"Lovisa,E,Reinius",lovisa.reinius@ki.se,Department of Biosciences and Nutrition,Karolinska Institutet,"Novum, Halsovagen 7-9",Huddinge,,14157,Sweden,NONE,,485577,,,cpgcorpus,,,,Male,CD14+ Monocytes,,,,,,,,,,,,Male,CD14+ Monocytes,,,,,,,,,,,,Male,CD14+ Monocytes,,,,,,,,
GSE35069_GPL13534_sample_32,GSE35069,GPL13534,FlowSorted_BloodCellTypes,,,case,cd14+_3 cd14+ monocytes gender: male,"CpGCorpus,existing",False,True,False,cpgcorpus,2026-02-18T12:11:12.968033,,,,,data/ajhg2020/GSE35069/GPL13534/metadata/metadata.arrow,370d6475631662fa6037da39fd556ad6144d2b88d7c96800105c5fb44886e31b,GSM861667,CD14+_3,GSM861667,Public on Aug 03 2012,Jan 12 2012,Aug 03 2012,genomic,1,CD14+ Monocytes,Homo sapiens,gender: Male,tissue/cell type: CD14+ Monocytes,,,genomic DNA,"Genomic DNA was extracted and purified from all samples using QIAmp DNA Micro Kit (QIAGEN, Germany) according to standard instructions",Cy5 and Cy3,Standard Illumina Protocol,9606,"bisulphite converted DNA was amplified, fragmented and hybridised to Illumina Infinium Human Methylation540 Beadchip using standard Illumina protocol",Arrays were imaged using BeadArray Reader using standard recommended Illumina scanner setting,anti-CD14 magnetic-activated cell sorting,"The raw data from GenomeStudio software (v2011.1) methylation module (v1.9.0) were imported into R v. 2.13 and analyzed with the Bioconductor lumi package. Color channel imbalance adjusted, background corrected, and quantile normalized M values followed by fitting a Gamma distribution.",GPL13534,"Lovisa,E,Reinius",lovisa.reinius@ki.se,Department of Biosciences and Nutrition,Karolinska Institutet,"Novum, Halsovagen 7-9",Huddinge,,14157,Sweden,NONE,,485577,,,cpgcorpus,GSE35069,GPL13534,FlowSorted_BloodCellTypes,,,case,cd14+_3 cd14+ monocytes gender: male,"CpGCorpus,existing",False,True,False,cpgcorpus,2026-02-18T12:11:12.968033,,,,,data/ajhg2020/GSE35069/GPL13534/metadata/metadata.arrow,370d6475631662fa6037da39fd556ad6144d2b88d7c96800105c5fb44886e31b,GSM861667,CD14+_3,GSM861667,Public on Aug 03 2012,Jan 12 2012,Aug 03 2012,genomic,1,CD14+ Monocytes,Homo sapiens,gender: Male,tissue/cell type: CD14+ Monocytes,,,genomic DNA,"Genomic DNA was extracted and purified from all samples using QIAmp DNA Micro Kit (QIAGEN, Germany) according to standard instructions",Cy5 and Cy3,Standard Illumina Protocol,9606,"bisulphite converted DNA was amplified, fragmented and hybridised to Illumina Infinium Human Methylation540 Beadchip using standard Illumina protocol",Arrays were imaged using BeadArray Reader using standard recommended Illumina scanner setting,anti-CD14 magnetic-activated cell sorting,"The raw data from GenomeStudio software (v2011.1) methylation module (v1.9.0) were imported into R v. 2.13 and analyzed with the Bioconductor lumi package. Color channel imbalance adjusted, background corrected, and quantile normalized M values followed by fitting a Gamma distribution.",GPL13534,"Lovisa,E,Reinius",lovisa.reinius@ki.se,Department of Biosciences and Nutrition,Karolinska Institutet,"Novum, Halsovagen 7-9",Huddinge,,14157,Sweden,NONE,,485577,,,cpgcorpus,GSE35069,GPL13534,FlowSorted_BloodCellTypes,,,case,cd14+_3 cd14+ monocytes gender: male,CpGCorpus,False,True,False,cpgcorpus,2026-02-18T12:11:12.968033,,,,,data/ajhg2020/GSE35069/GPL13534/metadata/metadata.arrow,370d6475631662fa6037da39fd556ad6144d2b88d7c96800105c5fb44886e31b,GSM861667,CD14+_3,GSM861667,Public on Aug 03 2012,Jan 12 2012,Aug 03 2012,genomic,1,CD14+ Monocytes,Homo sapiens,gender: Male,tissue/cell type: CD14+ Monocytes,,,genomic DNA,"Genomic DNA was extracted and purified from all samples using QIAmp DNA Micro Kit (QIAGEN, Germany) according to standard instructions",Cy5 and Cy3,Standard Illumina Protocol,9606,"bisulphite converted DNA was amplified, fragmented and hybridised to Illumina Infinium Human Methylation540 Beadchip using standard Illumina protocol",Arrays were imaged using BeadArray Reader using standard recommended Illumina scanner setting,anti-CD14 magnetic-activated cell sorting,"The raw data from GenomeStudio software (v2011.1) methylation module (v1.9.0) were imported into R v. 2.13 and analyzed with the Bioconductor lumi package. Color channel imbalance adjusted, background corrected, and quantile normalized M values followed by fitting a Gamma distribution.",GPL13534,"Lovisa,E,Reinius",lovisa.reinius@ki.se,Department of Biosciences and Nutrition,Karolinska Institutet,"Novum, Halsovagen 7-9",Huddinge,,14157,Sweden,NONE,,485577,,,cpgcorpus,,,,Male,CD14+ Monocytes,,,,,,,,,,,,Male,CD14+ Monocytes,,,,,,,,,,,,Male,CD14+ Monocytes,,,,,,,,
GSE35069_GPL13534_sample_33,GSE35069,GPL13534,FlowSorted_BloodCellTypes,,,case,cd14+_4 cd14+ monocytes gender: male,"CpGCorpus,existing",False,True,False,cpgcorpus,2026-02-18T12:11:12.968033,,,,,data/ajhg2020/GSE35069/GPL13534/metadata/metadata.arrow,370d6475631662fa6037da39fd556ad6144d2b88d7c96800105c5fb44886e31b,GSM861668,CD14+_4,GSM861668,Public on Aug 03 2012,Jan 12 2012,Aug 03 2012,genomic,1,CD14+ Monocytes,Homo sapiens,gender: Male,tissue/cell type: CD14+ Monocytes,,,genomic DNA,"Genomic DNA was extracted and purified from all samples using QIAmp DNA Micro Kit (QIAGEN, Germany) according to standard instructions",Cy5 and Cy3,Standard Illumina Protocol,9606,"bisulphite converted DNA was amplified, fragmented and hybridised to Illumina Infinium Human Methylation540 Beadchip using standard Illumina protocol",Arrays were imaged using BeadArray Reader using standard recommended Illumina scanner setting,anti-CD14 magnetic-activated cell sorting,"The raw data from GenomeStudio software (v2011.1) methylation module (v1.9.0) were imported into R v. 2.13 and analyzed with the Bioconductor lumi package. Color channel imbalance adjusted, background corrected, and quantile normalized M values followed by fitting a Gamma distribution.",GPL13534,"Lovisa,E,Reinius",lovisa.reinius@ki.se,Department of Biosciences and Nutrition,Karolinska Institutet,"Novum, Halsovagen 7-9",Huddinge,,14157,Sweden,NONE,,485577,,,cpgcorpus,GSE35069,GPL13534,FlowSorted_BloodCellTypes,,,case,cd14+_4 cd14+ monocytes gender: male,"CpGCorpus,existing",False,True,False,cpgcorpus,2026-02-18T12:11:12.968033,,,,,data/ajhg2020/GSE35069/GPL13534/metadata/metadata.arrow,370d6475631662fa6037da39fd556ad6144d2b88d7c96800105c5fb44886e31b,GSM861668,CD14+_4,GSM861668,Public on Aug 03 2012,Jan 12 2012,Aug 03 2012,genomic,1,CD14+ Monocytes,Homo sapiens,gender: Male,tissue/cell type: CD14+ Monocytes,,,genomic DNA,"Genomic DNA was extracted and purified from all samples using QIAmp DNA Micro Kit (QIAGEN, Germany) according to standard instructions",Cy5 and Cy3,Standard Illumina Protocol,9606,"bisulphite converted DNA was amplified, fragmented and hybridised to Illumina Infinium Human Methylation540 Beadchip using standard Illumina protocol",Arrays were imaged using BeadArray Reader using standard recommended Illumina scanner setting,anti-CD14 magnetic-activated cell sorting,"The raw data from GenomeStudio software (v2011.1) methylation module (v1.9.0) were imported into R v. 2.13 and analyzed with the Bioconductor lumi package. Color channel imbalance adjusted, background corrected, and quantile normalized M values followed by fitting a Gamma distribution.",GPL13534,"Lovisa,E,Reinius",lovisa.reinius@ki.se,Department of Biosciences and Nutrition,Karolinska Institutet,"Novum, Halsovagen 7-9",Huddinge,,14157,Sweden,NONE,,485577,,,cpgcorpus,GSE35069,GPL13534,FlowSorted_BloodCellTypes,,,case,cd14+_4 cd14+ monocytes gender: male,CpGCorpus,False,True,False,cpgcorpus,2026-02-18T12:11:12.968033,,,,,data/ajhg2020/GSE35069/GPL13534/metadata/metadata.arrow,370d6475631662fa6037da39fd556ad6144d2b88d7c96800105c5fb44886e31b,GSM861668,CD14+_4,GSM861668,Public on Aug 03 2012,Jan 12 2012,Aug 03 2012,genomic,1,CD14+ Monocytes,Homo sapiens,gender: Male,tissue/cell type: CD14+ Monocytes,,,genomic DNA,"Genomic DNA was extracted and purified from all samples using QIAmp DNA Micro Kit (QIAGEN, Germany) according to standard instructions",Cy5 and Cy3,Standard Illumina Protocol,9606,"bisulphite converted DNA was amplified, fragmented and hybridised to Illumina Infinium Human Methylation540 Beadchip using standard Illumina protocol",Arrays were imaged using BeadArray Reader using standard recommended Illumina scanner setting,anti-CD14 magnetic-activated cell sorting,"The raw data from GenomeStudio software (v2011.1) methylation module (v1.9.0) were imported into R v. 2.13 and analyzed with the Bioconductor lumi package. Color channel imbalance adjusted, background corrected, and quantile normalized M values followed by fitting a Gamma distribution.",GPL13534,"Lovisa,E,Reinius",lovisa.reinius@ki.se,Department of Biosciences and Nutrition,Karolinska Institutet,"Novum, Halsovagen 7-9",Huddinge,,14157,Sweden,NONE,,485577,,,cpgcorpus,,,,Male,CD14+ Monocytes,,,,,,,,,,,,Male,CD14+ Monocytes,,,,,,,,,,,,Male,CD14+ Monocytes,,,,,,,,
GSE35069_GPL13534_sample_34,GSE35069,GPL13534,FlowSorted_BloodCellTypes,,,case,cd14+_5 cd14+ monocytes gender: male,"CpGCorpus,existing",False,True,False,cpgcorpus,2026-02-18T12:11:12.968033,,,,,data/ajhg2020/GSE35069/GPL13534/metadata/metadata.arrow,370d6475631662fa6037da39fd556ad6144d2b88d7c96800105c5fb44886e31b,GSM861669,CD14+_5,GSM861669,Public on Aug 03 2012,Jan 12 2012,Aug 03 2012,genomic,1,CD14+ Monocytes,Homo sapiens,gender: Male,tissue/cell type: CD14+ Monocytes,,,genomic DNA,"Genomic DNA was extracted and purified from all samples using QIAmp DNA Micro Kit (QIAGEN, Germany) according to standard instructions",Cy5 and Cy3,Standard Illumina Protocol,9606,"bisulphite converted DNA was amplified, fragmented and hybridised to Illumina Infinium Human Methylation540 Beadchip using standard Illumina protocol",Arrays were imaged using BeadArray Reader using standard recommended Illumina scanner setting,anti-CD14 magnetic-activated cell sorting,"The raw data from GenomeStudio software (v2011.1) methylation module (v1.9.0) were imported into R v. 2.13 and analyzed with the Bioconductor lumi package. Color channel imbalance adjusted, background corrected, and quantile normalized M values followed by fitting a Gamma distribution.",GPL13534,"Lovisa,E,Reinius",lovisa.reinius@ki.se,Department of Biosciences and Nutrition,Karolinska Institutet,"Novum, Halsovagen 7-9",Huddinge,,14157,Sweden,NONE,,485577,,,cpgcorpus,GSE35069,GPL13534,FlowSorted_BloodCellTypes,,,case,cd14+_5 cd14+ monocytes gender: male,"CpGCorpus,existing",False,True,False,cpgcorpus,2026-02-18T12:11:12.968033,,,,,data/ajhg2020/GSE35069/GPL13534/metadata/metadata.arrow,370d6475631662fa6037da39fd556ad6144d2b88d7c96800105c5fb44886e31b,GSM861669,CD14+_5,GSM861669,Public on Aug 03 2012,Jan 12 2012,Aug 03 2012,genomic,1,CD14+ Monocytes,Homo sapiens,gender: Male,tissue/cell type: CD14+ Monocytes,,,genomic DNA,"Genomic DNA was extracted and purified from all samples using QIAmp DNA Micro Kit (QIAGEN, Germany) according to standard instructions",Cy5 and Cy3,Standard Illumina Protocol,9606,"bisulphite converted DNA was amplified, fragmented and hybridised to Illumina Infinium Human Methylation540 Beadchip using standard Illumina protocol",Arrays were imaged using BeadArray Reader using standard recommended Illumina scanner setting,anti-CD14 magnetic-activated cell sorting,"The raw data from GenomeStudio software (v2011.1) methylation module (v1.9.0) were imported into R v. 2.13 and analyzed with the Bioconductor lumi package. Color channel imbalance adjusted, background corrected, and quantile normalized M values followed by fitting a Gamma distribution.",GPL13534,"Lovisa,E,Reinius",lovisa.reinius@ki.se,Department of Biosciences and Nutrition,Karolinska Institutet,"Novum, Halsovagen 7-9",Huddinge,,14157,Sweden,NONE,,485577,,,cpgcorpus,GSE35069,GPL13534,FlowSorted_BloodCellTypes,,,case,cd14+_5 cd14+ monocytes gender: male,CpGCorpus,False,True,False,cpgcorpus,2026-02-18T12:11:12.968033,,,,,data/ajhg2020/GSE35069/GPL13534/metadata/metadata.arrow,370d6475631662fa6037da39fd556ad6144d2b88d7c96800105c5fb44886e31b,GSM861669,CD14+_5,GSM861669,Public on Aug 03 2012,Jan 12 2012,Aug 03 2012,genomic,1,CD14+ Monocytes,Homo sapiens,gender: Male,tissue/cell type: CD14+ Monocytes,,,genomic DNA,"Genomic DNA was extracted and purified from all samples using QIAmp DNA Micro Kit (QIAGEN, Germany) according to standard instructions",Cy5 and Cy3,Standard Illumina Protocol,9606,"bisulphite converted DNA was amplified, fragmented and hybridised to Illumina Infinium Human Methylation540 Beadchip using standard Illumina protocol",Arrays were imaged using BeadArray Reader using standard recommended Illumina scanner setting,anti-CD14 magnetic-activated cell sorting,"The raw data from GenomeStudio software (v2011.1) methylation module (v1.9.0) were imported into R v. 2.13 and analyzed with the Bioconductor lumi package. Color channel imbalance adjusted, background corrected, and quantile normalized M values followed by fitting a Gamma distribution.",GPL13534,"Lovisa,E,Reinius",lovisa.reinius@ki.se,Department of Biosciences and Nutrition,Karolinska Institutet,"Novum, Halsovagen 7-9",Huddinge,,14157,Sweden,NONE,,485577,,,cpgcorpus,,,,Male,CD14+ Monocytes,,,,,,,,,,,,Male,CD14+ Monocytes,,,,,,,,,,,,Male,CD14+ Monocytes,,,,,,,,
GSE35069_GPL13534_sample_35,GSE35069,GPL13534,FlowSorted_BloodCellTypes,,,case,cd14+_6 cd14+ monocytes gender: male,"CpGCorpus,existing",False,True,False,cpgcorpus,2026-02-18T12:11:12.968033,,,,,data/ajhg2020/GSE35069/GPL13534/metadata/metadata.arrow,370d6475631662fa6037da39fd556ad6144d2b88d7c96800105c5fb44886e31b,GSM861670,CD14+_6,GSM861670,Public on Aug 03 2012,Jan 12 2012,Aug 03 2012,genomic,1,CD14+ Monocytes,Homo sapiens,gender: Male,tissue/cell type: CD14+ Monocytes,,,genomic DNA,"Genomic DNA was extracted and purified from all samples using QIAmp DNA Micro Kit (QIAGEN, Germany) according to standard instructions",Cy5 and Cy3,Standard Illumina Protocol,9606,"bisulphite converted DNA was amplified, fragmented and hybridised to Illumina Infinium Human Methylation540 Beadchip using standard Illumina protocol",Arrays were imaged using BeadArray Reader using standard recommended Illumina scanner setting,anti-CD14 magnetic-activated cell sorting,"The raw data from GenomeStudio software (v2011.1) methylation module (v1.9.0) were imported into R v. 2.13 and analyzed with the Bioconductor lumi package. Color channel imbalance adjusted, background corrected, and quantile normalized M values followed by fitting a Gamma distribution.",GPL13534,"Lovisa,E,Reinius",lovisa.reinius@ki.se,Department of Biosciences and Nutrition,Karolinska Institutet,"Novum, Halsovagen 7-9",Huddinge,,14157,Sweden,NONE,,485577,,,cpgcorpus,GSE35069,GPL13534,FlowSorted_BloodCellTypes,,,case,cd14+_6 cd14+ monocytes gender: male,"CpGCorpus,existing",False,True,False,cpgcorpus,2026-02-18T12:11:12.968033,,,,,data/ajhg2020/GSE35069/GPL13534/metadata/metadata.arrow,370d6475631662fa6037da39fd556ad6144d2b88d7c96800105c5fb44886e31b,GSM861670,CD14+_6,GSM861670,Public on Aug 03 2012,Jan 12 2012,Aug 03 2012,genomic,1,CD14+ Monocytes,Homo sapiens,gender: Male,tissue/cell type: CD14+ Monocytes,,,genomic DNA,"Genomic DNA was extracted and purified from all samples using QIAmp DNA Micro Kit (QIAGEN, Germany) according to standard instructions",Cy5 and Cy3,Standard Illumina Protocol,9606,"bisulphite converted DNA was amplified, fragmented and hybridised to Illumina Infinium Human Methylation540 Beadchip using standard Illumina protocol",Arrays were imaged using BeadArray Reader using standard recommended Illumina scanner setting,anti-CD14 magnetic-activated cell sorting,"The raw data from GenomeStudio software (v2011.1) methylation module (v1.9.0) were imported into R v. 2.13 and analyzed with the Bioconductor lumi package. Color channel imbalance adjusted, background corrected, and quantile normalized M values followed by fitting a Gamma distribution.",GPL13534,"Lovisa,E,Reinius",lovisa.reinius@ki.se,Department of Biosciences and Nutrition,Karolinska Institutet,"Novum, Halsovagen 7-9",Huddinge,,14157,Sweden,NONE,,485577,,,cpgcorpus,GSE35069,GPL13534,FlowSorted_BloodCellTypes,,,case,cd14+_6 cd14+ monocytes gender: male,CpGCorpus,False,True,False,cpgcorpus,2026-02-18T12:11:12.968033,,,,,data/ajhg2020/GSE35069/GPL13534/metadata/metadata.arrow,370d6475631662fa6037da39fd556ad6144d2b88d7c96800105c5fb44886e31b,GSM861670,CD14+_6,GSM861670,Public on Aug 03 2012,Jan 12 2012,Aug 03 2012,genomic,1,CD14+ Monocytes,Homo sapiens,gender: Male,tissue/cell type: CD14+ Monocytes,,,genomic DNA,"Genomic DNA was extracted and purified from all samples using QIAmp DNA Micro Kit (QIAGEN, Germany) according to standard instructions",Cy5 and Cy3,Standard Illumina Protocol,9606,"bisulphite converted DNA was amplified, fragmented and hybridised to Illumina Infinium Human Methylation540 Beadchip using standard Illumina protocol",Arrays were imaged using BeadArray Reader using standard recommended Illumina scanner setting,anti-CD14 magnetic-activated cell sorting,"The raw data from GenomeStudio software (v2011.1) methylation module (v1.9.0) were imported into R v. 2.13 and analyzed with the Bioconductor lumi package. Color channel imbalance adjusted, background corrected, and quantile normalized M values followed by fitting a Gamma distribution.",GPL13534,"Lovisa,E,Reinius",lovisa.reinius@ki.se,Department of Biosciences and Nutrition,Karolinska Institutet,"Novum, Halsovagen 7-9",Huddinge,,14157,Sweden,NONE,,485577,,,cpgcorpus,,,,Male,CD14+ Monocytes,,,,,,,,,,,,Male,CD14+ Monocytes,,,,,,,,,,,,Male,CD14+ Monocytes,,,,,,,,
GSE35069_GPL13534_sample_36,GSE35069,GPL13534,FlowSorted_BloodCellTypes,,,case,cd19+_1 cd19+ b cells gender: male,"CpGCorpus,existing",False,True,False,cpgcorpus,2026-02-18T12:11:12.968033,,,,,data/ajhg2020/GSE35069/GPL13534/metadata/metadata.arrow,370d6475631662fa6037da39fd556ad6144d2b88d7c96800105c5fb44886e31b,GSM861671,CD19+_1,GSM861671,Public on Aug 03 2012,Jan 12 2012,Aug 03 2012,genomic,1,CD19+ B cells,Homo sapiens,gender: Male,tissue/cell type: CD19+ B cells,,,genomic DNA,"Genomic DNA was extracted and purified from all samples using QIAmp DNA Micro Kit (QIAGEN, Germany) according to standard instructions",Cy5 and Cy3,Standard Illumina Protocol,9606,"bisulphite converted DNA was amplified, fragmented and hybridised to Illumina Infinium Human Methylation540 Beadchip using standard Illumina protocol",Arrays were imaged using BeadArray Reader using standard recommended Illumina scanner setting,anti-CD19 magnetic-activated cell sorting,"The raw data from GenomeStudio software (v2011.1) methylation module (v1.9.0) were imported into R v. 2.13 and analyzed with the Bioconductor lumi package. Color channel imbalance adjusted, background corrected, and quantile normalized M values followed by fitting a Gamma distribution.",GPL13534,"Lovisa,E,Reinius",lovisa.reinius@ki.se,Department of Biosciences and Nutrition,Karolinska Institutet,"Novum, Halsovagen 7-9",Huddinge,,14157,Sweden,NONE,,485577,,,cpgcorpus,GSE35069,GPL13534,FlowSorted_BloodCellTypes,,,case,cd19+_1 cd19+ b cells gender: male,"CpGCorpus,existing",False,True,False,cpgcorpus,2026-02-18T12:11:12.968033,,,,,data/ajhg2020/GSE35069/GPL13534/metadata/metadata.arrow,370d6475631662fa6037da39fd556ad6144d2b88d7c96800105c5fb44886e31b,GSM861671,CD19+_1,GSM861671,Public on Aug 03 2012,Jan 12 2012,Aug 03 2012,genomic,1,CD19+ B cells,Homo sapiens,gender: Male,tissue/cell type: CD19+ B cells,,,genomic DNA,"Genomic DNA was extracted and purified from all samples using QIAmp DNA Micro Kit (QIAGEN, Germany) according to standard instructions",Cy5 and Cy3,Standard Illumina Protocol,9606,"bisulphite converted DNA was amplified, fragmented and hybridised to Illumina Infinium Human Methylation540 Beadchip using standard Illumina protocol",Arrays were imaged using BeadArray Reader using standard recommended Illumina scanner setting,anti-CD19 magnetic-activated cell sorting,"The raw data from GenomeStudio software (v2011.1) methylation module (v1.9.0) were imported into R v. 2.13 and analyzed with the Bioconductor lumi package. Color channel imbalance adjusted, background corrected, and quantile normalized M values followed by fitting a Gamma distribution.",GPL13534,"Lovisa,E,Reinius",lovisa.reinius@ki.se,Department of Biosciences and Nutrition,Karolinska Institutet,"Novum, Halsovagen 7-9",Huddinge,,14157,Sweden,NONE,,485577,,,cpgcorpus,GSE35069,GPL13534,FlowSorted_BloodCellTypes,,,case,cd19+_1 cd19+ b cells gender: male,CpGCorpus,False,True,False,cpgcorpus,2026-02-18T12:11:12.968033,,,,,data/ajhg2020/GSE35069/GPL13534/metadata/metadata.arrow,370d6475631662fa6037da39fd556ad6144d2b88d7c96800105c5fb44886e31b,GSM861671,CD19+_1,GSM861671,Public on Aug 03 2012,Jan 12 2012,Aug 03 2012,genomic,1,CD19+ B cells,Homo sapiens,gender: Male,tissue/cell type: CD19+ B cells,,,genomic DNA,"Genomic DNA was extracted and purified from all samples using QIAmp DNA Micro Kit (QIAGEN, Germany) according to standard instructions",Cy5 and Cy3,Standard Illumina Protocol,9606,"bisulphite converted DNA was amplified, fragmented and hybridised to Illumina Infinium Human Methylation540 Beadchip using standard Illumina protocol",Arrays were imaged using BeadArray Reader using standard recommended Illumina scanner setting,anti-CD19 magnetic-activated cell sorting,"The raw data from GenomeStudio software (v2011.1) methylation module (v1.9.0) were imported into R v. 2.13 and analyzed with the Bioconductor lumi package. Color channel imbalance adjusted, background corrected, and quantile normalized M values followed by fitting a Gamma distribution.",GPL13534,"Lovisa,E,Reinius",lovisa.reinius@ki.se,Department of Biosciences and Nutrition,Karolinska Institutet,"Novum, Halsovagen 7-9",Huddinge,,14157,Sweden,NONE,,485577,,,cpgcorpus,,,,Male,CD19+ B cells,,,,,,,,,,,,Male,CD19+ B cells,,,,,,,,,,,,Male,CD19+ B cells,,,,,,,,
GSE35069_GPL13534_sample_37,GSE35069,GPL13534,FlowSorted_BloodCellTypes,,,case,cd19+_2 cd19+ b cells gender: male,"CpGCorpus,existing",False,True,False,cpgcorpus,2026-02-18T12:11:12.968033,,,,,data/ajhg2020/GSE35069/GPL13534/metadata/metadata.arrow,370d6475631662fa6037da39fd556ad6144d2b88d7c96800105c5fb44886e31b,GSM861672,CD19+_2,GSM861672,Public on Aug 03 2012,Jan 12 2012,Aug 03 2012,genomic,1,CD19+ B cells,Homo sapiens,gender: Male,tissue/cell type: CD19+ B cells,,,genomic DNA,"Genomic DNA was extracted and purified from all samples using QIAmp DNA Micro Kit (QIAGEN, Germany) according to standard instructions",Cy5 and Cy3,Standard Illumina Protocol,9606,"bisulphite converted DNA was amplified, fragmented and hybridised to Illumina Infinium Human Methylation540 Beadchip using standard Illumina protocol",Arrays were imaged using BeadArray Reader using standard recommended Illumina scanner setting,anti-CD19 magnetic-activated cell sorting,"The raw data from GenomeStudio software (v2011.1) methylation module (v1.9.0) were imported into R v. 2.13 and analyzed with the Bioconductor lumi package. Color channel imbalance adjusted, background corrected, and quantile normalized M values followed by fitting a Gamma distribution.",GPL13534,"Lovisa,E,Reinius",lovisa.reinius@ki.se,Department of Biosciences and Nutrition,Karolinska Institutet,"Novum, Halsovagen 7-9",Huddinge,,14157,Sweden,NONE,,485577,,,cpgcorpus,GSE35069,GPL13534,FlowSorted_BloodCellTypes,,,case,cd19+_2 cd19+ b cells gender: male,"CpGCorpus,existing",False,True,False,cpgcorpus,2026-02-18T12:11:12.968033,,,,,data/ajhg2020/GSE35069/GPL13534/metadata/metadata.arrow,370d6475631662fa6037da39fd556ad6144d2b88d7c96800105c5fb44886e31b,GSM861672,CD19+_2,GSM861672,Public on Aug 03 2012,Jan 12 2012,Aug 03 2012,genomic,1,CD19+ B cells,Homo sapiens,gender: Male,tissue/cell type: CD19+ B cells,,,genomic DNA,"Genomic DNA was extracted and purified from all samples using QIAmp DNA Micro Kit (QIAGEN, Germany) according to standard instructions",Cy5 and Cy3,Standard Illumina Protocol,9606,"bisulphite converted DNA was amplified, fragmented and hybridised to Illumina Infinium Human Methylation540 Beadchip using standard Illumina protocol",Arrays were imaged using BeadArray Reader using standard recommended Illumina scanner setting,anti-CD19 magnetic-activated cell sorting,"The raw data from GenomeStudio software (v2011.1) methylation module (v1.9.0) were imported into R v. 2.13 and analyzed with the Bioconductor lumi package. Color channel imbalance adjusted, background corrected, and quantile normalized M values followed by fitting a Gamma distribution.",GPL13534,"Lovisa,E,Reinius",lovisa.reinius@ki.se,Department of Biosciences and Nutrition,Karolinska Institutet,"Novum, Halsovagen 7-9",Huddinge,,14157,Sweden,NONE,,485577,,,cpgcorpus,GSE35069,GPL13534,FlowSorted_BloodCellTypes,,,case,cd19+_2 cd19+ b cells gender: male,CpGCorpus,False,True,False,cpgcorpus,2026-02-18T12:11:12.968033,,,,,data/ajhg2020/GSE35069/GPL13534/metadata/metadata.arrow,370d6475631662fa6037da39fd556ad6144d2b88d7c96800105c5fb44886e31b,GSM861672,CD19+_2,GSM861672,Public on Aug 03 2012,Jan 12 2012,Aug 03 2012,genomic,1,CD19+ B cells,Homo sapiens,gender: Male,tissue/cell type: CD19+ B cells,,,genomic DNA,"Genomic DNA was extracted and purified from all samples using QIAmp DNA Micro Kit (QIAGEN, Germany) according to standard instructions",Cy5 and Cy3,Standard Illumina Protocol,9606,"bisulphite converted DNA was amplified, fragmented and hybridised to Illumina Infinium Human Methylation540 Beadchip using standard Illumina protocol",Arrays were imaged using BeadArray Reader using standard recommended Illumina scanner setting,anti-CD19 magnetic-activated cell sorting,"The raw data from GenomeStudio software (v2011.1) methylation module (v1.9.0) were imported into R v. 2.13 and analyzed with the Bioconductor lumi package. Color channel imbalance adjusted, background corrected, and quantile normalized M values followed by fitting a Gamma distribution.",GPL13534,"Lovisa,E,Reinius",lovisa.reinius@ki.se,Department of Biosciences and Nutrition,Karolinska Institutet,"Novum, Halsovagen 7-9",Huddinge,,14157,Sweden,NONE,,485577,,,cpgcorpus,,,,Male,CD19+ B cells,,,,,,,,,,,,Male,CD19+ B cells,,,,,,,,,,,,Male,CD19+ B cells,,,,,,,,
GSE35069_GPL13534_sample_38,GSE35069,GPL13534,FlowSorted_BloodCellTypes,,,case,cd19+_3 cd19+ b cells gender: male,"CpGCorpus,existing",False,True,False,cpgcorpus,2026-02-18T12:11:12.968033,,,,,data/ajhg2020/GSE35069/GPL13534/metadata/metadata.arrow,370d6475631662fa6037da39fd556ad6144d2b88d7c96800105c5fb44886e31b,GSM861673,CD19+_3,GSM861673,Public on Aug 03 2012,Jan 12 2012,Aug 03 2012,genomic,1,CD19+ B cells,Homo sapiens,gender: Male,tissue/cell type: CD19+ B cells,,,genomic DNA,"Genomic DNA was extracted and purified from all samples using QIAmp DNA Micro Kit (QIAGEN, Germany) according to standard instructions",Cy5 and Cy3,Standard Illumina Protocol,9606,"bisulphite converted DNA was amplified, fragmented and hybridised to Illumina Infinium Human Methylation540 Beadchip using standard Illumina protocol",Arrays were imaged using BeadArray Reader using standard recommended Illumina scanner setting,anti-CD19 magnetic-activated cell sorting,"The raw data from GenomeStudio software (v2011.1) methylation module (v1.9.0) were imported into R v. 2.13 and analyzed with the Bioconductor lumi package. Color channel imbalance adjusted, background corrected, and quantile normalized M values followed by fitting a Gamma distribution.",GPL13534,"Lovisa,E,Reinius",lovisa.reinius@ki.se,Department of Biosciences and Nutrition,Karolinska Institutet,"Novum, Halsovagen 7-9",Huddinge,,14157,Sweden,NONE,,485577,,,cpgcorpus,GSE35069,GPL13534,FlowSorted_BloodCellTypes,,,case,cd19+_3 cd19+ b cells gender: male,"CpGCorpus,existing",False,True,False,cpgcorpus,2026-02-18T12:11:12.968033,,,,,data/ajhg2020/GSE35069/GPL13534/metadata/metadata.arrow,370d6475631662fa6037da39fd556ad6144d2b88d7c96800105c5fb44886e31b,GSM861673,CD19+_3,GSM861673,Public on Aug 03 2012,Jan 12 2012,Aug 03 2012,genomic,1,CD19+ B cells,Homo sapiens,gender: Male,tissue/cell type: CD19+ B cells,,,genomic DNA,"Genomic DNA was extracted and purified from all samples using QIAmp DNA Micro Kit (QIAGEN, Germany) according to standard instructions",Cy5 and Cy3,Standard Illumina Protocol,9606,"bisulphite converted DNA was amplified, fragmented and hybridised to Illumina Infinium Human Methylation540 Beadchip using standard Illumina protocol",Arrays were imaged using BeadArray Reader using standard recommended Illumina scanner setting,anti-CD19 magnetic-activated cell sorting,"The raw data from GenomeStudio software (v2011.1) methylation module (v1.9.0) were imported into R v. 2.13 and analyzed with the Bioconductor lumi package. Color channel imbalance adjusted, background corrected, and quantile normalized M values followed by fitting a Gamma distribution.",GPL13534,"Lovisa,E,Reinius",lovisa.reinius@ki.se,Department of Biosciences and Nutrition,Karolinska Institutet,"Novum, Halsovagen 7-9",Huddinge,,14157,Sweden,NONE,,485577,,,cpgcorpus,GSE35069,GPL13534,FlowSorted_BloodCellTypes,,,case,cd19+_3 cd19+ b cells gender: male,CpGCorpus,False,True,False,cpgcorpus,2026-02-18T12:11:12.968033,,,,,data/ajhg2020/GSE35069/GPL13534/metadata/metadata.arrow,370d6475631662fa6037da39fd556ad6144d2b88d7c96800105c5fb44886e31b,GSM861673,CD19+_3,GSM861673,Public on Aug 03 2012,Jan 12 2012,Aug 03 2012,genomic,1,CD19+ B cells,Homo sapiens,gender: Male,tissue/cell type: CD19+ B cells,,,genomic DNA,"Genomic DNA was extracted and purified from all samples using QIAmp DNA Micro Kit (QIAGEN, Germany) according to standard instructions",Cy5 and Cy3,Standard Illumina Protocol,9606,"bisulphite converted DNA was amplified, fragmented and hybridised to Illumina Infinium Human Methylation540 Beadchip using standard Illumina protocol",Arrays were imaged using BeadArray Reader using standard recommended Illumina scanner setting,anti-CD19 magnetic-activated cell sorting,"The raw data from GenomeStudio software (v2011.1) methylation module (v1.9.0) were imported into R v. 2.13 and analyzed with the Bioconductor lumi package. Color channel imbalance adjusted, background corrected, and quantile normalized M values followed by fitting a Gamma distribution.",GPL13534,"Lovisa,E,Reinius",lovisa.reinius@ki.se,Department of Biosciences and Nutrition,Karolinska Institutet,"Novum, Halsovagen 7-9",Huddinge,,14157,Sweden,NONE,,485577,,,cpgcorpus,,,,Male,CD19+ B cells,,,,,,,,,,,,Male,CD19+ B cells,,,,,,,,,,,,Male,CD19+ B cells,,,,,,,,
GSE35069_GPL13534_sample_39,GSE35069,GPL13534,FlowSorted_BloodCellTypes,,,case,cd19+_4 cd19+ b cells gender: male,"CpGCorpus,existing",False,True,False,cpgcorpus,2026-02-18T12:11:12.968033,,,,,data/ajhg2020/GSE35069/GPL13534/metadata/metadata.arrow,370d6475631662fa6037da39fd556ad6144d2b88d7c96800105c5fb44886e31b,GSM861674,CD19+_4,GSM861674,Public on Aug 03 2012,Jan 12 2012,Aug 03 2012,genomic,1,CD19+ B cells,Homo sapiens,gender: Male,tissue/cell type: CD19+ B cells,,,genomic DNA,"Genomic DNA was extracted and purified from all samples using QIAmp DNA Micro Kit (QIAGEN, Germany) according to standard instructions",Cy5 and Cy3,Standard Illumina Protocol,9606,"bisulphite converted DNA was amplified, fragmented and hybridised to Illumina Infinium Human Methylation540 Beadchip using standard Illumina protocol",Arrays were imaged using BeadArray Reader using standard recommended Illumina scanner setting,anti-CD19 magnetic-activated cell sorting,"The raw data from GenomeStudio software (v2011.1) methylation module (v1.9.0) were imported into R v. 2.13 and analyzed with the Bioconductor lumi package. Color channel imbalance adjusted, background corrected, and quantile normalized M values followed by fitting a Gamma distribution.",GPL13534,"Lovisa,E,Reinius",lovisa.reinius@ki.se,Department of Biosciences and Nutrition,Karolinska Institutet,"Novum, Halsovagen 7-9",Huddinge,,14157,Sweden,NONE,,485577,,,cpgcorpus,GSE35069,GPL13534,FlowSorted_BloodCellTypes,,,case,cd19+_4 cd19+ b cells gender: male,"CpGCorpus,existing",False,True,False,cpgcorpus,2026-02-18T12:11:12.968033,,,,,data/ajhg2020/GSE35069/GPL13534/metadata/metadata.arrow,370d6475631662fa6037da39fd556ad6144d2b88d7c96800105c5fb44886e31b,GSM861674,CD19+_4,GSM861674,Public on Aug 03 2012,Jan 12 2012,Aug 03 2012,genomic,1,CD19+ B cells,Homo sapiens,gender: Male,tissue/cell type: CD19+ B cells,,,genomic DNA,"Genomic DNA was extracted and purified from all samples using QIAmp DNA Micro Kit (QIAGEN, Germany) according to standard instructions",Cy5 and Cy3,Standard Illumina Protocol,9606,"bisulphite converted DNA was amplified, fragmented and hybridised to Illumina Infinium Human Methylation540 Beadchip using standard Illumina protocol",Arrays were imaged using BeadArray Reader using standard recommended Illumina scanner setting,anti-CD19 magnetic-activated cell sorting,"The raw data from GenomeStudio software (v2011.1) methylation module (v1.9.0) were imported into R v. 2.13 and analyzed with the Bioconductor lumi package. Color channel imbalance adjusted, background corrected, and quantile normalized M values followed by fitting a Gamma distribution.",GPL13534,"Lovisa,E,Reinius",lovisa.reinius@ki.se,Department of Biosciences and Nutrition,Karolinska Institutet,"Novum, Halsovagen 7-9",Huddinge,,14157,Sweden,NONE,,485577,,,cpgcorpus,GSE35069,GPL13534,FlowSorted_BloodCellTypes,,,case,cd19+_4 cd19+ b cells gender: male,CpGCorpus,False,True,False,cpgcorpus,2026-02-18T12:11:12.968033,,,,,data/ajhg2020/GSE35069/GPL13534/metadata/metadata.arrow,370d6475631662fa6037da39fd556ad6144d2b88d7c96800105c5fb44886e31b,GSM861674,CD19+_4,GSM861674,Public on Aug 03 2012,Jan 12 2012,Aug 03 2012,genomic,1,CD19+ B cells,Homo sapiens,gender: Male,tissue/cell type: CD19+ B cells,,,genomic DNA,"Genomic DNA was extracted and purified from all samples using QIAmp DNA Micro Kit (QIAGEN, Germany) according to standard instructions",Cy5 and Cy3,Standard Illumina Protocol,9606,"bisulphite converted DNA was amplified, fragmented and hybridised to Illumina Infinium Human Methylation540 Beadchip using standard Illumina protocol",Arrays were imaged using BeadArray Reader using standard recommended Illumina scanner setting,anti-CD19 magnetic-activated cell sorting,"The raw data from GenomeStudio software (v2011.1) methylation module (v1.9.0) were imported into R v. 2.13 and analyzed with the Bioconductor lumi package. Color channel imbalance adjusted, background corrected, and quantile normalized M values followed by fitting a Gamma distribution.",GPL13534,"Lovisa,E,Reinius",lovisa.reinius@ki.se,Department of Biosciences and Nutrition,Karolinska Institutet,"Novum, Halsovagen 7-9",Huddinge,,14157,Sweden,NONE,,485577,,,cpgcorpus,,,,Male,CD19+ B cells,,,,,,,,,,,,Male,CD19+ B cells,,,,,,,,,,,,Male,CD19+ B cells,,,,,,,,
GSE35069_GPL13534_sample_40,GSE35069,GPL13534,FlowSorted_BloodCellTypes,,,case,cd19+_5 cd19+ b cells gender: male,"CpGCorpus,existing",False,True,False,cpgcorpus,2026-02-18T12:11:12.968033,,,,,data/ajhg2020/GSE35069/GPL13534/metadata/metadata.arrow,370d6475631662fa6037da39fd556ad6144d2b88d7c96800105c5fb44886e31b,GSM861675,CD19+_5,GSM861675,Public on Aug 03 2012,Jan 12 2012,Aug 03 2012,genomic,1,CD19+ B cells,Homo sapiens,gender: Male,tissue/cell type: CD19+ B cells,,,genomic DNA,"Genomic DNA was extracted and purified from all samples using QIAmp DNA Micro Kit (QIAGEN, Germany) according to standard instructions",Cy5 and Cy3,Standard Illumina Protocol,9606,"bisulphite converted DNA was amplified, fragmented and hybridised to Illumina Infinium Human Methylation540 Beadchip using standard Illumina protocol",Arrays were imaged using BeadArray Reader using standard recommended Illumina scanner setting,anti-CD19 magnetic-activated cell sorting,"The raw data from GenomeStudio software (v2011.1) methylation module (v1.9.0) were imported into R v. 2.13 and analyzed with the Bioconductor lumi package. Color channel imbalance adjusted, background corrected, and quantile normalized M values followed by fitting a Gamma distribution.",GPL13534,"Lovisa,E,Reinius",lovisa.reinius@ki.se,Department of Biosciences and Nutrition,Karolinska Institutet,"Novum, Halsovagen 7-9",Huddinge,,14157,Sweden,NONE,,485577,,,cpgcorpus,GSE35069,GPL13534,FlowSorted_BloodCellTypes,,,case,cd19+_5 cd19+ b cells gender: male,"CpGCorpus,existing",False,True,False,cpgcorpus,2026-02-18T12:11:12.968033,,,,,data/ajhg2020/GSE35069/GPL13534/metadata/metadata.arrow,370d6475631662fa6037da39fd556ad6144d2b88d7c96800105c5fb44886e31b,GSM861675,CD19+_5,GSM861675,Public on Aug 03 2012,Jan 12 2012,Aug 03 2012,genomic,1,CD19+ B cells,Homo sapiens,gender: Male,tissue/cell type: CD19+ B cells,,,genomic DNA,"Genomic DNA was extracted and purified from all samples using QIAmp DNA Micro Kit (QIAGEN, Germany) according to standard instructions",Cy5 and Cy3,Standard Illumina Protocol,9606,"bisulphite converted DNA was amplified, fragmented and hybridised to Illumina Infinium Human Methylation540 Beadchip using standard Illumina protocol",Arrays were imaged using BeadArray Reader using standard recommended Illumina scanner setting,anti-CD19 magnetic-activated cell sorting,"The raw data from GenomeStudio software (v2011.1) methylation module (v1.9.0) were imported into R v. 2.13 and analyzed with the Bioconductor lumi package. Color channel imbalance adjusted, background corrected, and quantile normalized M values followed by fitting a Gamma distribution.",GPL13534,"Lovisa,E,Reinius",lovisa.reinius@ki.se,Department of Biosciences and Nutrition,Karolinska Institutet,"Novum, Halsovagen 7-9",Huddinge,,14157,Sweden,NONE,,485577,,,cpgcorpus,GSE35069,GPL13534,FlowSorted_BloodCellTypes,,,case,cd19+_5 cd19+ b cells gender: male,CpGCorpus,False,True,False,cpgcorpus,2026-02-18T12:11:12.968033,,,,,data/ajhg2020/GSE35069/GPL13534/metadata/metadata.arrow,370d6475631662fa6037da39fd556ad6144d2b88d7c96800105c5fb44886e31b,GSM861675,CD19+_5,GSM861675,Public on Aug 03 2012,Jan 12 2012,Aug 03 2012,genomic,1,CD19+ B cells,Homo sapiens,gender: Male,tissue/cell type: CD19+ B cells,,,genomic DNA,"Genomic DNA was extracted and purified from all samples using QIAmp DNA Micro Kit (QIAGEN, Germany) according to standard instructions",Cy5 and Cy3,Standard Illumina Protocol,9606,"bisulphite converted DNA was amplified, fragmented and hybridised to Illumina Infinium Human Methylation540 Beadchip using standard Illumina protocol",Arrays were imaged using BeadArray Reader using standard recommended Illumina scanner setting,anti-CD19 magnetic-activated cell sorting,"The raw data from GenomeStudio software (v2011.1) methylation module (v1.9.0) were imported into R v. 2.13 and analyzed with the Bioconductor lumi package. Color channel imbalance adjusted, background corrected, and quantile normalized M values followed by fitting a Gamma distribution.",GPL13534,"Lovisa,E,Reinius",lovisa.reinius@ki.se,Department of Biosciences and Nutrition,Karolinska Institutet,"Novum, Halsovagen 7-9",Huddinge,,14157,Sweden,NONE,,485577,,,cpgcorpus,,,,Male,CD19+ B cells,,,,,,,,,,,,Male,CD19+ B cells,,,,,,,,,,,,Male,CD19+ B cells,,,,,,,,
GSE35069_GPL13534_sample_41,GSE35069,GPL13534,FlowSorted_BloodCellTypes,,,case,cd19+_6 cd19+ b cells gender: male,"CpGCorpus,existing",False,True,False,cpgcorpus,2026-02-18T12:11:12.968033,,,,,data/ajhg2020/GSE35069/GPL13534/metadata/metadata.arrow,370d6475631662fa6037da39fd556ad6144d2b88d7c96800105c5fb44886e31b,GSM861676,CD19+_6,GSM861676,Public on Aug 03 2012,Jan 12 2012,Aug 03 2012,genomic,1,CD19+ B cells,Homo sapiens,gender: Male,tissue/cell type: CD19+ B cells,,,genomic DNA,"Genomic DNA was extracted and purified from all samples using QIAmp DNA Micro Kit (QIAGEN, Germany) according to standard instructions",Cy5 and Cy3,Standard Illumina Protocol,9606,"bisulphite converted DNA was amplified, fragmented and hybridised to Illumina Infinium Human Methylation540 Beadchip using standard Illumina protocol",Arrays were imaged using BeadArray Reader using standard recommended Illumina scanner setting,anti-CD19 magnetic-activated cell sorting,"The raw data from GenomeStudio software (v2011.1) methylation module (v1.9.0) were imported into R v. 2.13 and analyzed with the Bioconductor lumi package. Color channel imbalance adjusted, background corrected, and quantile normalized M values followed by fitting a Gamma distribution.",GPL13534,"Lovisa,E,Reinius",lovisa.reinius@ki.se,Department of Biosciences and Nutrition,Karolinska Institutet,"Novum, Halsovagen 7-9",Huddinge,,14157,Sweden,NONE,,485577,,,cpgcorpus,GSE35069,GPL13534,FlowSorted_BloodCellTypes,,,case,cd19+_6 cd19+ b cells gender: male,"CpGCorpus,existing",False,True,False,cpgcorpus,2026-02-18T12:11:12.968033,,,,,data/ajhg2020/GSE35069/GPL13534/metadata/metadata.arrow,370d6475631662fa6037da39fd556ad6144d2b88d7c96800105c5fb44886e31b,GSM861676,CD19+_6,GSM861676,Public on Aug 03 2012,Jan 12 2012,Aug 03 2012,genomic,1,CD19+ B cells,Homo sapiens,gender: Male,tissue/cell type: CD19+ B cells,,,genomic DNA,"Genomic DNA was extracted and purified from all samples using QIAmp DNA Micro Kit (QIAGEN, Germany) according to standard instructions",Cy5 and Cy3,Standard Illumina Protocol,9606,"bisulphite converted DNA was amplified, fragmented and hybridised to Illumina Infinium Human Methylation540 Beadchip using standard Illumina protocol",Arrays were imaged using BeadArray Reader using standard recommended Illumina scanner setting,anti-CD19 magnetic-activated cell sorting,"The raw data from GenomeStudio software (v2011.1) methylation module (v1.9.0) were imported into R v. 2.13 and analyzed with the Bioconductor lumi package. Color channel imbalance adjusted, background corrected, and quantile normalized M values followed by fitting a Gamma distribution.",GPL13534,"Lovisa,E,Reinius",lovisa.reinius@ki.se,Department of Biosciences and Nutrition,Karolinska Institutet,"Novum, Halsovagen 7-9",Huddinge,,14157,Sweden,NONE,,485577,,,cpgcorpus,GSE35069,GPL13534,FlowSorted_BloodCellTypes,,,case,cd19+_6 cd19+ b cells gender: male,CpGCorpus,False,True,False,cpgcorpus,2026-02-18T12:11:12.968033,,,,,data/ajhg2020/GSE35069/GPL13534/metadata/metadata.arrow,370d6475631662fa6037da39fd556ad6144d2b88d7c96800105c5fb44886e31b,GSM861676,CD19+_6,GSM861676,Public on Aug 03 2012,Jan 12 2012,Aug 03 2012,genomic,1,CD19+ B cells,Homo sapiens,gender: Male,tissue/cell type: CD19+ B cells,,,genomic DNA,"Genomic DNA was extracted and purified from all samples using QIAmp DNA Micro Kit (QIAGEN, Germany) according to standard instructions",Cy5 and Cy3,Standard Illumina Protocol,9606,"bisulphite converted DNA was amplified, fragmented and hybridised to Illumina Infinium Human Methylation540 Beadchip using standard Illumina protocol",Arrays were imaged using BeadArray Reader using standard recommended Illumina scanner setting,anti-CD19 magnetic-activated cell sorting,"The raw data from GenomeStudio software (v2011.1) methylation module (v1.9.0) were imported into R v. 2.13 and analyzed with the Bioconductor lumi package. Color channel imbalance adjusted, background corrected, and quantile normalized M values followed by fitting a Gamma distribution.",GPL13534,"Lovisa,E,Reinius",lovisa.reinius@ki.se,Department of Biosciences and Nutrition,Karolinska Institutet,"Novum, Halsovagen 7-9",Huddinge,,14157,Sweden,NONE,,485577,,,cpgcorpus,,,,Male,CD19+ B cells,,,,,,,,,,,,Male,CD19+ B cells,,,,,,,,,,,,Male,CD19+ B cells,,,,,,,,
GSE35069_GPL13534_sample_42,GSE35069,GPL13534,FlowSorted_BloodCellTypes,,,case,cd56+_1 cd56+ nk cells gender: male,"CpGCorpus,existing",False,True,False,cpgcorpus,2026-02-18T12:11:12.968033,,,,,data/ajhg2020/GSE35069/GPL13534/metadata/metadata.arrow,370d6475631662fa6037da39fd556ad6144d2b88d7c96800105c5fb44886e31b,GSM861677,CD56+_1,GSM861677,Public on Aug 03 2012,Jan 12 2012,Aug 03 2012,genomic,1,CD56+ NK cells,Homo sapiens,gender: Male,tissue/cell type: CD56+ NK cells,,,genomic DNA,"Genomic DNA was extracted and purified from all samples using QIAmp DNA Micro Kit (QIAGEN, Germany) according to standard instructions",Cy5 and Cy3,Standard Illumina Protocol,9606,"bisulphite converted DNA was amplified, fragmented and hybridised to Illumina Infinium Human Methylation540 Beadchip using standard Illumina protocol",Arrays were imaged using BeadArray Reader using standard recommended Illumina scanner setting,anti-CD56 magnetic-activated cell sorting,"The raw data from GenomeStudio software (v2011.1) methylation module (v1.9.0) were imported into R v. 2.13 and analyzed with the Bioconductor lumi package. Color channel imbalance adjusted, background corrected, and quantile normalized M values followed by fitting a Gamma distribution.",GPL13534,"Lovisa,E,Reinius",lovisa.reinius@ki.se,Department of Biosciences and Nutrition,Karolinska Institutet,"Novum, Halsovagen 7-9",Huddinge,,14157,Sweden,NONE,,485577,,,cpgcorpus,GSE35069,GPL13534,FlowSorted_BloodCellTypes,,,case,cd56+_1 cd56+ nk cells gender: male,"CpGCorpus,existing",False,True,False,cpgcorpus,2026-02-18T12:11:12.968033,,,,,data/ajhg2020/GSE35069/GPL13534/metadata/metadata.arrow,370d6475631662fa6037da39fd556ad6144d2b88d7c96800105c5fb44886e31b,GSM861677,CD56+_1,GSM861677,Public on Aug 03 2012,Jan 12 2012,Aug 03 2012,genomic,1,CD56+ NK cells,Homo sapiens,gender: Male,tissue/cell type: CD56+ NK cells,,,genomic DNA,"Genomic DNA was extracted and purified from all samples using QIAmp DNA Micro Kit (QIAGEN, Germany) according to standard instructions",Cy5 and Cy3,Standard Illumina Protocol,9606,"bisulphite converted DNA was amplified, fragmented and hybridised to Illumina Infinium Human Methylation540 Beadchip using standard Illumina protocol",Arrays were imaged using BeadArray Reader using standard recommended Illumina scanner setting,anti-CD56 magnetic-activated cell sorting,"The raw data from GenomeStudio software (v2011.1) methylation module (v1.9.0) were imported into R v. 2.13 and analyzed with the Bioconductor lumi package. Color channel imbalance adjusted, background corrected, and quantile normalized M values followed by fitting a Gamma distribution.",GPL13534,"Lovisa,E,Reinius",lovisa.reinius@ki.se,Department of Biosciences and Nutrition,Karolinska Institutet,"Novum, Halsovagen 7-9",Huddinge,,14157,Sweden,NONE,,485577,,,cpgcorpus,GSE35069,GPL13534,FlowSorted_BloodCellTypes,,,case,cd56+_1 cd56+ nk cells gender: male,CpGCorpus,False,True,False,cpgcorpus,2026-02-18T12:11:12.968033,,,,,data/ajhg2020/GSE35069/GPL13534/metadata/metadata.arrow,370d6475631662fa6037da39fd556ad6144d2b88d7c96800105c5fb44886e31b,GSM861677,CD56+_1,GSM861677,Public on Aug 03 2012,Jan 12 2012,Aug 03 2012,genomic,1,CD56+ NK cells,Homo sapiens,gender: Male,tissue/cell type: CD56+ NK cells,,,genomic DNA,"Genomic DNA was extracted and purified from all samples using QIAmp DNA Micro Kit (QIAGEN, Germany) according to standard instructions",Cy5 and Cy3,Standard Illumina Protocol,9606,"bisulphite converted DNA was amplified, fragmented and hybridised to Illumina Infinium Human Methylation540 Beadchip using standard Illumina protocol",Arrays were imaged using BeadArray Reader using standard recommended Illumina scanner setting,anti-CD56 magnetic-activated cell sorting,"The raw data from GenomeStudio software (v2011.1) methylation module (v1.9.0) were imported into R v. 2.13 and analyzed with the Bioconductor lumi package. Color channel imbalance adjusted, background corrected, and quantile normalized M values followed by fitting a Gamma distribution.",GPL13534,"Lovisa,E,Reinius",lovisa.reinius@ki.se,Department of Biosciences and Nutrition,Karolinska Institutet,"Novum, Halsovagen 7-9",Huddinge,,14157,Sweden,NONE,,485577,,,cpgcorpus,,,,Male,CD56+ NK cells,,,,,,,,,,,,Male,CD56+ NK cells,,,,,,,,,,,,Male,CD56+ NK cells,,,,,,,,
GSE35069_GPL13534_sample_43,GSE35069,GPL13534,FlowSorted_BloodCellTypes,,,case,cd56+_2 cd56+ nk cells gender: male,"CpGCorpus,existing",False,True,False,cpgcorpus,2026-02-18T12:11:12.968033,,,,,data/ajhg2020/GSE35069/GPL13534/metadata/metadata.arrow,370d6475631662fa6037da39fd556ad6144d2b88d7c96800105c5fb44886e31b,GSM861678,CD56+_2,GSM861678,Public on Aug 03 2012,Jan 12 2012,Aug 03 2012,genomic,1,CD56+ NK cells,Homo sapiens,gender: Male,tissue/cell type: CD56+ NK cells,,,genomic DNA,"Genomic DNA was extracted and purified from all samples using QIAmp DNA Micro Kit (QIAGEN, Germany) according to standard instructions",Cy5 and Cy3,Standard Illumina Protocol,9606,"bisulphite converted DNA was amplified, fragmented and hybridised to Illumina Infinium Human Methylation540 Beadchip using standard Illumina protocol",Arrays were imaged using BeadArray Reader using standard recommended Illumina scanner setting,anti-CD56 magnetic-activated cell sorting,"The raw data from GenomeStudio software (v2011.1) methylation module (v1.9.0) were imported into R v. 2.13 and analyzed with the Bioconductor lumi package. Color channel imbalance adjusted, background corrected, and quantile normalized M values followed by fitting a Gamma distribution.",GPL13534,"Lovisa,E,Reinius",lovisa.reinius@ki.se,Department of Biosciences and Nutrition,Karolinska Institutet,"Novum, Halsovagen 7-9",Huddinge,,14157,Sweden,NONE,,485577,,,cpgcorpus,GSE35069,GPL13534,FlowSorted_BloodCellTypes,,,case,cd56+_2 cd56+ nk cells gender: male,"CpGCorpus,existing",False,True,False,cpgcorpus,2026-02-18T12:11:12.968033,,,,,data/ajhg2020/GSE35069/GPL13534/metadata/metadata.arrow,370d6475631662fa6037da39fd556ad6144d2b88d7c96800105c5fb44886e31b,GSM861678,CD56+_2,GSM861678,Public on Aug 03 2012,Jan 12 2012,Aug 03 2012,genomic,1,CD56+ NK cells,Homo sapiens,gender: Male,tissue/cell type: CD56+ NK cells,,,genomic DNA,"Genomic DNA was extracted and purified from all samples using QIAmp DNA Micro Kit (QIAGEN, Germany) according to standard instructions",Cy5 and Cy3,Standard Illumina Protocol,9606,"bisulphite converted DNA was amplified, fragmented and hybridised to Illumina Infinium Human Methylation540 Beadchip using standard Illumina protocol",Arrays were imaged using BeadArray Reader using standard recommended Illumina scanner setting,anti-CD56 magnetic-activated cell sorting,"The raw data from GenomeStudio software (v2011.1) methylation module (v1.9.0) were imported into R v. 2.13 and analyzed with the Bioconductor lumi package. Color channel imbalance adjusted, background corrected, and quantile normalized M values followed by fitting a Gamma distribution.",GPL13534,"Lovisa,E,Reinius",lovisa.reinius@ki.se,Department of Biosciences and Nutrition,Karolinska Institutet,"Novum, Halsovagen 7-9",Huddinge,,14157,Sweden,NONE,,485577,,,cpgcorpus,GSE35069,GPL13534,FlowSorted_BloodCellTypes,,,case,cd56+_2 cd56+ nk cells gender: male,CpGCorpus,False,True,False,cpgcorpus,2026-02-18T12:11:12.968033,,,,,data/ajhg2020/GSE35069/GPL13534/metadata/metadata.arrow,370d6475631662fa6037da39fd556ad6144d2b88d7c96800105c5fb44886e31b,GSM861678,CD56+_2,GSM861678,Public on Aug 03 2012,Jan 12 2012,Aug 03 2012,genomic,1,CD56+ NK cells,Homo sapiens,gender: Male,tissue/cell type: CD56+ NK cells,,,genomic DNA,"Genomic DNA was extracted and purified from all samples using QIAmp DNA Micro Kit (QIAGEN, Germany) according to standard instructions",Cy5 and Cy3,Standard Illumina Protocol,9606,"bisulphite converted DNA was amplified, fragmented and hybridised to Illumina Infinium Human Methylation540 Beadchip using standard Illumina protocol",Arrays were imaged using BeadArray Reader using standard recommended Illumina scanner setting,anti-CD56 magnetic-activated cell sorting,"The raw data from GenomeStudio software (v2011.1) methylation module (v1.9.0) were imported into R v. 2.13 and analyzed with the Bioconductor lumi package. Color channel imbalance adjusted, background corrected, and quantile normalized M values followed by fitting a Gamma distribution.",GPL13534,"Lovisa,E,Reinius",lovisa.reinius@ki.se,Department of Biosciences and Nutrition,Karolinska Institutet,"Novum, Halsovagen 7-9",Huddinge,,14157,Sweden,NONE,,485577,,,cpgcorpus,,,,Male,CD56+ NK cells,,,,,,,,,,,,Male,CD56+ NK cells,,,,,,,,,,,,Male,CD56+ NK cells,,,,,,,,
GSE35069_GPL13534_sample_44,GSE35069,GPL13534,FlowSorted_BloodCellTypes,,,case,cd56+_3 cd56+ nk cells gender: male,"CpGCorpus,existing",False,True,False,cpgcorpus,2026-02-18T12:11:12.968033,,,,,data/ajhg2020/GSE35069/GPL13534/metadata/metadata.arrow,370d6475631662fa6037da39fd556ad6144d2b88d7c96800105c5fb44886e31b,GSM861679,CD56+_3,GSM861679,Public on Aug 03 2012,Jan 12 2012,Aug 03 2012,genomic,1,CD56+ NK cells,Homo sapiens,gender: Male,tissue/cell type: CD56+ NK cells,,,genomic DNA,"Genomic DNA was extracted and purified from all samples using QIAmp DNA Micro Kit (QIAGEN, Germany) according to standard instructions",Cy5 and Cy3,Standard Illumina Protocol,9606,"bisulphite converted DNA was amplified, fragmented and hybridised to Illumina Infinium Human Methylation540 Beadchip using standard Illumina protocol",Arrays were imaged using BeadArray Reader using standard recommended Illumina scanner setting,anti-CD56 magnetic-activated cell sorting,"The raw data from GenomeStudio software (v2011.1) methylation module (v1.9.0) were imported into R v. 2.13 and analyzed with the Bioconductor lumi package. Color channel imbalance adjusted, background corrected, and quantile normalized M values followed by fitting a Gamma distribution.",GPL13534,"Lovisa,E,Reinius",lovisa.reinius@ki.se,Department of Biosciences and Nutrition,Karolinska Institutet,"Novum, Halsovagen 7-9",Huddinge,,14157,Sweden,NONE,,485577,,,cpgcorpus,GSE35069,GPL13534,FlowSorted_BloodCellTypes,,,case,cd56+_3 cd56+ nk cells gender: male,"CpGCorpus,existing",False,True,False,cpgcorpus,2026-02-18T12:11:12.968033,,,,,data/ajhg2020/GSE35069/GPL13534/metadata/metadata.arrow,370d6475631662fa6037da39fd556ad6144d2b88d7c96800105c5fb44886e31b,GSM861679,CD56+_3,GSM861679,Public on Aug 03 2012,Jan 12 2012,Aug 03 2012,genomic,1,CD56+ NK cells,Homo sapiens,gender: Male,tissue/cell type: CD56+ NK cells,,,genomic DNA,"Genomic DNA was extracted and purified from all samples using QIAmp DNA Micro Kit (QIAGEN, Germany) according to standard instructions",Cy5 and Cy3,Standard Illumina Protocol,9606,"bisulphite converted DNA was amplified, fragmented and hybridised to Illumina Infinium Human Methylation540 Beadchip using standard Illumina protocol",Arrays were imaged using BeadArray Reader using standard recommended Illumina scanner setting,anti-CD56 magnetic-activated cell sorting,"The raw data from GenomeStudio software (v2011.1) methylation module (v1.9.0) were imported into R v. 2.13 and analyzed with the Bioconductor lumi package. Color channel imbalance adjusted, background corrected, and quantile normalized M values followed by fitting a Gamma distribution.",GPL13534,"Lovisa,E,Reinius",lovisa.reinius@ki.se,Department of Biosciences and Nutrition,Karolinska Institutet,"Novum, Halsovagen 7-9",Huddinge,,14157,Sweden,NONE,,485577,,,cpgcorpus,GSE35069,GPL13534,FlowSorted_BloodCellTypes,,,case,cd56+_3 cd56+ nk cells gender: male,CpGCorpus,False,True,False,cpgcorpus,2026-02-18T12:11:12.968033,,,,,data/ajhg2020/GSE35069/GPL13534/metadata/metadata.arrow,370d6475631662fa6037da39fd556ad6144d2b88d7c96800105c5fb44886e31b,GSM861679,CD56+_3,GSM861679,Public on Aug 03 2012,Jan 12 2012,Aug 03 2012,genomic,1,CD56+ NK cells,Homo sapiens,gender: Male,tissue/cell type: CD56+ NK cells,,,genomic DNA,"Genomic DNA was extracted and purified from all samples using QIAmp DNA Micro Kit (QIAGEN, Germany) according to standard instructions",Cy5 and Cy3,Standard Illumina Protocol,9606,"bisulphite converted DNA was amplified, fragmented and hybridised to Illumina Infinium Human Methylation540 Beadchip using standard Illumina protocol",Arrays were imaged using BeadArray Reader using standard recommended Illumina scanner setting,anti-CD56 magnetic-activated cell sorting,"The raw data from GenomeStudio software (v2011.1) methylation module (v1.9.0) were imported into R v. 2.13 and analyzed with the Bioconductor lumi package. Color channel imbalance adjusted, background corrected, and quantile normalized M values followed by fitting a Gamma distribution.",GPL13534,"Lovisa,E,Reinius",lovisa.reinius@ki.se,Department of Biosciences and Nutrition,Karolinska Institutet,"Novum, Halsovagen 7-9",Huddinge,,14157,Sweden,NONE,,485577,,,cpgcorpus,,,,Male,CD56+ NK cells,,,,,,,,,,,,Male,CD56+ NK cells,,,,,,,,,,,,Male,CD56+ NK cells,,,,,,,,
GSE35069_GPL13534_sample_45,GSE35069,GPL13534,FlowSorted_BloodCellTypes,,,case,cd56+_4 cd56+ nk cells gender: male,"CpGCorpus,existing",False,True,False,cpgcorpus,2026-02-18T12:11:12.968033,,,,,data/ajhg2020/GSE35069/GPL13534/metadata/metadata.arrow,370d6475631662fa6037da39fd556ad6144d2b88d7c96800105c5fb44886e31b,GSM861680,CD56+_4,GSM861680,Public on Aug 03 2012,Jan 12 2012,Aug 03 2012,genomic,1,CD56+ NK cells,Homo sapiens,gender: Male,tissue/cell type: CD56+ NK cells,,,genomic DNA,"Genomic DNA was extracted and purified from all samples using QIAmp DNA Micro Kit (QIAGEN, Germany) according to standard instructions",Cy5 and Cy3,Standard Illumina Protocol,9606,"bisulphite converted DNA was amplified, fragmented and hybridised to Illumina Infinium Human Methylation540 Beadchip using standard Illumina protocol",Arrays were imaged using BeadArray Reader using standard recommended Illumina scanner setting,anti-CD56 magnetic-activated cell sorting,"The raw data from GenomeStudio software (v2011.1) methylation module (v1.9.0) were imported into R v. 2.13 and analyzed with the Bioconductor lumi package. Color channel imbalance adjusted, background corrected, and quantile normalized M values followed by fitting a Gamma distribution.",GPL13534,"Lovisa,E,Reinius",lovisa.reinius@ki.se,Department of Biosciences and Nutrition,Karolinska Institutet,"Novum, Halsovagen 7-9",Huddinge,,14157,Sweden,NONE,,485577,,,cpgcorpus,GSE35069,GPL13534,FlowSorted_BloodCellTypes,,,case,cd56+_4 cd56+ nk cells gender: male,"CpGCorpus,existing",False,True,False,cpgcorpus,2026-02-18T12:11:12.968033,,,,,data/ajhg2020/GSE35069/GPL13534/metadata/metadata.arrow,370d6475631662fa6037da39fd556ad6144d2b88d7c96800105c5fb44886e31b,GSM861680,CD56+_4,GSM861680,Public on Aug 03 2012,Jan 12 2012,Aug 03 2012,genomic,1,CD56+ NK cells,Homo sapiens,gender: Male,tissue/cell type: CD56+ NK cells,,,genomic DNA,"Genomic DNA was extracted and purified from all samples using QIAmp DNA Micro Kit (QIAGEN, Germany) according to standard instructions",Cy5 and Cy3,Standard Illumina Protocol,9606,"bisulphite converted DNA was amplified, fragmented and hybridised to Illumina Infinium Human Methylation540 Beadchip using standard Illumina protocol",Arrays were imaged using BeadArray Reader using standard recommended Illumina scanner setting,anti-CD56 magnetic-activated cell sorting,"The raw data from GenomeStudio software (v2011.1) methylation module (v1.9.0) were imported into R v. 2.13 and analyzed with the Bioconductor lumi package. Color channel imbalance adjusted, background corrected, and quantile normalized M values followed by fitting a Gamma distribution.",GPL13534,"Lovisa,E,Reinius",lovisa.reinius@ki.se,Department of Biosciences and Nutrition,Karolinska Institutet,"Novum, Halsovagen 7-9",Huddinge,,14157,Sweden,NONE,,485577,,,cpgcorpus,GSE35069,GPL13534,FlowSorted_BloodCellTypes,,,case,cd56+_4 cd56+ nk cells gender: male,CpGCorpus,False,True,False,cpgcorpus,2026-02-18T12:11:12.968033,,,,,data/ajhg2020/GSE35069/GPL13534/metadata/metadata.arrow,370d6475631662fa6037da39fd556ad6144d2b88d7c96800105c5fb44886e31b,GSM861680,CD56+_4,GSM861680,Public on Aug 03 2012,Jan 12 2012,Aug 03 2012,genomic,1,CD56+ NK cells,Homo sapiens,gender: Male,tissue/cell type: CD56+ NK cells,,,genomic DNA,"Genomic DNA was extracted and purified from all samples using QIAmp DNA Micro Kit (QIAGEN, Germany) according to standard instructions",Cy5 and Cy3,Standard Illumina Protocol,9606,"bisulphite converted DNA was amplified, fragmented and hybridised to Illumina Infinium Human Methylation540 Beadchip using standard Illumina protocol",Arrays were imaged using BeadArray Reader using standard recommended Illumina scanner setting,anti-CD56 magnetic-activated cell sorting,"The raw data from GenomeStudio software (v2011.1) methylation module (v1.9.0) were imported into R v. 2.13 and analyzed with the Bioconductor lumi package. Color channel imbalance adjusted, background corrected, and quantile normalized M values followed by fitting a Gamma distribution.",GPL13534,"Lovisa,E,Reinius",lovisa.reinius@ki.se,Department of Biosciences and Nutrition,Karolinska Institutet,"Novum, Halsovagen 7-9",Huddinge,,14157,Sweden,NONE,,485577,,,cpgcorpus,,,,Male,CD56+ NK cells,,,,,,,,,,,,Male,CD56+ NK cells,,,,,,,,,,,,Male,CD56+ NK cells,,,,,,,,
GSE35069_GPL13534_sample_46,GSE35069,GPL13534,FlowSorted_BloodCellTypes,,,case,cd56+_5 cd56+ nk cells gender: male,"CpGCorpus,existing",False,True,False,cpgcorpus,2026-02-18T12:11:12.968033,,,,,data/ajhg2020/GSE35069/GPL13534/metadata/metadata.arrow,370d6475631662fa6037da39fd556ad6144d2b88d7c96800105c5fb44886e31b,GSM861681,CD56+_5,GSM861681,Public on Aug 03 2012,Jan 12 2012,Aug 03 2012,genomic,1,CD56+ NK cells,Homo sapiens,gender: Male,tissue/cell type: CD56+ NK cells,,,genomic DNA,"Genomic DNA was extracted and purified from all samples using QIAmp DNA Micro Kit (QIAGEN, Germany) according to standard instructions",Cy5 and Cy3,Standard Illumina Protocol,9606,"bisulphite converted DNA was amplified, fragmented and hybridised to Illumina Infinium Human Methylation540 Beadchip using standard Illumina protocol",Arrays were imaged using BeadArray Reader using standard recommended Illumina scanner setting,anti-CD56 magnetic-activated cell sorting,"The raw data from GenomeStudio software (v2011.1) methylation module (v1.9.0) were imported into R v. 2.13 and analyzed with the Bioconductor lumi package. Color channel imbalance adjusted, background corrected, and quantile normalized M values followed by fitting a Gamma distribution.",GPL13534,"Lovisa,E,Reinius",lovisa.reinius@ki.se,Department of Biosciences and Nutrition,Karolinska Institutet,"Novum, Halsovagen 7-9",Huddinge,,14157,Sweden,NONE,,485577,,,cpgcorpus,GSE35069,GPL13534,FlowSorted_BloodCellTypes,,,case,cd56+_5 cd56+ nk cells gender: male,"CpGCorpus,existing",False,True,False,cpgcorpus,2026-02-18T12:11:12.968033,,,,,data/ajhg2020/GSE35069/GPL13534/metadata/metadata.arrow,370d6475631662fa6037da39fd556ad6144d2b88d7c96800105c5fb44886e31b,GSM861681,CD56+_5,GSM861681,Public on Aug 03 2012,Jan 12 2012,Aug 03 2012,genomic,1,CD56+ NK cells,Homo sapiens,gender: Male,tissue/cell type: CD56+ NK cells,,,genomic DNA,"Genomic DNA was extracted and purified from all samples using QIAmp DNA Micro Kit (QIAGEN, Germany) according to standard instructions",Cy5 and Cy3,Standard Illumina Protocol,9606,"bisulphite converted DNA was amplified, fragmented and hybridised to Illumina Infinium Human Methylation540 Beadchip using standard Illumina protocol",Arrays were imaged using BeadArray Reader using standard recommended Illumina scanner setting,anti-CD56 magnetic-activated cell sorting,"The raw data from GenomeStudio software (v2011.1) methylation module (v1.9.0) were imported into R v. 2.13 and analyzed with the Bioconductor lumi package. Color channel imbalance adjusted, background corrected, and quantile normalized M values followed by fitting a Gamma distribution.",GPL13534,"Lovisa,E,Reinius",lovisa.reinius@ki.se,Department of Biosciences and Nutrition,Karolinska Institutet,"Novum, Halsovagen 7-9",Huddinge,,14157,Sweden,NONE,,485577,,,cpgcorpus,GSE35069,GPL13534,FlowSorted_BloodCellTypes,,,case,cd56+_5 cd56+ nk cells gender: male,CpGCorpus,False,True,False,cpgcorpus,2026-02-18T12:11:12.968033,,,,,data/ajhg2020/GSE35069/GPL13534/metadata/metadata.arrow,370d6475631662fa6037da39fd556ad6144d2b88d7c96800105c5fb44886e31b,GSM861681,CD56+_5,GSM861681,Public on Aug 03 2012,Jan 12 2012,Aug 03 2012,genomic,1,CD56+ NK cells,Homo sapiens,gender: Male,tissue/cell type: CD56+ NK cells,,,genomic DNA,"Genomic DNA was extracted and purified from all samples using QIAmp DNA Micro Kit (QIAGEN, Germany) according to standard instructions",Cy5 and Cy3,Standard Illumina Protocol,9606,"bisulphite converted DNA was amplified, fragmented and hybridised to Illumina Infinium Human Methylation540 Beadchip using standard Illumina protocol",Arrays were imaged using BeadArray Reader using standard recommended Illumina scanner setting,anti-CD56 magnetic-activated cell sorting,"The raw data from GenomeStudio software (v2011.1) methylation module (v1.9.0) were imported into R v. 2.13 and analyzed with the Bioconductor lumi package. Color channel imbalance adjusted, background corrected, and quantile normalized M values followed by fitting a Gamma distribution.",GPL13534,"Lovisa,E,Reinius",lovisa.reinius@ki.se,Department of Biosciences and Nutrition,Karolinska Institutet,"Novum, Halsovagen 7-9",Huddinge,,14157,Sweden,NONE,,485577,,,cpgcorpus,,,,Male,CD56+ NK cells,,,,,,,,,,,,Male,CD56+ NK cells,,,,,,,,,,,,Male,CD56+ NK cells,,,,,,,,
GSE35069_GPL13534_sample_47,GSE35069,GPL13534,FlowSorted_BloodCellTypes,,,case,cd56+_6 cd56+ nk cells gender: male,"CpGCorpus,existing",False,True,False,cpgcorpus,2026-02-18T12:11:12.968033,,,,,data/ajhg2020/GSE35069/GPL13534/metadata/metadata.arrow,370d6475631662fa6037da39fd556ad6144d2b88d7c96800105c5fb44886e31b,GSM861682,CD56+_6,GSM861682,Public on Aug 03 2012,Jan 12 2012,Aug 03 2012,genomic,1,CD56+ NK cells,Homo sapiens,gender: Male,tissue/cell type: CD56+ NK cells,,,genomic DNA,"Genomic DNA was extracted and purified from all samples using QIAmp DNA Micro Kit (QIAGEN, Germany) according to standard instructions",Cy5 and Cy3,Standard Illumina Protocol,9606,"bisulphite converted DNA was amplified, fragmented and hybridised to Illumina Infinium Human Methylation540 Beadchip using standard Illumina protocol",Arrays were imaged using BeadArray Reader using standard recommended Illumina scanner setting,anti-CD56 magnetic-activated cell sorting,"The raw data from GenomeStudio software (v2011.1) methylation module (v1.9.0) were imported into R v. 2.13 and analyzed with the Bioconductor lumi package. Color channel imbalance adjusted, background corrected, and quantile normalized M values followed by fitting a Gamma distribution.",GPL13534,"Lovisa,E,Reinius",lovisa.reinius@ki.se,Department of Biosciences and Nutrition,Karolinska Institutet,"Novum, Halsovagen 7-9",Huddinge,,14157,Sweden,NONE,,485577,,,cpgcorpus,GSE35069,GPL13534,FlowSorted_BloodCellTypes,,,case,cd56+_6 cd56+ nk cells gender: male,"CpGCorpus,existing",False,True,False,cpgcorpus,2026-02-18T12:11:12.968033,,,,,data/ajhg2020/GSE35069/GPL13534/metadata/metadata.arrow,370d6475631662fa6037da39fd556ad6144d2b88d7c96800105c5fb44886e31b,GSM861682,CD56+_6,GSM861682,Public on Aug 03 2012,Jan 12 2012,Aug 03 2012,genomic,1,CD56+ NK cells,Homo sapiens,gender: Male,tissue/cell type: CD56+ NK cells,,,genomic DNA,"Genomic DNA was extracted and purified from all samples using QIAmp DNA Micro Kit (QIAGEN, Germany) according to standard instructions",Cy5 and Cy3,Standard Illumina Protocol,9606,"bisulphite converted DNA was amplified, fragmented and hybridised to Illumina Infinium Human Methylation540 Beadchip using standard Illumina protocol",Arrays were imaged using BeadArray Reader using standard recommended Illumina scanner setting,anti-CD56 magnetic-activated cell sorting,"The raw data from GenomeStudio software (v2011.1) methylation module (v1.9.0) were imported into R v. 2.13 and analyzed with the Bioconductor lumi package. Color channel imbalance adjusted, background corrected, and quantile normalized M values followed by fitting a Gamma distribution.",GPL13534,"Lovisa,E,Reinius",lovisa.reinius@ki.se,Department of Biosciences and Nutrition,Karolinska Institutet,"Novum, Halsovagen 7-9",Huddinge,,14157,Sweden,NONE,,485577,,,cpgcorpus,GSE35069,GPL13534,FlowSorted_BloodCellTypes,,,case,cd56+_6 cd56+ nk cells gender: male,CpGCorpus,False,True,False,cpgcorpus,2026-02-18T12:11:12.968033,,,,,data/ajhg2020/GSE35069/GPL13534/metadata/metadata.arrow,370d6475631662fa6037da39fd556ad6144d2b88d7c96800105c5fb44886e31b,GSM861682,CD56+_6,GSM861682,Public on Aug 03 2012,Jan 12 2012,Aug 03 2012,genomic,1,CD56+ NK cells,Homo sapiens,gender: Male,tissue/cell type: CD56+ NK cells,,,genomic DNA,"Genomic DNA was extracted and purified from all samples using QIAmp DNA Micro Kit (QIAGEN, Germany) according to standard instructions",Cy5 and Cy3,Standard Illumina Protocol,9606,"bisulphite converted DNA was amplified, fragmented and hybridised to Illumina Infinium Human Methylation540 Beadchip using standard Illumina protocol",Arrays were imaged using BeadArray Reader using standard recommended Illumina scanner setting,anti-CD56 magnetic-activated cell sorting,"The raw data from GenomeStudio software (v2011.1) methylation module (v1.9.0) were imported into R v. 2.13 and analyzed with the Bioconductor lumi package. Color channel imbalance adjusted, background corrected, and quantile normalized M values followed by fitting a Gamma distribution.",GPL13534,"Lovisa,E,Reinius",lovisa.reinius@ki.se,Department of Biosciences and Nutrition,Karolinska Institutet,"Novum, Halsovagen 7-9",Huddinge,,14157,Sweden,NONE,,485577,,,cpgcorpus,,,,Male,CD56+ NK cells,,,,,,,,,,,,Male,CD56+ NK cells,,,,,,,,,,,,Male,CD56+ NK cells,,,,,,,,
GSE35069_GPL13534_sample_48,GSE35069,GPL13534,FlowSorted_BloodCellTypes,,,case,neu_1 neutrophils gender: male,"CpGCorpus,existing",False,True,False,cpgcorpus,2026-02-18T12:11:12.968033,,,,,data/ajhg2020/GSE35069/GPL13534/metadata/metadata.arrow,370d6475631662fa6037da39fd556ad6144d2b88d7c96800105c5fb44886e31b,GSM861683,Neu_1,GSM861683,Public on Aug 03 2012,Jan 12 2012,Aug 03 2012,genomic,1,Neutrophils,Homo sapiens,gender: Male,tissue/cell type: Neutrophils,,,genomic DNA,"Genomic DNA was extracted and purified from all samples using QIAmp DNA Micro Kit (QIAGEN, Germany) according to standard instructions",Cy5 and Cy3,Standard Illumina Protocol,9606,"bisulphite converted DNA was amplified, fragmented and hybridised to Illumina Infinium Human Methylation540 Beadchip using standard Illumina protocol",Arrays were imaged using BeadArray Reader using standard recommended Illumina scanner setting,anti-CD16 magnetic-activated cell sorting,"The raw data from GenomeStudio software (v2011.1) methylation module (v1.9.0) were imported into R v. 2.13 and analyzed with the Bioconductor lumi package. Color channel imbalance adjusted, background corrected, and quantile normalized M values followed by fitting a Gamma distribution.",GPL13534,"Lovisa,E,Reinius",lovisa.reinius@ki.se,Department of Biosciences and Nutrition,Karolinska Institutet,"Novum, Halsovagen 7-9",Huddinge,,14157,Sweden,NONE,,485577,,,cpgcorpus,GSE35069,GPL13534,FlowSorted_BloodCellTypes,,,case,neu_1 neutrophils gender: male,"CpGCorpus,existing",False,True,False,cpgcorpus,2026-02-18T12:11:12.968033,,,,,data/ajhg2020/GSE35069/GPL13534/metadata/metadata.arrow,370d6475631662fa6037da39fd556ad6144d2b88d7c96800105c5fb44886e31b,GSM861683,Neu_1,GSM861683,Public on Aug 03 2012,Jan 12 2012,Aug 03 2012,genomic,1,Neutrophils,Homo sapiens,gender: Male,tissue/cell type: Neutrophils,,,genomic DNA,"Genomic DNA was extracted and purified from all samples using QIAmp DNA Micro Kit (QIAGEN, Germany) according to standard instructions",Cy5 and Cy3,Standard Illumina Protocol,9606,"bisulphite converted DNA was amplified, fragmented and hybridised to Illumina Infinium Human Methylation540 Beadchip using standard Illumina protocol",Arrays were imaged using BeadArray Reader using standard recommended Illumina scanner setting,anti-CD16 magnetic-activated cell sorting,"The raw data from GenomeStudio software (v2011.1) methylation module (v1.9.0) were imported into R v. 2.13 and analyzed with the Bioconductor lumi package. Color channel imbalance adjusted, background corrected, and quantile normalized M values followed by fitting a Gamma distribution.",GPL13534,"Lovisa,E,Reinius",lovisa.reinius@ki.se,Department of Biosciences and Nutrition,Karolinska Institutet,"Novum, Halsovagen 7-9",Huddinge,,14157,Sweden,NONE,,485577,,,cpgcorpus,GSE35069,GPL13534,FlowSorted_BloodCellTypes,,,case,neu_1 neutrophils gender: male,CpGCorpus,False,True,False,cpgcorpus,2026-02-18T12:11:12.968033,,,,,data/ajhg2020/GSE35069/GPL13534/metadata/metadata.arrow,370d6475631662fa6037da39fd556ad6144d2b88d7c96800105c5fb44886e31b,GSM861683,Neu_1,GSM861683,Public on Aug 03 2012,Jan 12 2012,Aug 03 2012,genomic,1,Neutrophils,Homo sapiens,gender: Male,tissue/cell type: Neutrophils,,,genomic DNA,"Genomic DNA was extracted and purified from all samples using QIAmp DNA Micro Kit (QIAGEN, Germany) according to standard instructions",Cy5 and Cy3,Standard Illumina Protocol,9606,"bisulphite converted DNA was amplified, fragmented and hybridised to Illumina Infinium Human Methylation540 Beadchip using standard Illumina protocol",Arrays were imaged using BeadArray Reader using standard recommended Illumina scanner setting,anti-CD16 magnetic-activated cell sorting,"The raw data from GenomeStudio software (v2011.1) methylation module (v1.9.0) were imported into R v. 2.13 and analyzed with the Bioconductor lumi package. Color channel imbalance adjusted, background corrected, and quantile normalized M values followed by fitting a Gamma distribution.",GPL13534,"Lovisa,E,Reinius",lovisa.reinius@ki.se,Department of Biosciences and Nutrition,Karolinska Institutet,"Novum, Halsovagen 7-9",Huddinge,,14157,Sweden,NONE,,485577,,,cpgcorpus,,,,Male,Neutrophils,,,,,,,,,,,,Male,Neutrophils,,,,,,,,,,,,Male,Neutrophils,,,,,,,,
GSE35069_GPL13534_sample_49,GSE35069,GPL13534,FlowSorted_BloodCellTypes,,,case,neu_2 neutrophils gender: male,"CpGCorpus,existing",False,True,False,cpgcorpus,2026-02-18T12:11:12.968033,,,,,data/ajhg2020/GSE35069/GPL13534/metadata/metadata.arrow,370d6475631662fa6037da39fd556ad6144d2b88d7c96800105c5fb44886e31b,GSM861684,Neu_2,GSM861684,Public on Aug 03 2012,Jan 12 2012,Aug 03 2012,genomic,1,Neutrophils,Homo sapiens,gender: Male,tissue/cell type: Neutrophils,,,genomic DNA,"Genomic DNA was extracted and purified from all samples using QIAmp DNA Micro Kit (QIAGEN, Germany) according to standard instructions",Cy5 and Cy3,Standard Illumina Protocol,9606,"bisulphite converted DNA was amplified, fragmented and hybridised to Illumina Infinium Human Methylation540 Beadchip using standard Illumina protocol",Arrays were imaged using BeadArray Reader using standard recommended Illumina scanner setting,anti-CD16 magnetic-activated cell sorting,"The raw data from GenomeStudio software (v2011.1) methylation module (v1.9.0) were imported into R v. 2.13 and analyzed with the Bioconductor lumi package. Color channel imbalance adjusted, background corrected, and quantile normalized M values followed by fitting a Gamma distribution.",GPL13534,"Lovisa,E,Reinius",lovisa.reinius@ki.se,Department of Biosciences and Nutrition,Karolinska Institutet,"Novum, Halsovagen 7-9",Huddinge,,14157,Sweden,NONE,,485577,,,cpgcorpus,GSE35069,GPL13534,FlowSorted_BloodCellTypes,,,case,neu_2 neutrophils gender: male,"CpGCorpus,existing",False,True,False,cpgcorpus,2026-02-18T12:11:12.968033,,,,,data/ajhg2020/GSE35069/GPL13534/metadata/metadata.arrow,370d6475631662fa6037da39fd556ad6144d2b88d7c96800105c5fb44886e31b,GSM861684,Neu_2,GSM861684,Public on Aug 03 2012,Jan 12 2012,Aug 03 2012,genomic,1,Neutrophils,Homo sapiens,gender: Male,tissue/cell type: Neutrophils,,,genomic DNA,"Genomic DNA was extracted and purified from all samples using QIAmp DNA Micro Kit (QIAGEN, Germany) according to standard instructions",Cy5 and Cy3,Standard Illumina Protocol,9606,"bisulphite converted DNA was amplified, fragmented and hybridised to Illumina Infinium Human Methylation540 Beadchip using standard Illumina protocol",Arrays were imaged using BeadArray Reader using standard recommended Illumina scanner setting,anti-CD16 magnetic-activated cell sorting,"The raw data from GenomeStudio software (v2011.1) methylation module (v1.9.0) were imported into R v. 2.13 and analyzed with the Bioconductor lumi package. Color channel imbalance adjusted, background corrected, and quantile normalized M values followed by fitting a Gamma distribution.",GPL13534,"Lovisa,E,Reinius",lovisa.reinius@ki.se,Department of Biosciences and Nutrition,Karolinska Institutet,"Novum, Halsovagen 7-9",Huddinge,,14157,Sweden,NONE,,485577,,,cpgcorpus,GSE35069,GPL13534,FlowSorted_BloodCellTypes,,,case,neu_2 neutrophils gender: male,CpGCorpus,False,True,False,cpgcorpus,2026-02-18T12:11:12.968033,,,,,data/ajhg2020/GSE35069/GPL13534/metadata/metadata.arrow,370d6475631662fa6037da39fd556ad6144d2b88d7c96800105c5fb44886e31b,GSM861684,Neu_2,GSM861684,Public on Aug 03 2012,Jan 12 2012,Aug 03 2012,genomic,1,Neutrophils,Homo sapiens,gender: Male,tissue/cell type: Neutrophils,,,genomic DNA,"Genomic DNA was extracted and purified from all samples using QIAmp DNA Micro Kit (QIAGEN, Germany) according to standard instructions",Cy5 and Cy3,Standard Illumina Protocol,9606,"bisulphite converted DNA was amplified, fragmented and hybridised to Illumina Infinium Human Methylation540 Beadchip using standard Illumina protocol",Arrays were imaged using BeadArray Reader using standard recommended Illumina scanner setting,anti-CD16 magnetic-activated cell sorting,"The raw data from GenomeStudio software (v2011.1) methylation module (v1.9.0) were imported into R v. 2.13 and analyzed with the Bioconductor lumi package. Color channel imbalance adjusted, background corrected, and quantile normalized M values followed by fitting a Gamma distribution.",GPL13534,"Lovisa,E,Reinius",lovisa.reinius@ki.se,Department of Biosciences and Nutrition,Karolinska Institutet,"Novum, Halsovagen 7-9",Huddinge,,14157,Sweden,NONE,,485577,,,cpgcorpus,,,,Male,Neutrophils,,,,,,,,,,,,Male,Neutrophils,,,,,,,,,,,,Male,Neutrophils,,,,,,,,
GSE35069_GPL13534_sample_50,GSE35069,GPL13534,FlowSorted_BloodCellTypes,,,case,neu_3 neutrophils gender: male,"CpGCorpus,existing",False,True,False,cpgcorpus,2026-02-18T12:11:12.968033,,,,,data/ajhg2020/GSE35069/GPL13534/metadata/metadata.arrow,370d6475631662fa6037da39fd556ad6144d2b88d7c96800105c5fb44886e31b,GSM861685,Neu_3,GSM861685,Public on Aug 03 2012,Jan 12 2012,Aug 03 2012,genomic,1,Neutrophils,Homo sapiens,gender: Male,tissue/cell type: Neutrophils,,,genomic DNA,"Genomic DNA was extracted and purified from all samples using QIAmp DNA Micro Kit (QIAGEN, Germany) according to standard instructions",Cy5 and Cy3,Standard Illumina Protocol,9606,"bisulphite converted DNA was amplified, fragmented and hybridised to Illumina Infinium Human Methylation540 Beadchip using standard Illumina protocol",Arrays were imaged using BeadArray Reader using standard recommended Illumina scanner setting,anti-CD16 magnetic-activated cell sorting,"The raw data from GenomeStudio software (v2011.1) methylation module (v1.9.0) were imported into R v. 2.13 and analyzed with the Bioconductor lumi package. Color channel imbalance adjusted, background corrected, and quantile normalized M values followed by fitting a Gamma distribution.",GPL13534,"Lovisa,E,Reinius",lovisa.reinius@ki.se,Department of Biosciences and Nutrition,Karolinska Institutet,"Novum, Halsovagen 7-9",Huddinge,,14157,Sweden,NONE,,485577,,,cpgcorpus,GSE35069,GPL13534,FlowSorted_BloodCellTypes,,,case,neu_3 neutrophils gender: male,"CpGCorpus,existing",False,True,False,cpgcorpus,2026-02-18T12:11:12.968033,,,,,data/ajhg2020/GSE35069/GPL13534/metadata/metadata.arrow,370d6475631662fa6037da39fd556ad6144d2b88d7c96800105c5fb44886e31b,GSM861685,Neu_3,GSM861685,Public on Aug 03 2012,Jan 12 2012,Aug 03 2012,genomic,1,Neutrophils,Homo sapiens,gender: Male,tissue/cell type: Neutrophils,,,genomic DNA,"Genomic DNA was extracted and purified from all samples using QIAmp DNA Micro Kit (QIAGEN, Germany) according to standard instructions",Cy5 and Cy3,Standard Illumina Protocol,9606,"bisulphite converted DNA was amplified, fragmented and hybridised to Illumina Infinium Human Methylation540 Beadchip using standard Illumina protocol",Arrays were imaged using BeadArray Reader using standard recommended Illumina scanner setting,anti-CD16 magnetic-activated cell sorting,"The raw data from GenomeStudio software (v2011.1) methylation module (v1.9.0) were imported into R v. 2.13 and analyzed with the Bioconductor lumi package. Color channel imbalance adjusted, background corrected, and quantile normalized M values followed by fitting a Gamma distribution.",GPL13534,"Lovisa,E,Reinius",lovisa.reinius@ki.se,Department of Biosciences and Nutrition,Karolinska Institutet,"Novum, Halsovagen 7-9",Huddinge,,14157,Sweden,NONE,,485577,,,cpgcorpus,GSE35069,GPL13534,FlowSorted_BloodCellTypes,,,case,neu_3 neutrophils gender: male,CpGCorpus,False,True,False,cpgcorpus,2026-02-18T12:11:12.968033,,,,,data/ajhg2020/GSE35069/GPL13534/metadata/metadata.arrow,370d6475631662fa6037da39fd556ad6144d2b88d7c96800105c5fb44886e31b,GSM861685,Neu_3,GSM861685,Public on Aug 03 2012,Jan 12 2012,Aug 03 2012,genomic,1,Neutrophils,Homo sapiens,gender: Male,tissue/cell type: Neutrophils,,,genomic DNA,"Genomic DNA was extracted and purified from all samples using QIAmp DNA Micro Kit (QIAGEN, Germany) according to standard instructions",Cy5 and Cy3,Standard Illumina Protocol,9606,"bisulphite converted DNA was amplified, fragmented and hybridised to Illumina Infinium Human Methylation540 Beadchip using standard Illumina protocol",Arrays were imaged using BeadArray Reader using standard recommended Illumina scanner setting,anti-CD16 magnetic-activated cell sorting,"The raw data from GenomeStudio software (v2011.1) methylation module (v1.9.0) were imported into R v. 2.13 and analyzed with the Bioconductor lumi package. Color channel imbalance adjusted, background corrected, and quantile normalized M values followed by fitting a Gamma distribution.",GPL13534,"Lovisa,E,Reinius",lovisa.reinius@ki.se,Department of Biosciences and Nutrition,Karolinska Institutet,"Novum, Halsovagen 7-9",Huddinge,,14157,Sweden,NONE,,485577,,,cpgcorpus,,,,Male,Neutrophils,,,,,,,,,,,,Male,Neutrophils,,,,,,,,,,,,Male,Neutrophils,,,,,,,,
GSE35069_GPL13534_sample_51,GSE35069,GPL13534,FlowSorted_BloodCellTypes,,,case,neu_4 neutrophils gender: male,"CpGCorpus,existing",False,True,False,cpgcorpus,2026-02-18T12:11:12.968033,,,,,data/ajhg2020/GSE35069/GPL13534/metadata/metadata.arrow,370d6475631662fa6037da39fd556ad6144d2b88d7c96800105c5fb44886e31b,GSM861686,Neu_4,GSM861686,Public on Aug 03 2012,Jan 12 2012,Aug 03 2012,genomic,1,Neutrophils,Homo sapiens,gender: Male,tissue/cell type: Neutrophils,,,genomic DNA,"Genomic DNA was extracted and purified from all samples using QIAmp DNA Micro Kit (QIAGEN, Germany) according to standard instructions",Cy5 and Cy3,Standard Illumina Protocol,9606,"bisulphite converted DNA was amplified, fragmented and hybridised to Illumina Infinium Human Methylation540 Beadchip using standard Illumina protocol",Arrays were imaged using BeadArray Reader using standard recommended Illumina scanner setting,anti-CD16 magnetic-activated cell sorting,"The raw data from GenomeStudio software (v2011.1) methylation module (v1.9.0) were imported into R v. 2.13 and analyzed with the Bioconductor lumi package. Color channel imbalance adjusted, background corrected, and quantile normalized M values followed by fitting a Gamma distribution.",GPL13534,"Lovisa,E,Reinius",lovisa.reinius@ki.se,Department of Biosciences and Nutrition,Karolinska Institutet,"Novum, Halsovagen 7-9",Huddinge,,14157,Sweden,NONE,,485577,,,cpgcorpus,GSE35069,GPL13534,FlowSorted_BloodCellTypes,,,case,neu_4 neutrophils gender: male,"CpGCorpus,existing",False,True,False,cpgcorpus,2026-02-18T12:11:12.968033,,,,,data/ajhg2020/GSE35069/GPL13534/metadata/metadata.arrow,370d6475631662fa6037da39fd556ad6144d2b88d7c96800105c5fb44886e31b,GSM861686,Neu_4,GSM861686,Public on Aug 03 2012,Jan 12 2012,Aug 03 2012,genomic,1,Neutrophils,Homo sapiens,gender: Male,tissue/cell type: Neutrophils,,,genomic DNA,"Genomic DNA was extracted and purified from all samples using QIAmp DNA Micro Kit (QIAGEN, Germany) according to standard instructions",Cy5 and Cy3,Standard Illumina Protocol,9606,"bisulphite converted DNA was amplified, fragmented and hybridised to Illumina Infinium Human Methylation540 Beadchip using standard Illumina protocol",Arrays were imaged using BeadArray Reader using standard recommended Illumina scanner setting,anti-CD16 magnetic-activated cell sorting,"The raw data from GenomeStudio software (v2011.1) methylation module (v1.9.0) were imported into R v. 2.13 and analyzed with the Bioconductor lumi package. Color channel imbalance adjusted, background corrected, and quantile normalized M values followed by fitting a Gamma distribution.",GPL13534,"Lovisa,E,Reinius",lovisa.reinius@ki.se,Department of Biosciences and Nutrition,Karolinska Institutet,"Novum, Halsovagen 7-9",Huddinge,,14157,Sweden,NONE,,485577,,,cpgcorpus,GSE35069,GPL13534,FlowSorted_BloodCellTypes,,,case,neu_4 neutrophils gender: male,CpGCorpus,False,True,False,cpgcorpus,2026-02-18T12:11:12.968033,,,,,data/ajhg2020/GSE35069/GPL13534/metadata/metadata.arrow,370d6475631662fa6037da39fd556ad6144d2b88d7c96800105c5fb44886e31b,GSM861686,Neu_4,GSM861686,Public on Aug 03 2012,Jan 12 2012,Aug 03 2012,genomic,1,Neutrophils,Homo sapiens,gender: Male,tissue/cell type: Neutrophils,,,genomic DNA,"Genomic DNA was extracted and purified from all samples using QIAmp DNA Micro Kit (QIAGEN, Germany) according to standard instructions",Cy5 and Cy3,Standard Illumina Protocol,9606,"bisulphite converted DNA was amplified, fragmented and hybridised to Illumina Infinium Human Methylation540 Beadchip using standard Illumina protocol",Arrays were imaged using BeadArray Reader using standard recommended Illumina scanner setting,anti-CD16 magnetic-activated cell sorting,"The raw data from GenomeStudio software (v2011.1) methylation module (v1.9.0) were imported into R v. 2.13 and analyzed with the Bioconductor lumi package. Color channel imbalance adjusted, background corrected, and quantile normalized M values followed by fitting a Gamma distribution.",GPL13534,"Lovisa,E,Reinius",lovisa.reinius@ki.se,Department of Biosciences and Nutrition,Karolinska Institutet,"Novum, Halsovagen 7-9",Huddinge,,14157,Sweden,NONE,,485577,,,cpgcorpus,,,,Male,Neutrophils,,,,,,,,,,,,Male,Neutrophils,,,,,,,,,,,,Male,Neutrophils,,,,,,,,
GSE35069_GPL13534_sample_52,GSE35069,GPL13534,FlowSorted_BloodCellTypes,,,case,neu_5 neutrophils gender: male,"CpGCorpus,existing",False,True,False,cpgcorpus,2026-02-18T12:11:12.968033,,,,,data/ajhg2020/GSE35069/GPL13534/metadata/metadata.arrow,370d6475631662fa6037da39fd556ad6144d2b88d7c96800105c5fb44886e31b,GSM861687,Neu_5,GSM861687,Public on Aug 03 2012,Jan 12 2012,Aug 03 2012,genomic,1,Neutrophils,Homo sapiens,gender: Male,tissue/cell type: Neutrophils,,,genomic DNA,"Genomic DNA was extracted and purified from all samples using QIAmp DNA Micro Kit (QIAGEN, Germany) according to standard instructions",Cy5 and Cy3,Standard Illumina Protocol,9606,"bisulphite converted DNA was amplified, fragmented and hybridised to Illumina Infinium Human Methylation540 Beadchip using standard Illumina protocol",Arrays were imaged using BeadArray Reader using standard recommended Illumina scanner setting,anti-CD16 magnetic-activated cell sorting,"The raw data from GenomeStudio software (v2011.1) methylation module (v1.9.0) were imported into R v. 2.13 and analyzed with the Bioconductor lumi package. Color channel imbalance adjusted, background corrected, and quantile normalized M values followed by fitting a Gamma distribution.",GPL13534,"Lovisa,E,Reinius",lovisa.reinius@ki.se,Department of Biosciences and Nutrition,Karolinska Institutet,"Novum, Halsovagen 7-9",Huddinge,,14157,Sweden,NONE,,485577,,,cpgcorpus,GSE35069,GPL13534,FlowSorted_BloodCellTypes,,,case,neu_5 neutrophils gender: male,"CpGCorpus,existing",False,True,False,cpgcorpus,2026-02-18T12:11:12.968033,,,,,data/ajhg2020/GSE35069/GPL13534/metadata/metadata.arrow,370d6475631662fa6037da39fd556ad6144d2b88d7c96800105c5fb44886e31b,GSM861687,Neu_5,GSM861687,Public on Aug 03 2012,Jan 12 2012,Aug 03 2012,genomic,1,Neutrophils,Homo sapiens,gender: Male,tissue/cell type: Neutrophils,,,genomic DNA,"Genomic DNA was extracted and purified from all samples using QIAmp DNA Micro Kit (QIAGEN, Germany) according to standard instructions",Cy5 and Cy3,Standard Illumina Protocol,9606,"bisulphite converted DNA was amplified, fragmented and hybridised to Illumina Infinium Human Methylation540 Beadchip using standard Illumina protocol",Arrays were imaged using BeadArray Reader using standard recommended Illumina scanner setting,anti-CD16 magnetic-activated cell sorting,"The raw data from GenomeStudio software (v2011.1) methylation module (v1.9.0) were imported into R v. 2.13 and analyzed with the Bioconductor lumi package. Color channel imbalance adjusted, background corrected, and quantile normalized M values followed by fitting a Gamma distribution.",GPL13534,"Lovisa,E,Reinius",lovisa.reinius@ki.se,Department of Biosciences and Nutrition,Karolinska Institutet,"Novum, Halsovagen 7-9",Huddinge,,14157,Sweden,NONE,,485577,,,cpgcorpus,GSE35069,GPL13534,FlowSorted_BloodCellTypes,,,case,neu_5 neutrophils gender: male,CpGCorpus,False,True,False,cpgcorpus,2026-02-18T12:11:12.968033,,,,,data/ajhg2020/GSE35069/GPL13534/metadata/metadata.arrow,370d6475631662fa6037da39fd556ad6144d2b88d7c96800105c5fb44886e31b,GSM861687,Neu_5,GSM861687,Public on Aug 03 2012,Jan 12 2012,Aug 03 2012,genomic,1,Neutrophils,Homo sapiens,gender: Male,tissue/cell type: Neutrophils,,,genomic DNA,"Genomic DNA was extracted and purified from all samples using QIAmp DNA Micro Kit (QIAGEN, Germany) according to standard instructions",Cy5 and Cy3,Standard Illumina Protocol,9606,"bisulphite converted DNA was amplified, fragmented and hybridised to Illumina Infinium Human Methylation540 Beadchip using standard Illumina protocol",Arrays were imaged using BeadArray Reader using standard recommended Illumina scanner setting,anti-CD16 magnetic-activated cell sorting,"The raw data from GenomeStudio software (v2011.1) methylation module (v1.9.0) were imported into R v. 2.13 and analyzed with the Bioconductor lumi package. Color channel imbalance adjusted, background corrected, and quantile normalized M values followed by fitting a Gamma distribution.",GPL13534,"Lovisa,E,Reinius",lovisa.reinius@ki.se,Department of Biosciences and Nutrition,Karolinska Institutet,"Novum, Halsovagen 7-9",Huddinge,,14157,Sweden,NONE,,485577,,,cpgcorpus,,,,Male,Neutrophils,,,,,,,,,,,,Male,Neutrophils,,,,,,,,,,,,Male,Neutrophils,,,,,,,,
GSE35069_GPL13534_sample_53,GSE35069,GPL13534,FlowSorted_BloodCellTypes,,,case,neu_6 neutrophils gender: male,"CpGCorpus,existing",False,True,False,cpgcorpus,2026-02-18T12:11:12.968033,,,,,data/ajhg2020/GSE35069/GPL13534/metadata/metadata.arrow,370d6475631662fa6037da39fd556ad6144d2b88d7c96800105c5fb44886e31b,GSM861688,Neu_6,GSM861688,Public on Aug 03 2012,Jan 12 2012,Aug 03 2012,genomic,1,Neutrophils,Homo sapiens,gender: Male,tissue/cell type: Neutrophils,,,genomic DNA,"Genomic DNA was extracted and purified from all samples using QIAmp DNA Micro Kit (QIAGEN, Germany) according to standard instructions",Cy5 and Cy3,Standard Illumina Protocol,9606,"bisulphite converted DNA was amplified, fragmented and hybridised to Illumina Infinium Human Methylation540 Beadchip using standard Illumina protocol",Arrays were imaged using BeadArray Reader using standard recommended Illumina scanner setting,anti-CD16 magnetic-activated cell sorting,"The raw data from GenomeStudio software (v2011.1) methylation module (v1.9.0) were imported into R v. 2.13 and analyzed with the Bioconductor lumi package. Color channel imbalance adjusted, background corrected, and quantile normalized M values followed by fitting a Gamma distribution.",GPL13534,"Lovisa,E,Reinius",lovisa.reinius@ki.se,Department of Biosciences and Nutrition,Karolinska Institutet,"Novum, Halsovagen 7-9",Huddinge,,14157,Sweden,NONE,,485577,,,cpgcorpus,GSE35069,GPL13534,FlowSorted_BloodCellTypes,,,case,neu_6 neutrophils gender: male,"CpGCorpus,existing",False,True,False,cpgcorpus,2026-02-18T12:11:12.968033,,,,,data/ajhg2020/GSE35069/GPL13534/metadata/metadata.arrow,370d6475631662fa6037da39fd556ad6144d2b88d7c96800105c5fb44886e31b,GSM861688,Neu_6,GSM861688,Public on Aug 03 2012,Jan 12 2012,Aug 03 2012,genomic,1,Neutrophils,Homo sapiens,gender: Male,tissue/cell type: Neutrophils,,,genomic DNA,"Genomic DNA was extracted and purified from all samples using QIAmp DNA Micro Kit (QIAGEN, Germany) according to standard instructions",Cy5 and Cy3,Standard Illumina Protocol,9606,"bisulphite converted DNA was amplified, fragmented and hybridised to Illumina Infinium Human Methylation540 Beadchip using standard Illumina protocol",Arrays were imaged using BeadArray Reader using standard recommended Illumina scanner setting,anti-CD16 magnetic-activated cell sorting,"The raw data from GenomeStudio software (v2011.1) methylation module (v1.9.0) were imported into R v. 2.13 and analyzed with the Bioconductor lumi package. Color channel imbalance adjusted, background corrected, and quantile normalized M values followed by fitting a Gamma distribution.",GPL13534,"Lovisa,E,Reinius",lovisa.reinius@ki.se,Department of Biosciences and Nutrition,Karolinska Institutet,"Novum, Halsovagen 7-9",Huddinge,,14157,Sweden,NONE,,485577,,,cpgcorpus,GSE35069,GPL13534,FlowSorted_BloodCellTypes,,,case,neu_6 neutrophils gender: male,CpGCorpus,False,True,False,cpgcorpus,2026-02-18T12:11:12.968033,,,,,data/ajhg2020/GSE35069/GPL13534/metadata/metadata.arrow,370d6475631662fa6037da39fd556ad6144d2b88d7c96800105c5fb44886e31b,GSM861688,Neu_6,GSM861688,Public on Aug 03 2012,Jan 12 2012,Aug 03 2012,genomic,1,Neutrophils,Homo sapiens,gender: Male,tissue/cell type: Neutrophils,,,genomic DNA,"Genomic DNA was extracted and purified from all samples using QIAmp DNA Micro Kit (QIAGEN, Germany) according to standard instructions",Cy5 and Cy3,Standard Illumina Protocol,9606,"bisulphite converted DNA was amplified, fragmented and hybridised to Illumina Infinium Human Methylation540 Beadchip using standard Illumina protocol",Arrays were imaged using BeadArray Reader using standard recommended Illumina scanner setting,anti-CD16 magnetic-activated cell sorting,"The raw data from GenomeStudio software (v2011.1) methylation module (v1.9.0) were imported into R v. 2.13 and analyzed with the Bioconductor lumi package. Color channel imbalance adjusted, background corrected, and quantile normalized M values followed by fitting a Gamma distribution.",GPL13534,"Lovisa,E,Reinius",lovisa.reinius@ki.se,Department of Biosciences and Nutrition,Karolinska Institutet,"Novum, Halsovagen 7-9",Huddinge,,14157,Sweden,NONE,,485577,,,cpgcorpus,,,,Male,Neutrophils,,,,,,,,,,,,Male,Neutrophils,,,,,,,,,,,,Male,Neutrophils,,,,,,,,
GSE35069_GPL13534_sample_54,GSE35069,GPL13534,FlowSorted_BloodCellTypes,,,case,eos_1 eosinophils gender: male,"CpGCorpus,existing",False,True,False,cpgcorpus,2026-02-18T12:11:12.968033,,,,,data/ajhg2020/GSE35069/GPL13534/metadata/metadata.arrow,370d6475631662fa6037da39fd556ad6144d2b88d7c96800105c5fb44886e31b,GSM861689,Eos_1,GSM861689,Public on Aug 03 2012,Jan 12 2012,Aug 03 2012,genomic,1,Eosinophils,Homo sapiens,gender: Male,tissue/cell type: Eosinophils,,,genomic DNA,"Genomic DNA was extracted and purified from all samples using QIAmp DNA Micro Kit (QIAGEN, Germany) according to standard instructions",Cy5 and Cy3,Standard Illumina Protocol,9606,"bisulphite converted DNA was amplified, fragmented and hybridised to Illumina Infinium Human Methylation540 Beadchip using standard Illumina protocol",Arrays were imaged using BeadArray Reader using standard recommended Illumina scanner setting,"untouched protocol, Eosinophil Isolation kit II (Miltenyi Biotech, Germany)","The raw data from GenomeStudio software (v2011.1) methylation module (v1.9.0) were imported into R v. 2.13 and analyzed with the Bioconductor lumi package. Color channel imbalance adjusted, background corrected, and quantile normalized M values followed by fitting a Gamma distribution.",GPL13534,"Lovisa,E,Reinius",lovisa.reinius@ki.se,Department of Biosciences and Nutrition,Karolinska Institutet,"Novum, Halsovagen 7-9",Huddinge,,14157,Sweden,NONE,,485577,,,cpgcorpus,GSE35069,GPL13534,FlowSorted_BloodCellTypes,,,case,eos_1 eosinophils gender: male,"CpGCorpus,existing",False,True,False,cpgcorpus,2026-02-18T12:11:12.968033,,,,,data/ajhg2020/GSE35069/GPL13534/metadata/metadata.arrow,370d6475631662fa6037da39fd556ad6144d2b88d7c96800105c5fb44886e31b,GSM861689,Eos_1,GSM861689,Public on Aug 03 2012,Jan 12 2012,Aug 03 2012,genomic,1,Eosinophils,Homo sapiens,gender: Male,tissue/cell type: Eosinophils,,,genomic DNA,"Genomic DNA was extracted and purified from all samples using QIAmp DNA Micro Kit (QIAGEN, Germany) according to standard instructions",Cy5 and Cy3,Standard Illumina Protocol,9606,"bisulphite converted DNA was amplified, fragmented and hybridised to Illumina Infinium Human Methylation540 Beadchip using standard Illumina protocol",Arrays were imaged using BeadArray Reader using standard recommended Illumina scanner setting,"untouched protocol, Eosinophil Isolation kit II (Miltenyi Biotech, Germany)","The raw data from GenomeStudio software (v2011.1) methylation module (v1.9.0) were imported into R v. 2.13 and analyzed with the Bioconductor lumi package. Color channel imbalance adjusted, background corrected, and quantile normalized M values followed by fitting a Gamma distribution.",GPL13534,"Lovisa,E,Reinius",lovisa.reinius@ki.se,Department of Biosciences and Nutrition,Karolinska Institutet,"Novum, Halsovagen 7-9",Huddinge,,14157,Sweden,NONE,,485577,,,cpgcorpus,GSE35069,GPL13534,FlowSorted_BloodCellTypes,,,case,eos_1 eosinophils gender: male,CpGCorpus,False,True,False,cpgcorpus,2026-02-18T12:11:12.968033,,,,,data/ajhg2020/GSE35069/GPL13534/metadata/metadata.arrow,370d6475631662fa6037da39fd556ad6144d2b88d7c96800105c5fb44886e31b,GSM861689,Eos_1,GSM861689,Public on Aug 03 2012,Jan 12 2012,Aug 03 2012,genomic,1,Eosinophils,Homo sapiens,gender: Male,tissue/cell type: Eosinophils,,,genomic DNA,"Genomic DNA was extracted and purified from all samples using QIAmp DNA Micro Kit (QIAGEN, Germany) according to standard instructions",Cy5 and Cy3,Standard Illumina Protocol,9606,"bisulphite converted DNA was amplified, fragmented and hybridised to Illumina Infinium Human Methylation540 Beadchip using standard Illumina protocol",Arrays were imaged using BeadArray Reader using standard recommended Illumina scanner setting,"untouched protocol, Eosinophil Isolation kit II (Miltenyi Biotech, Germany)","The raw data from GenomeStudio software (v2011.1) methylation module (v1.9.0) were imported into R v. 2.13 and analyzed with the Bioconductor lumi package. Color channel imbalance adjusted, background corrected, and quantile normalized M values followed by fitting a Gamma distribution.",GPL13534,"Lovisa,E,Reinius",lovisa.reinius@ki.se,Department of Biosciences and Nutrition,Karolinska Institutet,"Novum, Halsovagen 7-9",Huddinge,,14157,Sweden,NONE,,485577,,,cpgcorpus,,,,Male,Eosinophils,,,,,,,,,,,,Male,Eosinophils,,,,,,,,,,,,Male,Eosinophils,,,,,,,,
GSE35069_GPL13534_sample_55,GSE35069,GPL13534,FlowSorted_BloodCellTypes,,,case,eos_2 eosinophils gender: male,"CpGCorpus,existing",False,True,False,cpgcorpus,2026-02-18T12:11:12.968033,,,,,data/ajhg2020/GSE35069/GPL13534/metadata/metadata.arrow,370d6475631662fa6037da39fd556ad6144d2b88d7c96800105c5fb44886e31b,GSM861690,Eos_2,GSM861690,Public on Aug 03 2012,Jan 12 2012,Aug 03 2012,genomic,1,Eosinophils,Homo sapiens,gender: Male,tissue/cell type: Eosinophils,,,genomic DNA,"Genomic DNA was extracted and purified from all samples using QIAmp DNA Micro Kit (QIAGEN, Germany) according to standard instructions",Cy5 and Cy3,Standard Illumina Protocol,9606,"bisulphite converted DNA was amplified, fragmented and hybridised to Illumina Infinium Human Methylation540 Beadchip using standard Illumina protocol",Arrays were imaged using BeadArray Reader using standard recommended Illumina scanner setting,"untouched protocol, Eosinophil Isolation kit II (Miltenyi Biotech, Germany)","The raw data from GenomeStudio software (v2011.1) methylation module (v1.9.0) were imported into R v. 2.13 and analyzed with the Bioconductor lumi package. Color channel imbalance adjusted, background corrected, and quantile normalized M values followed by fitting a Gamma distribution.",GPL13534,"Lovisa,E,Reinius",lovisa.reinius@ki.se,Department of Biosciences and Nutrition,Karolinska Institutet,"Novum, Halsovagen 7-9",Huddinge,,14157,Sweden,NONE,,485577,,,cpgcorpus,GSE35069,GPL13534,FlowSorted_BloodCellTypes,,,case,eos_2 eosinophils gender: male,"CpGCorpus,existing",False,True,False,cpgcorpus,2026-02-18T12:11:12.968033,,,,,data/ajhg2020/GSE35069/GPL13534/metadata/metadata.arrow,370d6475631662fa6037da39fd556ad6144d2b88d7c96800105c5fb44886e31b,GSM861690,Eos_2,GSM861690,Public on Aug 03 2012,Jan 12 2012,Aug 03 2012,genomic,1,Eosinophils,Homo sapiens,gender: Male,tissue/cell type: Eosinophils,,,genomic DNA,"Genomic DNA was extracted and purified from all samples using QIAmp DNA Micro Kit (QIAGEN, Germany) according to standard instructions",Cy5 and Cy3,Standard Illumina Protocol,9606,"bisulphite converted DNA was amplified, fragmented and hybridised to Illumina Infinium Human Methylation540 Beadchip using standard Illumina protocol",Arrays were imaged using BeadArray Reader using standard recommended Illumina scanner setting,"untouched protocol, Eosinophil Isolation kit II (Miltenyi Biotech, Germany)","The raw data from GenomeStudio software (v2011.1) methylation module (v1.9.0) were imported into R v. 2.13 and analyzed with the Bioconductor lumi package. Color channel imbalance adjusted, background corrected, and quantile normalized M values followed by fitting a Gamma distribution.",GPL13534,"Lovisa,E,Reinius",lovisa.reinius@ki.se,Department of Biosciences and Nutrition,Karolinska Institutet,"Novum, Halsovagen 7-9",Huddinge,,14157,Sweden,NONE,,485577,,,cpgcorpus,GSE35069,GPL13534,FlowSorted_BloodCellTypes,,,case,eos_2 eosinophils gender: male,CpGCorpus,False,True,False,cpgcorpus,2026-02-18T12:11:12.968033,,,,,data/ajhg2020/GSE35069/GPL13534/metadata/metadata.arrow,370d6475631662fa6037da39fd556ad6144d2b88d7c96800105c5fb44886e31b,GSM861690,Eos_2,GSM861690,Public on Aug 03 2012,Jan 12 2012,Aug 03 2012,genomic,1,Eosinophils,Homo sapiens,gender: Male,tissue/cell type: Eosinophils,,,genomic DNA,"Genomic DNA was extracted and purified from all samples using QIAmp DNA Micro Kit (QIAGEN, Germany) according to standard instructions",Cy5 and Cy3,Standard Illumina Protocol,9606,"bisulphite converted DNA was amplified, fragmented and hybridised to Illumina Infinium Human Methylation540 Beadchip using standard Illumina protocol",Arrays were imaged using BeadArray Reader using standard recommended Illumina scanner setting,"untouched protocol, Eosinophil Isolation kit II (Miltenyi Biotech, Germany)","The raw data from GenomeStudio software (v2011.1) methylation module (v1.9.0) were imported into R v. 2.13 and analyzed with the Bioconductor lumi package. Color channel imbalance adjusted, background corrected, and quantile normalized M values followed by fitting a Gamma distribution.",GPL13534,"Lovisa,E,Reinius",lovisa.reinius@ki.se,Department of Biosciences and Nutrition,Karolinska Institutet,"Novum, Halsovagen 7-9",Huddinge,,14157,Sweden,NONE,,485577,,,cpgcorpus,,,,Male,Eosinophils,,,,,,,,,,,,Male,Eosinophils,,,,,,,,,,,,Male,Eosinophils,,,,,,,,
GSE35069_GPL13534_sample_56,GSE35069,GPL13534,FlowSorted_BloodCellTypes,,,case,eos_3 eosinophils gender: male,"CpGCorpus,existing",False,True,False,cpgcorpus,2026-02-18T12:11:12.968033,,,,,data/ajhg2020/GSE35069/GPL13534/metadata/metadata.arrow,370d6475631662fa6037da39fd556ad6144d2b88d7c96800105c5fb44886e31b,GSM861691,Eos_3,GSM861691,Public on Aug 03 2012,Jan 12 2012,Aug 03 2012,genomic,1,Eosinophils,Homo sapiens,gender: Male,tissue/cell type: Eosinophils,,,genomic DNA,"Genomic DNA was extracted and purified from all samples using QIAmp DNA Micro Kit (QIAGEN, Germany) according to standard instructions",Cy5 and Cy3,Standard Illumina Protocol,9606,"bisulphite converted DNA was amplified, fragmented and hybridised to Illumina Infinium Human Methylation540 Beadchip using standard Illumina protocol",Arrays were imaged using BeadArray Reader using standard recommended Illumina scanner setting,"untouched protocol, Eosinophil Isolation kit II (Miltenyi Biotech, Germany)","The raw data from GenomeStudio software (v2011.1) methylation module (v1.9.0) were imported into R v. 2.13 and analyzed with the Bioconductor lumi package. Color channel imbalance adjusted, background corrected, and quantile normalized M values followed by fitting a Gamma distribution.",GPL13534,"Lovisa,E,Reinius",lovisa.reinius@ki.se,Department of Biosciences and Nutrition,Karolinska Institutet,"Novum, Halsovagen 7-9",Huddinge,,14157,Sweden,NONE,,485577,,,cpgcorpus,GSE35069,GPL13534,FlowSorted_BloodCellTypes,,,case,eos_3 eosinophils gender: male,"CpGCorpus,existing",False,True,False,cpgcorpus,2026-02-18T12:11:12.968033,,,,,data/ajhg2020/GSE35069/GPL13534/metadata/metadata.arrow,370d6475631662fa6037da39fd556ad6144d2b88d7c96800105c5fb44886e31b,GSM861691,Eos_3,GSM861691,Public on Aug 03 2012,Jan 12 2012,Aug 03 2012,genomic,1,Eosinophils,Homo sapiens,gender: Male,tissue/cell type: Eosinophils,,,genomic DNA,"Genomic DNA was extracted and purified from all samples using QIAmp DNA Micro Kit (QIAGEN, Germany) according to standard instructions",Cy5 and Cy3,Standard Illumina Protocol,9606,"bisulphite converted DNA was amplified, fragmented and hybridised to Illumina Infinium Human Methylation540 Beadchip using standard Illumina protocol",Arrays were imaged using BeadArray Reader using standard recommended Illumina scanner setting,"untouched protocol, Eosinophil Isolation kit II (Miltenyi Biotech, Germany)","The raw data from GenomeStudio software (v2011.1) methylation module (v1.9.0) were imported into R v. 2.13 and analyzed with the Bioconductor lumi package. Color channel imbalance adjusted, background corrected, and quantile normalized M values followed by fitting a Gamma distribution.",GPL13534,"Lovisa,E,Reinius",lovisa.reinius@ki.se,Department of Biosciences and Nutrition,Karolinska Institutet,"Novum, Halsovagen 7-9",Huddinge,,14157,Sweden,NONE,,485577,,,cpgcorpus,GSE35069,GPL13534,FlowSorted_BloodCellTypes,,,case,eos_3 eosinophils gender: male,CpGCorpus,False,True,False,cpgcorpus,2026-02-18T12:11:12.968033,,,,,data/ajhg2020/GSE35069/GPL13534/metadata/metadata.arrow,370d6475631662fa6037da39fd556ad6144d2b88d7c96800105c5fb44886e31b,GSM861691,Eos_3,GSM861691,Public on Aug 03 2012,Jan 12 2012,Aug 03 2012,genomic,1,Eosinophils,Homo sapiens,gender: Male,tissue/cell type: Eosinophils,,,genomic DNA,"Genomic DNA was extracted and purified from all samples using QIAmp DNA Micro Kit (QIAGEN, Germany) according to standard instructions",Cy5 and Cy3,Standard Illumina Protocol,9606,"bisulphite converted DNA was amplified, fragmented and hybridised to Illumina Infinium Human Methylation540 Beadchip using standard Illumina protocol",Arrays were imaged using BeadArray Reader using standard recommended Illumina scanner setting,"untouched protocol, Eosinophil Isolation kit II (Miltenyi Biotech, Germany)","The raw data from GenomeStudio software (v2011.1) methylation module (v1.9.0) were imported into R v. 2.13 and analyzed with the Bioconductor lumi package. Color channel imbalance adjusted, background corrected, and quantile normalized M values followed by fitting a Gamma distribution.",GPL13534,"Lovisa,E,Reinius",lovisa.reinius@ki.se,Department of Biosciences and Nutrition,Karolinska Institutet,"Novum, Halsovagen 7-9",Huddinge,,14157,Sweden,NONE,,485577,,,cpgcorpus,,,,Male,Eosinophils,,,,,,,,,,,,Male,Eosinophils,,,,,,,,,,,,Male,Eosinophils,,,,,,,,
GSE35069_GPL13534_sample_57,GSE35069,GPL13534,FlowSorted_BloodCellTypes,,,case,eos_4 eosinophils gender: male,"CpGCorpus,existing",False,True,False,cpgcorpus,2026-02-18T12:11:12.968033,,,,,data/ajhg2020/GSE35069/GPL13534/metadata/metadata.arrow,370d6475631662fa6037da39fd556ad6144d2b88d7c96800105c5fb44886e31b,GSM861692,Eos_4,GSM861692,Public on Aug 03 2012,Jan 12 2012,Aug 03 2012,genomic,1,Eosinophils,Homo sapiens,gender: Male,tissue/cell type: Eosinophils,,,genomic DNA,"Genomic DNA was extracted and purified from all samples using QIAmp DNA Micro Kit (QIAGEN, Germany) according to standard instructions",Cy5 and Cy3,Standard Illumina Protocol,9606,"bisulphite converted DNA was amplified, fragmented and hybridised to Illumina Infinium Human Methylation540 Beadchip using standard Illumina protocol",Arrays were imaged using BeadArray Reader using standard recommended Illumina scanner setting,"untouched protocol, Eosinophil Isolation kit II (Miltenyi Biotech, Germany)","The raw data from GenomeStudio software (v2011.1) methylation module (v1.9.0) were imported into R v. 2.13 and analyzed with the Bioconductor lumi package. Color channel imbalance adjusted, background corrected, and quantile normalized M values followed by fitting a Gamma distribution.",GPL13534,"Lovisa,E,Reinius",lovisa.reinius@ki.se,Department of Biosciences and Nutrition,Karolinska Institutet,"Novum, Halsovagen 7-9",Huddinge,,14157,Sweden,NONE,,485577,,,cpgcorpus,GSE35069,GPL13534,FlowSorted_BloodCellTypes,,,case,eos_4 eosinophils gender: male,"CpGCorpus,existing",False,True,False,cpgcorpus,2026-02-18T12:11:12.968033,,,,,data/ajhg2020/GSE35069/GPL13534/metadata/metadata.arrow,370d6475631662fa6037da39fd556ad6144d2b88d7c96800105c5fb44886e31b,GSM861692,Eos_4,GSM861692,Public on Aug 03 2012,Jan 12 2012,Aug 03 2012,genomic,1,Eosinophils,Homo sapiens,gender: Male,tissue/cell type: Eosinophils,,,genomic DNA,"Genomic DNA was extracted and purified from all samples using QIAmp DNA Micro Kit (QIAGEN, Germany) according to standard instructions",Cy5 and Cy3,Standard Illumina Protocol,9606,"bisulphite converted DNA was amplified, fragmented and hybridised to Illumina Infinium Human Methylation540 Beadchip using standard Illumina protocol",Arrays were imaged using BeadArray Reader using standard recommended Illumina scanner setting,"untouched protocol, Eosinophil Isolation kit II (Miltenyi Biotech, Germany)","The raw data from GenomeStudio software (v2011.1) methylation module (v1.9.0) were imported into R v. 2.13 and analyzed with the Bioconductor lumi package. Color channel imbalance adjusted, background corrected, and quantile normalized M values followed by fitting a Gamma distribution.",GPL13534,"Lovisa,E,Reinius",lovisa.reinius@ki.se,Department of Biosciences and Nutrition,Karolinska Institutet,"Novum, Halsovagen 7-9",Huddinge,,14157,Sweden,NONE,,485577,,,cpgcorpus,GSE35069,GPL13534,FlowSorted_BloodCellTypes,,,case,eos_4 eosinophils gender: male,CpGCorpus,False,True,False,cpgcorpus,2026-02-18T12:11:12.968033,,,,,data/ajhg2020/GSE35069/GPL13534/metadata/metadata.arrow,370d6475631662fa6037da39fd556ad6144d2b88d7c96800105c5fb44886e31b,GSM861692,Eos_4,GSM861692,Public on Aug 03 2012,Jan 12 2012,Aug 03 2012,genomic,1,Eosinophils,Homo sapiens,gender: Male,tissue/cell type: Eosinophils,,,genomic DNA,"Genomic DNA was extracted and purified from all samples using QIAmp DNA Micro Kit (QIAGEN, Germany) according to standard instructions",Cy5 and Cy3,Standard Illumina Protocol,9606,"bisulphite converted DNA was amplified, fragmented and hybridised to Illumina Infinium Human Methylation540 Beadchip using standard Illumina protocol",Arrays were imaged using BeadArray Reader using standard recommended Illumina scanner setting,"untouched protocol, Eosinophil Isolation kit II (Miltenyi Biotech, Germany)","The raw data from GenomeStudio software (v2011.1) methylation module (v1.9.0) were imported into R v. 2.13 and analyzed with the Bioconductor lumi package. Color channel imbalance adjusted, background corrected, and quantile normalized M values followed by fitting a Gamma distribution.",GPL13534,"Lovisa,E,Reinius",lovisa.reinius@ki.se,Department of Biosciences and Nutrition,Karolinska Institutet,"Novum, Halsovagen 7-9",Huddinge,,14157,Sweden,NONE,,485577,,,cpgcorpus,,,,Male,Eosinophils,,,,,,,,,,,,Male,Eosinophils,,,,,,,,,,,,Male,Eosinophils,,,,,,,,
GSE35069_GPL13534_sample_58,GSE35069,GPL13534,FlowSorted_BloodCellTypes,,,case,eos_5 eosinophils gender: male,"CpGCorpus,existing",False,True,False,cpgcorpus,2026-02-18T12:11:12.968033,,,,,data/ajhg2020/GSE35069/GPL13534/metadata/metadata.arrow,370d6475631662fa6037da39fd556ad6144d2b88d7c96800105c5fb44886e31b,GSM861693,Eos_5,GSM861693,Public on Aug 03 2012,Jan 12 2012,Aug 03 2012,genomic,1,Eosinophils,Homo sapiens,gender: Male,tissue/cell type: Eosinophils,,,genomic DNA,"Genomic DNA was extracted and purified from all samples using QIAmp DNA Micro Kit (QIAGEN, Germany) according to standard instructions",Cy5 and Cy3,Standard Illumina Protocol,9606,"bisulphite converted DNA was amplified, fragmented and hybridised to Illumina Infinium Human Methylation540 Beadchip using standard Illumina protocol",Arrays were imaged using BeadArray Reader using standard recommended Illumina scanner setting,"untouched protocol, Eosinophil Isolation kit II (Miltenyi Biotech, Germany)","The raw data from GenomeStudio software (v2011.1) methylation module (v1.9.0) were imported into R v. 2.13 and analyzed with the Bioconductor lumi package. Color channel imbalance adjusted, background corrected, and quantile normalized M values followed by fitting a Gamma distribution.",GPL13534,"Lovisa,E,Reinius",lovisa.reinius@ki.se,Department of Biosciences and Nutrition,Karolinska Institutet,"Novum, Halsovagen 7-9",Huddinge,,14157,Sweden,NONE,,485577,,,cpgcorpus,GSE35069,GPL13534,FlowSorted_BloodCellTypes,,,case,eos_5 eosinophils gender: male,"CpGCorpus,existing",False,True,False,cpgcorpus,2026-02-18T12:11:12.968033,,,,,data/ajhg2020/GSE35069/GPL13534/metadata/metadata.arrow,370d6475631662fa6037da39fd556ad6144d2b88d7c96800105c5fb44886e31b,GSM861693,Eos_5,GSM861693,Public on Aug 03 2012,Jan 12 2012,Aug 03 2012,genomic,1,Eosinophils,Homo sapiens,gender: Male,tissue/cell type: Eosinophils,,,genomic DNA,"Genomic DNA was extracted and purified from all samples using QIAmp DNA Micro Kit (QIAGEN, Germany) according to standard instructions",Cy5 and Cy3,Standard Illumina Protocol,9606,"bisulphite converted DNA was amplified, fragmented and hybridised to Illumina Infinium Human Methylation540 Beadchip using standard Illumina protocol",Arrays were imaged using BeadArray Reader using standard recommended Illumina scanner setting,"untouched protocol, Eosinophil Isolation kit II (Miltenyi Biotech, Germany)","The raw data from GenomeStudio software (v2011.1) methylation module (v1.9.0) were imported into R v. 2.13 and analyzed with the Bioconductor lumi package. Color channel imbalance adjusted, background corrected, and quantile normalized M values followed by fitting a Gamma distribution.",GPL13534,"Lovisa,E,Reinius",lovisa.reinius@ki.se,Department of Biosciences and Nutrition,Karolinska Institutet,"Novum, Halsovagen 7-9",Huddinge,,14157,Sweden,NONE,,485577,,,cpgcorpus,GSE35069,GPL13534,FlowSorted_BloodCellTypes,,,case,eos_5 eosinophils gender: male,CpGCorpus,False,True,False,cpgcorpus,2026-02-18T12:11:12.968033,,,,,data/ajhg2020/GSE35069/GPL13534/metadata/metadata.arrow,370d6475631662fa6037da39fd556ad6144d2b88d7c96800105c5fb44886e31b,GSM861693,Eos_5,GSM861693,Public on Aug 03 2012,Jan 12 2012,Aug 03 2012,genomic,1,Eosinophils,Homo sapiens,gender: Male,tissue/cell type: Eosinophils,,,genomic DNA,"Genomic DNA was extracted and purified from all samples using QIAmp DNA Micro Kit (QIAGEN, Germany) according to standard instructions",Cy5 and Cy3,Standard Illumina Protocol,9606,"bisulphite converted DNA was amplified, fragmented and hybridised to Illumina Infinium Human Methylation540 Beadchip using standard Illumina protocol",Arrays were imaged using BeadArray Reader using standard recommended Illumina scanner setting,"untouched protocol, Eosinophil Isolation kit II (Miltenyi Biotech, Germany)","The raw data from GenomeStudio software (v2011.1) methylation module (v1.9.0) were imported into R v. 2.13 and analyzed with the Bioconductor lumi package. Color channel imbalance adjusted, background corrected, and quantile normalized M values followed by fitting a Gamma distribution.",GPL13534,"Lovisa,E,Reinius",lovisa.reinius@ki.se,Department of Biosciences and Nutrition,Karolinska Institutet,"Novum, Halsovagen 7-9",Huddinge,,14157,Sweden,NONE,,485577,,,cpgcorpus,,,,Male,Eosinophils,,,,,,,,,,,,Male,Eosinophils,,,,,,,,,,,,Male,Eosinophils,,,,,,,,
GSE35069_GPL13534_sample_59,GSE35069,GPL13534,FlowSorted_BloodCellTypes,,,case,eos_6 eosinophils gender: male,"CpGCorpus,existing",False,True,False,cpgcorpus,2026-02-18T12:11:12.968033,,,,,data/ajhg2020/GSE35069/GPL13534/metadata/metadata.arrow,370d6475631662fa6037da39fd556ad6144d2b88d7c96800105c5fb44886e31b,GSM861694,Eos_6,GSM861694,Public on Aug 03 2012,Jan 12 2012,Aug 03 2012,genomic,1,Eosinophils,Homo sapiens,gender: Male,tissue/cell type: Eosinophils,,,genomic DNA,"Genomic DNA was extracted and purified from all samples using QIAmp DNA Micro Kit (QIAGEN, Germany) according to standard instructions",Cy5 and Cy3,Standard Illumina Protocol,9606,"bisulphite converted DNA was amplified, fragmented and hybridised to Illumina Infinium Human Methylation540 Beadchip using standard Illumina protocol",Arrays were imaged using BeadArray Reader using standard recommended Illumina scanner setting,"untouched protocol, Eosinophil Isolation kit II (Miltenyi Biotech, Germany)","The raw data from GenomeStudio software (v2011.1) methylation module (v1.9.0) were imported into R v. 2.13 and analyzed with the Bioconductor lumi package. Color channel imbalance adjusted, background corrected, and quantile normalized M values followed by fitting a Gamma distribution.",GPL13534,"Lovisa,E,Reinius",lovisa.reinius@ki.se,Department of Biosciences and Nutrition,Karolinska Institutet,"Novum, Halsovagen 7-9",Huddinge,,14157,Sweden,NONE,,485577,,,cpgcorpus,GSE35069,GPL13534,FlowSorted_BloodCellTypes,,,case,eos_6 eosinophils gender: male,"CpGCorpus,existing",False,True,False,cpgcorpus,2026-02-18T12:11:12.968033,,,,,data/ajhg2020/GSE35069/GPL13534/metadata/metadata.arrow,370d6475631662fa6037da39fd556ad6144d2b88d7c96800105c5fb44886e31b,GSM861694,Eos_6,GSM861694,Public on Aug 03 2012,Jan 12 2012,Aug 03 2012,genomic,1,Eosinophils,Homo sapiens,gender: Male,tissue/cell type: Eosinophils,,,genomic DNA,"Genomic DNA was extracted and purified from all samples using QIAmp DNA Micro Kit (QIAGEN, Germany) according to standard instructions",Cy5 and Cy3,Standard Illumina Protocol,9606,"bisulphite converted DNA was amplified, fragmented and hybridised to Illumina Infinium Human Methylation540 Beadchip using standard Illumina protocol",Arrays were imaged using BeadArray Reader using standard recommended Illumina scanner setting,"untouched protocol, Eosinophil Isolation kit II (Miltenyi Biotech, Germany)","The raw data from GenomeStudio software (v2011.1) methylation module (v1.9.0) were imported into R v. 2.13 and analyzed with the Bioconductor lumi package. Color channel imbalance adjusted, background corrected, and quantile normalized M values followed by fitting a Gamma distribution.",GPL13534,"Lovisa,E,Reinius",lovisa.reinius@ki.se,Department of Biosciences and Nutrition,Karolinska Institutet,"Novum, Halsovagen 7-9",Huddinge,,14157,Sweden,NONE,,485577,,,cpgcorpus,GSE35069,GPL13534,FlowSorted_BloodCellTypes,,,case,eos_6 eosinophils gender: male,CpGCorpus,False,True,False,cpgcorpus,2026-02-18T12:11:12.968033,,,,,data/ajhg2020/GSE35069/GPL13534/metadata/metadata.arrow,370d6475631662fa6037da39fd556ad6144d2b88d7c96800105c5fb44886e31b,GSM861694,Eos_6,GSM861694,Public on Aug 03 2012,Jan 12 2012,Aug 03 2012,genomic,1,Eosinophils,Homo sapiens,gender: Male,tissue/cell type: Eosinophils,,,genomic DNA,"Genomic DNA was extracted and purified from all samples using QIAmp DNA Micro Kit (QIAGEN, Germany) according to standard instructions",Cy5 and Cy3,Standard Illumina Protocol,9606,"bisulphite converted DNA was amplified, fragmented and hybridised to Illumina Infinium Human Methylation540 Beadchip using standard Illumina protocol",Arrays were imaged using BeadArray Reader using standard recommended Illumina scanner setting,"untouched protocol, Eosinophil Isolation kit II (Miltenyi Biotech, Germany)","The raw data from GenomeStudio software (v2011.1) methylation module (v1.9.0) were imported into R v. 2.13 and analyzed with the Bioconductor lumi package. Color channel imbalance adjusted, background corrected, and quantile normalized M values followed by fitting a Gamma distribution.",GPL13534,"Lovisa,E,Reinius",lovisa.reinius@ki.se,Department of Biosciences and Nutrition,Karolinska Institutet,"Novum, Halsovagen 7-9",Huddinge,,14157,Sweden,NONE,,485577,,,cpgcorpus,,,,Male,Eosinophils,,,,,,,,,,,,Male,Eosinophils,,,,,,,,,,,,Male,Eosinophils,,,,,,,,
